"발생년","발생년월일시","발생분","주야","요일","사망자수","사상자수","중상자수","경상자수","부상신고자수","발생지시도","발생지시군구","사고유형_대분류","사고유형_중분류","사고유형","법규위반_대분류","법규위반","도로형태_대분류","도로형태","당사자종별_1당_대분류","당사자종별_1당","당사자종별_2당_대분류","당사자종별_2당","발생위치X_UTMK","발생위치Y_UTMK","경도","위도"
"2016","2016-04-02 16:00","13","주간","토","1","1","0","0","0","경북","영덕군","차대차","기타","기타","운전자법규위반","안전운전 의무 불이행","교차로","교차로내","승합차","소형","자전거","자전거","1160790","1826057","129.29346471","36.41858914"
"2016","2016-03-16 17:00","54","주간","수","1","1","0","0","0","전남","곡성군","차량단독","전도전복","전도전복","운전자법규위반","안전운전 의무 불이행","단일로","기타단일로","이륜차","소형","","","987887","1692001","127.36689461","35.22331138"
"2016","2016-03-14 12:00","17","주간","월","1","1","0","0","0","경남","진주시","차대차","측면직각충돌","측면직각충돌","운전자법규위반","안전거리 미확보","교차로","교차로내","승용차","중형","원동기장치자전거","원동기장치자전거","1057328","1687416","128.12962139","35.18040449"
"2016","2016-03-13 01:00","00","야간","일","1","1","0","0","0","서울","영등포구","차대차","추돌","진행중 추돌","운전자법규위반","안전운전 의무 불이행","단일로","기타단일로","승용차","중형","원동기장치자전거","원동기장치자전거","946778","1949116","126.89755629","37.53983293"
"2016","2016-03-13 21:00","00","야간","일","1","1","0","0","0","제주","제주시","차대사람","횡단중","횡단중","운전자법규위반","안전운전 의무 불이행","단일로","기타단일로","승용차","경형","보행자","보행자","909266","1501305","126.52300101","33.49976029"
"2016","2016-03-14 10:00","29","주간","월","1","1","0","0","0","경기","안양시","차대사람","횡단중","횡단중","운전자법규위반","신호위반","교차로","교차로부근","승합차","대형","보행자","보행자","947944","1932952","126.91189653","37.39420952"
"2016","2016-03-24 14:00","30","주간","목","1","1","0","0","0","충북","괴산군","차대사람","횡단중","횡단중","운전자법규위반","보행자 보호의무 위반","교차로","교차로부근","화물차","소형","보행자","보행자","1025326","1868583","127.78395191","36.81509352"
"2016","2016-03-24 09:00","19","주간","목","1","1","0","0","0","전남","목포시","차대차","측면직각충돌","측면직각충돌","운전자법규위반","중앙선 침범","단일로","기타단일로","이륜차","소형","승용차","중형","898037","1644521","126.38548042","34.79013417"
"2016","2016-03-22 20:00","20","야간","화","1","1","0","0","0","서울","도봉구","차대사람","차도통행중","차도통행중","운전자법규위반","안전운전 의무 불이행","단일로","기타단일로","이륜차","소형","보행자","보행자","959236","1962549","127.03782076","37.66154272"
"2016","2016-03-22 09:00","41","주간","화","1","1","0","0","0","인천","남구","차대사람","횡단중","횡단중","운전자법규위반","신호위반","단일로","기타단일로","승합차","대형","보행자","보행자","926575","1939159","126.66988234","37.44870518"
"2016","2016-03-16 19:00","44","야간","수","1","1","0","0","0","경북","경주시","차대사람","횡단중","횡단중","운전자법규위반","과속","단일로","기타단일로","승용차","경형","보행자","보행자","1165176","1744192","129.32524797","35.68013933"
"2016","2016-04-02 04:00","45","야간","토","1","2","0","1","0","인천","남동구","차대차","측면직각충돌","측면직각충돌","운전자법규위반","신호위반","단일로","횡단보도상","승용차","중형","자전거","자전거","930963","1939929","126.71941509","37.45598314"
"2016","2016-04-01 17:00","16","주간","금","1","1","0","0","0","전북","임실군","차량단독","전도전복","전도전복","운전자법규위반","안전운전 의무 불이행","단일로","기타단일로","농기계","농기계","","","973239","1730710","127.20466438","35.57205596"
"2016","2016-03-16 20:00","30","야간","수","1","1","0","0","0","경기","파주시","차대사람","횡단중","횡단중","운전자법규위반","안전운전 의무 불이행","단일로","기타단일로","승용차","중형","보행자","보행자","940950","1974967","126.82949849","37.77246814"
"2016","2016-03-14 11:00","17","주간","월","1","1","0","0","0","경기","성남시","차대차","추돌","진행중 추돌","운전자법규위반","안전운전 의무 불이행","단일로","기타단일로","승합차","대형","농기계","농기계","967081","1932500","127.12811184","37.39101297"
"2016","2016-03-14 11:00","00","주간","월","1","3","2","0","0","경남","밀양시","차대차","정면충돌","정면충돌","운전자법규위반","중앙선 침범","단일로","기타단일로","승용차","중형","화물차","소형","1108396","1722474","128.69505223","35.49223827"
"2016","2016-03-20 12:00","10","주간","일","1","1","0","0","0","전남","고흥군","차량단독","공작물충돌","공작물충돌","운전자법규위반","안전운전 의무 불이행","단일로","기타단일로","승용차","중형","","","992129","1630012","127.41409334","34.66436694"
"2016","2016-03-20 01:00","40","야간","일","1","2","1","0","0","충북","괴산군","차량단독","공작물충돌","공작물충돌","운전자법규위반","안전운전 의무 불이행","교차로","교차로내","승용차","중형","","","1014102","1868176","127.6581029","36.81165845"
"2016","2016-03-20 07:00","03","주간","일","1","2","1","0","0","서울","양천구","차량단독","공작물충돌","공작물충돌","운전자법규위반","안전운전 의무 불이행","단일로","기타단일로","승용차","중형","","","941386","1947250","126.83667436","37.52268751"
"2016","2016-03-16 23:00","10","야간","수","1","1","0","0","0","전북","익산시","차대사람","횡단중","횡단중","운전자법규위반","신호위반","교차로","교차로내","승용차","중형","보행자","보행자","952074","1771248","126.96866932","35.93674511"
"2016","2016-03-17 14:00","05","주간","목","1","4","3","0","0","전남","곡성군","차대차","정면충돌","정면충돌","운전자법규위반","중앙선 침범","단일로","기타단일로","건설기계","건설기계","승용차","경형","990995","1688162","127.40108923","35.18872739"
"2016","2016-03-17 22:00","28","야간","목","1","1","0","0","0","경기","수원시","차대사람","횡단중","횡단중","운전자법규위반","안전운전 의무 불이행","단일로","기타단일로","승용차","중형","보행자","보행자","953977","1921990","126.98073255","37.29572252"
"2016","2016-03-22 21:00","15","야간","화","1","1","0","0","0","경기","포천시","차대사람","기타","기타","운전자법규위반","안전운전 의무 불이행","단일로","기타단일로","승용차","중형","보행자","보행자","970793","1982561","127.16804594","37.84235409"
"2016","2016-03-24 01:00","56","야간","목","1","1","0","0","0","대전","유성구","차량단독","공작물충돌","공작물충돌","운전자법규위반","안전운전 의무 불이행","단일로","기타단일로","승용차","경형","","","988391","1820851","127.37056163","36.38505666"
"2016","2016-03-22 08:00","30","주간","화","1","1","0","0","0","경북","경주시","차대차","추돌","진행중 추돌","운전자법규위반","과속","단일로","기타단일로","승용차","경형","농기계","농기계","1160093","1756668","129.27159306","35.79341167"
"2016","2016-03-22 06:00","15","주간","화","1","4","0","3","0","경기","성남시","차대차","기타","기타","운전자법규위반","안전운전 의무 불이행","교차로","교차로내","승용차","경형","승용차","경형","964965","1930434","127.10430561","37.37231322"
"2016","2016-03-25 04:00","30","야간","금","1","2","1","0","0","경기","화성시","차량단독","공작물충돌","공작물충돌","운전자법규위반","안전운전 의무 불이행","교차로","교차로부근","승용차","경형","","","955862","1911562","127.00261806","37.20181895"
"2016","2016-04-03 02:00","20","야간","일","1","1","0","0","0","충남","서천군","차량단독","기타","기타","운전자법규위반","안전운전 의무 불이행","교차로","교차로내","승용차","소형","","","924651","1784967","126.66336324","36.05869118"
"2016","2016-04-02 16:00","20","주간","토","1","1","0","0","0","충북","충주시","차량단독","기타","기타","운전자법규위반","안전운전 의무 불이행","단일로","기타단일로","원동기장치자전거","원동기장치자전거","","","1038257","1881230","127.92956746","36.92866373"
"2016","2016-04-02 11:00","47","주간","토","1","1","0","0","0","경남","진주시","차량단독","전도전복","전도전복","운전자법규위반","안전운전 의무 불이행","단일로","기타단일로","농기계","농기계","","","1059250","1684884","128.15054726","35.15746287"
"2016","2016-04-01 22:00","05","야간","금","1","1","0","0","0","경기","평택시","차대차","추돌","진행중 추돌","운전자법규위반","안전운전 의무 불이행","교차로","교차로부근","원동기장치자전거","원동기장치자전거","화물차","소형","967482","1888722","127.13454878","36.99641444"
"2016","2016-03-10 19:00","30","야간","목","1","1","0","0","0","충남","보령시","차량단독","전도전복","전도전복","운전자법규위반","안전운전 의무 불이행","단일로","기타단일로","화물차","중형","","","919052","1821291","126.5974473","36.38568363"
"2016","2016-03-14 15:00","40","주간","월","1","2","1","0","0","경기","포천시","차대차","추돌","진행중 추돌","운전자법규위반","신호위반","교차로","교차로내","건설기계","건설기계","화물차","소형","979113","1980293","127.26267203","37.822141"
"2016","2016-03-18 17:00","10","주간","금","1","1","0","0","0","경남","거제시","차대차","정면충돌","정면충돌","운전자법규위반","안전운전 의무 불이행","교차로","교차로내","원동기장치자전거","원동기장치자전거","승합차","중형","1100785","1655312","128.60294249","34.88754312"
"2016","2016-03-23 11:00","20","주간","수","1","1","0","0","0","대전","서구","차대사람","횡단중","횡단중","운전자법규위반","보행자 보호의무 위반","교차로","교차로내","승합차","중형","보행자","보행자","987797","1817890","127.36398513","36.35835483"
"2016","2016-03-26 17:00","55","주간","토","1","1","0","0","0","경북","구미시","차대사람","횡단중","횡단중","운전자법규위반","안전운전 의무 불이행","교차로","교차로부근","화물차","소형","보행자","보행자","1076761","1796474","128.35343491","36.16231377"
"2016","2016-03-25 08:00","13","주간","금","1","1","0","0","0","경기","안산시","차대차","측면직각충돌","측면직각충돌","운전자법규위반","신호위반","교차로","교차로내","승용차","대형","이륜차","소형","940564","1923056","126.82931969","37.30457008"
"2016","2016-03-29 19:00","25","야간","화","1","1","0","0","0","전북","전주시","차대사람","횡단중","횡단중","운전자법규위반","안전운전 의무 불이행","단일로","기타단일로","원동기장치자전거","원동기장치자전거","보행자","보행자","966689","1760275","127.13115363","35.83842117"
"2016","2016-03-30 03:00","30","야간","수","1","4","0","3","0","충북","청주시","차대차","기타","기타","운전자법규위반","중앙선 침범","단일로","기타단일로","승용차","소형","화물차","소형","997256","1850285","127.46930019","36.65047511"
"2016","2016-04-04 19:00","45","야간","월","1","1","0","0","0","경북","경주시","차량단독","전도전복","전도전복","운전자법규위반","안전운전 의무 불이행","교차로","교차로내","화물차","소형","","","1155569","1761804","129.22255076","35.84042511"
"2016","2016-04-03 15:00","30","주간","일","1","2","1","0","0","강원","춘천시","차대차","정면충돌","정면충돌","운전자법규위반","중앙선 침범","단일로","기타단일로","승용차","소형","승용차","대형","1010577","1972405","127.6198142","37.75125891"
"2016","2016-04-01 18:00","25","야간","금","1","3","2","0","0","강원","원주시","차대차","정면충돌","정면충돌","운전자법규위반","중앙선 침범","단일로","기타단일로","승용차","경형","승용차","경형","1051633","1914778","128.08206052","37.23042209"
"2016","2016-04-02 21:00","25","야간","토","1","1","0","0","0","전북","군산시","차대사람","횡단중","횡단중","운전자법규위반","보행자 보호의무 위반","교차로","교차로내","승용차","중형","보행자","보행자","928934","1775963","126.71036782","35.98550097"
"2016","2016-04-02 15:00","10","주간","토","1","1","0","0","0","경북","경주시","차대차","측면직각충돌","측면직각충돌","운전자법규위반","중앙선 침범","단일로","기타단일로","승용차","중형","이륜차","소형","1162689","1760872","129.30116347","35.83087047"
"2016","2016-03-09 05:00","54","야간","수","1","1","0","0","0","인천","남동구","차대차","측면직각충돌","측면직각충돌","운전자법규위반","안전운전 의무 불이행","단일로","기타단일로","건설기계","건설기계","이륜차","소형","930751","1936176","126.71600968","37.41999657"
"2016","2016-03-16 06:00","25","주간","수","1","1","0","0","0","경기","안성시","차대사람","횡단중","횡단중","운전자법규위반","안전운전 의무 불이행","단일로","기타단일로","승용차","중형","보행자","보행자","978783","1890892","127.26149189","37.01629863"
"2016","2016-03-16 13:00","15","주간","수","1","7","3","3","0","경북","경주시","차대차","측면직각충돌","측면직각충돌","운전자법규위반","중앙선 침범","단일로","기타단일로","승용차","경형","화물차","소형","1155689","1763829","129.22427408","35.85865552"
"2016","2016-03-20 02:00","46","야간","일","1","1","0","0","0","경기","파주시","차량단독","전도전복","전도전복","운전자법규위반","안전운전 의무 불이행","단일로","기타단일로","건설기계","건설기계","","","933380","1980491","126.74304122","37.82173236"
"2016","2016-03-23 05:00","20","야간","수","1","1","0","0","0","대구","수성구","차대사람","횡단중","횡단중","운전자법규위반","안전운전 의무 불이행","단일로","기타단일로","화물차","소형","보행자","보행자","1104202","1762661","128.6540263","35.8549574"
"2016","2016-03-21 19:00","15","야간","월","1","1","0","0","0","경남","김해시","차대사람","횡단중","횡단중","운전자법규위반","안전운전 의무 불이행","단일로","기타단일로","승합차","경형","보행자","보행자","1126964","1694343","128.89534062","35.23645873"
"2016","2016-03-31 21:00","15","야간","목","1","1","0","0","0","서울","동작구","차대차","측면직각충돌","측면직각충돌","운전자법규위반","중앙선 침범","단일로","기타단일로","이륜차","소형","승합차","대형","948704","1944431","126.91901842","37.49756884"
"2016","2016-04-04 09:00","27","주간","월","1","1","0","0","0","충남","부여군","차대사람","횡단중","횡단중","운전자법규위반","보행자 보호의무 위반","단일로","횡단보도상","화물차","소형","보행자","보행자","947058","1809516","126.91048959","36.28148373"
"2016","2016-03-29 12:00","30","주간","화","1","4","3","0","0","경남","진주시","차대차","추돌","진행중 추돌","운전자법규위반","안전운전 의무 불이행","단일로","기타단일로","승용차","경형","승용차","중형","1056171","1688162","128.11696579","35.18719629"
"2016","2016-07-28 05:00","00","야간","목","2","2","0","0","0","경북","포항시","차량단독","전도전복","전도전복","운전자법규위반","안전운전 의무 불이행","단일로","기타단일로","원동기장치자전거","원동기장치자전거","","","1147668","1791128","129.14055988","36.10592352"
"2016","2016-07-26 14:00","00","주간","화","1","1","0","0","0","경기","파주시","차대차","정면충돌","정면충돌","운전자법규위반","안전운전 의무 불이행","단일로","기타단일로","원동기장치자전거","원동기장치자전거","화물차","소형","936542","1974443","126.77949582","37.76745016"
"2016","2016-07-27 07:00","10","주간","수","1","1","0","0","0","경기","평택시","차대차","기타","기타","운전자법규위반","안전운전 의무 불이행","교차로","교차로부근","승용차","소형","자전거","자전거","948624","1887502","126.92270561","36.98457573"
"2016","2016-07-31 10:00","10","주간","일","1","1","0","0","0","전북","익산시","차대차","측면직각충돌","측면직각충돌","운전자법규위반","안전거리 미확보","단일로","기타단일로","원동기장치자전거","원동기장치자전거","승용차","중형","950785","1776989","126.95402325","35.98843951"
"2016","2016-07-30 20:00","19","야간","토","1","1","0","0","0","전남","순천시","차대사람","횡단중","횡단중","운전자법규위반","안전운전 의무 불이행","단일로","횡단보도부근","화물차","소형","보행자","보행자","996819","1668678","127.46513481","35.01306987"
"2016","2016-08-03 15:00","56","주간","수","1","1","0","0","0","전남","함평군","차대사람","길가장자리구역통행중","길가장자리구역통행중","운전자법규위반","기타(운전자법규위반)","단일로","기타단일로","승용차","경형","보행자","보행자","905682","1677887","126.46526033","35.09170045"
"2016","2016-08-02 12:00","25","주간","화","4","5","1","0","0","부산","남구","차대차","추돌","진행중 추돌","운전자법규위반","안전운전 의무 불이행","교차로","교차로부근","승용차","대형","특수차","대형","1144335","1680622","129.08378673","35.11043039"
"2016","2016-08-10 12:00","25","주간","수","1","2","0","1","0","전북","군산시","차대차","추돌","진행중 추돌","운전자법규위반","안전운전 의무 불이행","단일로","기타단일로","이륜차","소형","화물차","소형","926565","1773080","126.68571604","35.95167605"
"2016","2016-08-09 19:00","00","야간","화","1","1","0","0","0","경기","여주시","차량단독","도로이탈","도로이탈 기타","운전자법규위반","안전운전 의무 불이행","단일로","기타단일로","승용차","소형","","","1007423","1926017","127.5837939","37.33313111"
"2016","2016-08-10 06:00","13","주간","수","1","1","0","0","0","부산","중구","차대차","측면직각충돌","측면직각충돌","운전자법규위반","신호위반","교차로","교차로내","자전거","자전거","승용차","중형","1139019","1679727","129.02523926","35.10316684"
"2016","2016-08-07 14:00","20","주간","일","1","1","0","0","0","경기","파주시","차량단독","공작물충돌","공작물충돌","운전자법규위반","안전운전 의무 불이행","단일로","기타단일로","화물차","경형","","","942629","1978028","126.84831984","37.80016278"
"2016","2016-08-13 19:00","45","야간","토","1","4","0","3","0","경북","구미시","차대차","정면충돌","정면충돌","운전자법규위반","안전운전 의무 불이행","단일로","기타단일로","화물차","소형","농기계","농기계","1073929","1808845","128.32311897","36.27405468"
"2016","2016-08-11 11:00","53","주간","목","1","1","0","0","0","경기","안양시","차대사람","횡단중","횡단중","운전자법규위반","안전운전 의무 불이행","교차로","교차로내","승용차","중형","보행자","보행자","950062","1933370","126.93579534","37.3980937"
"2016","2016-08-12 00:00","48","야간","금","1","1","0","0","0","인천","계양구","차대사람","횡단중","횡단중","운전자법규위반","안전운전 의무 불이행","단일로","기타단일로","승합차","대형","보행자","보행자","932366","1948849","126.73445691","37.53648162"
"2016","2016-08-16 09:00","35","주간","화","1","1","0","0","0","인천","강화군","차대차","측면직각충돌","측면직각충돌","운전자법규위반","과속","교차로","교차로내","화물차","소형","이륜차","소형","912748","1961972","126.51086508","37.65310029"
"2016","2016-08-15 02:00","58","야간","월","1","1","0","0","0","제주","제주시","차대차","기타","기타","운전자법규위반","안전거리 미확보","교차로","교차로부근","이륜차","소형","이륜차","소형","904447","1500697","126.47137484","33.49386153"
"2016","2016-08-21 14:00","10","주간","일","1","1","0","0","0","충남","예산군","차량단독","전도전복","전도전복","운전자법규위반","앞지르기 방법위반","단일로","기타단일로","승용차","중형","","","921101","1847938","126.6175686","36.62605307"
"2016","2016-08-21 20:00","02","야간","일","1","1","0","0","0","제주","서귀포시","차대사람","횡단중","횡단중","운전자법규위반","안전운전 의무 불이행","단일로","기타단일로","승용차","대형","보행자","보행자","942052","1488017","126.87690091","33.38222658"
"2016","2016-08-20 15:00","15","주간","토","3","4","0","1","0","경남","고성군","차대차","추돌","진행중 추돌","운전자법규위반","기타(운전자법규위반)","교차로","교차로부근","승용차","중형","화물차","대형","1072422","1665234","128.29344405","34.97942638"
"2016","2016-08-18 20:00","00","야간","목","1","2","1","0","0","전남","해남군","차대차","추돌","진행중 추돌","운전자법규위반","안전운전 의무 불이행","단일로","기타단일로","승용차","대형","농기계","농기계","922542","1613691","126.65612767","34.5142988"
"2016","2016-08-22 22:00","10","야간","월","1","1","0","0","0","전남","해남군","차량단독","공작물충돌","공작물충돌","운전자법규위반","안전운전 의무 불이행","단일로","기타단일로","화물차","소형","","","897319","1630878","126.37929522","34.66705524"
"2016","2016-08-23 03:00","20","야간","화","1","2","1","0","0","부산","동래구","차대차","측면직각충돌","측면직각충돌","운전자법규위반","신호위반","교차로","교차로내","승용차","중형","원동기장치자전거","원동기장치자전거","1142876","1691410","129.06953195","35.20809021"
"2016","2016-08-26 20:00","30","야간","금","1","1","0","0","0","충남","논산시","차대사람","횡단중","횡단중","운전자법규위반","안전운전 의무 불이행","교차로","교차로내","화물차","소형","보행자","보행자","956347","1796501","127.01464456","36.16461498"
"2016","2016-08-28 00:00","19","야간","일","1","1","0","0","0","경북","김천시","차대사람","차도통행중","차도통행중","운전자법규위반","안전운전 의무 불이행","단일로","기타단일로","승용차","경형","보행자","보행자","1055605","1792345","128.11794346","36.12653543"
"2016","2016-08-27 08:00","20","주간","토","1","2","0","1","0","경북","경주시","차대차","정면충돌","정면충돌","운전자법규위반","중앙선 침범","단일로","기타단일로","승합차","경형","건설기계","건설기계","1158862","1784943","129.26362626","36.04842004"
"2016","2016-08-26 19:00","38","야간","금","1","1","0","0","0","전남","해남군","차대사람","차도통행중","차도통행중","운전자법규위반","안전운전 의무 불이행","단일로","기타단일로","승용차","대형","보행자","보행자","912942","1608293","126.55210256","34.46485803"
"2016","2016-08-28 12:00","30","주간","일","1","2","1","0","0","경북","안동시","차량단독","공작물충돌","공작물충돌","운전자법규위반","안전운전 의무 불이행","단일로","기타단일로","화물차","소형","","","1131124","1828704","128.96312396","36.44695618"
"2016","2016-08-28 19:00","00","야간","일","1","2","1","0","0","충북","음성군","차대차","기타","기타","운전자법규위반","안전운전 의무 불이행","단일로","기타단일로","승용차","중형","승용차","대형","1016754","1901912","127.68858392","37.11572622"
"2016","2016-09-10 13:00","41","주간","토","2","3","0","1","0","경기","평택시","차대차","정면충돌","정면충돌","운전자법규위반","중앙선 침범","단일로","기타단일로","승용차","경형","승용차","경형","950790","1892221","126.94673497","37.02722865"
"2016","2016-09-11 12:00","30","주간","일","1","1","0","0","0","경북","상주시","차대차","정면충돌","정면충돌","운전자법규위반","안전운전 의무 불이행","단일로","기타단일로","화물차","소형","이륜차","소형","1038241","1822683","127.92646599","36.4008815"
"2016","2016-09-13 14:00","00","주간","화","1","2","0","1","0","서울","강북구","차대사람","횡단중","횡단중","운전자법규위반","안전운전 의무 불이행","단일로","기타단일로","이륜차","소형","보행자","보행자","957398","1959974","127.01713261","37.63825045"
"2016","2016-09-08 14:00","30","주간","목","1","9","8","0","0","전북","정읍시","차대차","정면충돌","정면충돌","운전자법규위반","직진 및 우회전차의 통행방해","교차로","교차로내","화물차","중형","승용차","중형","934417","1736404","126.78460603","35.59371225"
"2016","2016-07-17 21:00","20","야간","일","1","1","0","0","0","강원","원주시","차대차","추돌","진행중 추돌","운전자법규위반","안전운전 의무 불이행","단일로","기타단일로","승용차","중형","건설기계","건설기계","1042811","1926308","127.98327748","37.3347968"
"2016","2016-07-19 14:00","35","주간","화","1","2","0","0","1","경남","거창군","차대차","정면충돌","정면충돌","운전자법규위반","중앙선 침범","단일로","기타단일로","화물차","중형","화물차","중형","1040245","1736635","127.94443758","35.62502099"
"2016","2016-07-23 20:00","30","야간","토","1","1","0","0","0","전남","화순군","차대사람","횡단중","횡단중","운전자법규위반","신호위반","교차로","교차로내","승용차","경형","보행자","보행자","953926","1674047","126.99471905","35.06043685"
"2016","2016-07-22 16:00","10","주간","금","1","2","0","1","0","경기","수원시","차대차","기타","기타","운전자법규위반","기타(운전자법규위반)","단일로","기타단일로","화물차","중형","승용차","중형","959060","1919550","127.03821554","37.2739668"
"2016","2016-07-28 19:00","40","야간","목","1","1","0","0","0","서울","중랑구","차대사람","차도통행중","차도통행중","운전자법규위반","안전운전 의무 불이행","단일로","기타단일로","화물차","소형","보행자","보행자","964725","1955877","127.10037529","37.60163377"
"2016","2016-07-27 15:00","08","주간","수","1","2","1","0","0","경기","수원시","차대차","기타","기타","운전자법규위반","안전운전 의무 불이행","교차로","교차로내","승용차","경형","화물차","중형","954199","1915133","126.9836594","37.23392682"
"2016","2016-07-31 14:00","35","주간","일","1","1","0","0","0","전남","함평군","차대차","측면직각충돌","측면직각충돌","운전자법규위반","신호위반","교차로","교차로내","이륜차","소형","화물차","소형","911612","1675187","126.53059637","35.06789487"
"2016","2016-07-31 14:00","10","주간","일","1","2","0","0","1","대구","달서구","차대차","측면직각충돌","측면직각충돌","운전자법규위반","안전운전 의무 불이행","단일로","기타단일로","승용차","경형","화물차","대형","1091565","1759004","128.51367432","35.82325302"
"2016","2016-07-30 20:00","45","야간","토","1","1","0","0","0","서울","동작구","차대사람","횡단중","횡단중","운전자법규위반","안전운전 의무 불이행","단일로","기타단일로","승용차","중형","보행자","보행자","948961","1945263","126.9225332","37.50522866"
"2016","2016-03-28 10:00","30","주간","월","1","1","0","0","0","경기","남양주시","차대사람","차도통행중","차도통행중","운전자법규위반","안전운전 의무 불이행","교차로","교차로내","승용차","대형","보행자","보행자","970134","1956566","127.16162377","37.60803554"
"2016","2016-04-02 04:00","55","야간","토","1","1","0","0","0","서울","성동구","차대사람","기타","기타","운전자법규위반","안전운전 의무 불이행","단일로","기타단일로","승용차","중형","보행자","보행자","960849","1948397","127.05686546","37.53405749"
"2016","2016-04-02 17:00","00","주간","토","1","1","0","0","0","전북","무주군","차량단독","기타","기타","운전자법규위반","안전운전 의무 불이행","단일로","기타단일로","이륜차","대형","","","1021823","1768883","127.74187903","35.9163544"
"2016","2016-04-07 16:00","00","주간","목","1","1","0","0","0","전북","완주군","차량단독","전도전복","전도전복","운전자법규위반","안전운전 의무 불이행","단일로","기타단일로","승용차","소형","","","978111","1761859","127.2545086","35.85719071"
"2016","2016-03-08 20:00","50","야간","화","1","1","0","0","0","대구","서구","차대사람","횡단중","횡단중","운전자법규위반","안전운전 의무 불이행","단일로","기타단일로","승용차","중형","보행자","보행자","1096897","1765276","128.57359216","35.87924293"
"2016","2016-03-16 05:00","50","야간","수","1","1","0","0","0","경기","안산시","차대사람","횡단중","횡단중","운전자법규위반","과속","교차로","교차로부근","승용차","중형","보행자","보행자","939940","1924301","126.82217814","37.31575156"
"2016","2016-03-16 18:00","40","야간","수","1","1","0","0","0","경기","고양시","차대차","측면직각충돌","측면직각충돌","운전자법규위반","신호위반","교차로","교차로내","화물차","소형","자전거","자전거","947177","1965891","126.9008606","37.69104891"
"2016","2016-03-15 12:00","30","주간","화","1","1","0","0","0","경남","의령군","차대차","추돌","진행중 추돌","운전자법규위반","안전운전 의무 불이행","단일로","기타단일로","화물차","소형","화물차","대형","1064882","1704604","128.21393778","35.33491797"
"2016","2016-03-15 20:00","00","야간","화","1","1","0","0","0","경북","경주시","차대차","추돌","진행중 추돌","운전자법규위반","안전운전 의무 불이행","단일로","기타단일로","승용차","중형","승용차","중형","1156221","1775146","129.23238608","35.9605591"
"2016","2016-03-21 03:00","08","야간","월","1","2","0","1","0","인천","연수구","차대차","기타","기타","운전자법규위반","신호위반","교차로","교차로내","이륜차","소형","승용차","중형","925463","1936846","126.65754542","37.42776965"
"2016","2016-03-18 02:00","00","야간","금","1","3","2","0","0","전남","여수시","차량단독","전도전복","전도전복","운전자법규위반","안전운전 의무 불이행","단일로","기타단일로","승용차","경형","","","1012790","1645304","127.63982618","34.80221766"
"2016","2016-03-18 20:00","35","야간","금","1","1","0","0","0","부산","남구","차대사람","횡단중","횡단중","운전자법규위반","안전운전 의무 불이행","단일로","기타단일로","승용차","중형","보행자","보행자","1146828","1681388","129.11126882","35.11697444"
"2016","2016-03-18 03:00","16","야간","금","1","1","0","0","0","충남","천안시","차대사람","횡단중","횡단중","운전자법규위반","안전운전 의무 불이행","단일로","기타단일로","승용차","소형","보행자","보행자","967018","1866355","127.13030798","36.79477319"
"2016","2016-03-18 10:00","52","주간","금","1","1","0","0","0","경기","부천시","차대차","정면충돌","정면충돌","운전자법규위반","신호위반","교차로","교차로내","승용차","대형","이륜차","소형","937234","1948329","126.78959779","37.53213923"
"2016","2016-03-23 23:00","07","야간","수","1","1","0","0","0","강원","춘천시","차대사람","횡단중","횡단중","운전자법규위반","안전운전 의무 불이행","교차로","교차로부근","승용차","경형","보행자","보행자","1020599","1986007","127.73421844","37.87364816"
"2016","2016-03-23 21:00","50","야간","수","1","2","0","1","0","전남","여수시","차대차","측면직각충돌","측면직각충돌","운전자법규위반","안전운전 의무 불이행","단일로","기타단일로","승용차","경형","승용차","중형","1013020","1645210","127.6423885","34.80143736"
"2016","2016-03-22 09:00","35","주간","화","1","1","0","0","0","충남","논산시","차대차","측면직각충돌","측면직각충돌","운전자법규위반","안전운전 의무 불이행","교차로","교차로부근","건설기계","건설기계","이륜차","소형","960333","1797625","127.05890484","36.17491975"
"2016","2016-03-21 19:00","25","야간","월","1","1","0","0","0","세종","세종","차대차","측면직각충돌","측면직각충돌","운전자법규위반","중앙선 침범","단일로","횡단보도부근","자전거","자전거","승용차","경형","981278","1844449","127.29068164","36.59768372"
"2016","2016-03-27 04:00","40","야간","일","1","1","0","0","0","광주","남구","차량단독","기타","기타","운전자법규위반","안전운전 의무 불이행","고가도로위","고가도로위","승용차","중형","","","943576","1679237","126.88086528","35.10670811"
"2016","2016-04-03 01:00","53","야간","일","1","1","0","0","0","전남","목포시","차량단독","전도전복","전도전복","운전자법규위반","안전운전 의무 불이행","단일로","기타단일로","이륜차","소형","","","901906","1647698","126.42739328","34.81915834"
"2016","2016-04-02 15:00","00","주간","토","1","5","4","0","0","경기","남양주시","차대차","추돌","진행중 추돌","운전자법규위반","안전운전 의무 불이행","단일로","기타단일로","화물차","소형","화물차","소형","981296","1947921","127.28830678","37.53040869"