"발생년","발생년월일시","발생분","주야","요일","사망자수","사상자수","중상자수","경상자수","부상신고자수","발생지시도","발생지시군구","사고유형_대분류","사고유형_중분류","사고유형","법규위반_대분류","법규위반","도로형태_대분류","도로형태","당사자종별_1당_대분류","당사자종별_1당","당사자종별_2당_대분류","당사자종별_2당","발생위치X_UTMK","발생위치Y_UTMK","경도","위도"
"2016","2016-03-14 17:00","55","주간","월","1","1","0","0","0","경기","파주시","차대차","측면직각충돌","측면직각충돌","운전자법규위반","직진 및 우회전차의 통행방해","교차로","교차로내","화물차","소형","화물차","소형","935401","1971080","126.76684097","37.73706107"
"2016","2016-04-26 04:00","10","야간","화","1","1","0","0","0","경북","문경시","차대사람","보도통행중","보도통행중","운전자법규위반","보행자 보호의무 위반","교차로","교차로부근","화물차","대형","보행자","보행자","1064638","1846231","128.22280097","36.61174019"
"2016","2016-04-28 04:00","45","야간","목","1","1","0","0","0","광주","광산구","차대차","추돌","진행중 추돌","운전자법규위반","안전운전 의무 불이행","단일로","기타단일로","승용차","중형","화물차","중형","939953","1689088","126.84039631","35.19532127"
"2016","2016-04-26 16:00","30","주간","화","1","2","1","0","0","경기","시흥시","차대차","측면직각충돌","측면직각충돌","운전자법규위반","직진 및 우회전차의 통행방해","교차로","교차로내","화물차","소형","건설기계","건설기계","928835","1926159","126.69668206","37.3317136"
"2016","2016-04-27 09:00","10","주간","수","1","1","0","0","0","서울","노원구","차대사람","횡단중","횡단중","운전자법규위반","안전운전 의무 불이행","교차로","교차로내","화물차","소형","보행자","보행자","962908","1958414","127.0796626","37.62442889"
"2016","2016-05-02 17:00","10","주간","월","1","1","0","0","0","경북","영주시","차대사람","횡단중","횡단중","운전자법규위반","안전운전 의무 불이행","단일로","기타단일로","승용차","경형","보행자","보행자","1099838","1868387","128.61925459","36.80839838"
"2016","2016-04-30 10:00","42","주간","토","1","1","0","0","0","경기","김포시","차량단독","전도전복","전도전복","운전자법규위반","안전운전 의무 불이행","단일로","기타단일로","승용차","경형","","","925260","1960660","126.65282665","37.64238"
"2016","2016-04-11 02:00","58","야간","월","1","1","0","0","0","경기","용인시","차량단독","공작물충돌","공작물충돌","운전자법규위반","안전운전 의무 불이행","교차로","교차로부근","승용차","중형","","","964937","1916200","127.10466169","37.24401052"
"2016","2016-04-10 17:00","20","주간","일","1","1","0","0","0","부산","사하구","차대차","추돌","진행중 추돌","운전자법규위반","안전운전 의무 불이행","단일로","기타단일로","화물차","소형","화물차","대형","1135987","1677588","128.99171433","35.08424328"
"2016","2016-04-11 04:00","00","야간","월","1","1","0","0","0","경기","용인시","차대차","정면충돌","정면충돌","운전자법규위반","안전운전 의무 불이행","교차로","교차로부근","승용차","경형","건설기계","건설기계","974865","1914981","127.21664037","37.23334331"
"2016","2016-04-09 12:00","20","주간","토","1","1","0","0","0","충북","제천시","차대차","기타","기타","운전자법규위반","안전운전 의무 불이행","단일로","기타단일로","승합차","경형","승용차","경형","1056782","1881358","128.13757462","36.92888318"
"2016","2016-04-08 10:00","35","주간","금","1","2","1","0","0","경북","김천시","차대차","측면직각충돌","측면직각충돌","운전자법규위반","안전운전 의무 불이행","단일로","기타단일로","이륜차","소형","화물차","중형","1062019","1789617","128.18900356","36.10155329"
"2016","2016-04-15 01:00","22","야간","금","1","2","1","0","0","충북","음성군","차대차","정면충돌","정면충돌","운전자법규위반","중앙선 침범","단일로","기타단일로","화물차","소형","화물차","중형","1016991","1901803","127.69124912","37.1147394"
"2016","2016-04-14 23:00","35","야간","목","1","1","0","0","0","인천","남동구","차대사람","횡단중","횡단중","운전자법규위반","안전운전 의무 불이행","단일로","횡단보도상","승용차","중형","보행자","보행자","931344","1933812","126.72429169","37.40087931"
"2016","2016-04-13 05:00","55","야간","수","1","1","0","0","0","경기","성남시","차대차","기타","기타","운전자법규위반","안전운전 의무 불이행","교차로","교차로내","승용차","소형","자전거","자전거","966499","1931546","127.12158029","37.3823931"
"2016","2016-04-17 06:00","45","주간","일","1","2","0","1","0","경기","성남시","차대차","추돌","진행중 추돌","운전자법규위반","과속","교차로","교차로부근","승용차","중형","승용차","경형","969180","1936807","127.15164424","37.4299069"
"2016","2016-04-17 01:00","27","야간","일","1","1","0","0","0","서울","동작구","차대사람","차도통행중","차도통행중","운전자법규위반","안전운전 의무 불이행","단일로","기타단일로","이륜차","소형","보행자","보행자","954060","1942978","126.98036486","37.4849012"
"2016","2016-04-16 12:00","10","주간","토","1","1","0","0","0","충남","아산시","차대차","추돌","진행중 추돌","운전자법규위반","안전운전 의무 불이행","단일로","기타단일로","승용차","중형","화물차","소형","956077","1866998","127.00763788","36.80012507"
"2016","2016-04-21 21:00","50","야간","목","1","1","0","0","0","전북","군산시","차대사람","횡단중","횡단중","운전자법규위반","안전운전 의무 불이행","단일로","기타단일로","승용차","중형","보행자","보행자","931270","1774916","126.73772409","35.96857056"
"2016","2016-04-22 02:00","10","야간","금","1","1","0","0","0","부산","연제구","차대사람","차도통행중","차도통행중","운전자법규위반","안전운전 의무 불이행","단일로","기타단일로","승용차","경형","보행자","보행자","1143705","1688536","129.07825301","35.18185568"
"2016","2016-04-18 21:00","30","야간","월","1","1","0","0","0","전북","완주군","차대사람","길가장자리구역통행중","길가장자리구역통행중","운전자법규위반","안전운전 의무 불이행","교차로","교차로부근","화물차","소형","보행자","보행자","956655","1758054","127.0201727","35.81800454"
"2016","2016-04-24 11:00","50","주간","일","1","2","1","0","0","충북","충주시","차대차","측면직각충돌","측면직각충돌","운전자법규위반","신호위반","교차로","교차로내","원동기장치자전거","원동기장치자전거","승용차","경형","1037102","1889011","127.91698123","36.99884976"
"2016","2016-04-24 01:00","10","야간","일","1","1","0","0","0","경남","창원시(통합)","차량단독","공작물충돌","공작물충돌","운전자법규위반","안전운전 의무 불이행","교차로","교차로부근","승용차","대형","","","1096489","1686970","128.55961406","35.17338447"
"2016","2016-04-23 20:00","53","야간","토","1","1","0","0","0","울산","울주군","차량단독","공작물충돌","공작물충돌","운전자법규위반","안전운전 의무 불이행","단일로","기타단일로","승용차","경형","","","1163081","1717692","129.29676779","35.44166621"
"2016","2016-04-27 08:00","10","주간","수","1","1","0","0","0","부산","연제구","차대사람","기타","기타","운전자법규위반","안전운전 의무 불이행","교차로","교차로내","승용차","경형","보행자","보행자","1146321","1689241","129.10706689","35.18789427"
"2016","2016-05-03 20:00","05","야간","화","2","3","1","0","0","인천","강화군","차대차","추돌","진행중 추돌","운전자법규위반","안전운전 의무 불이행","단일로","기타단일로","화물차","소형","농기계","농기계","908677","1975869","126.46297655","37.77794213"
"2016","2016-05-03 16:00","55","주간","화","1","1","0","0","0","서울","동대문구","차대사람","횡단중","횡단중","운전자법규위반","안전운전 의무 불이행","교차로","교차로부근","승용차","중형","보행자","보행자","960902","1953327","127.05720247","37.57849537"
"2016","2016-05-03 13:00","40","주간","화","1","1","0","0","0","강원","양구군","차대사람","횡단중","횡단중","운전자법규위반","안전운전 의무 불이행","교차로","교차로내","화물차","소형","보행자","보행자","1046418","2011790","128.02944937","38.10506829"
"2016","2016-04-30 23:00","52","야간","토","1","1","0","0","0","경기","군포시","차대차","기타","기타","운전자법규위반","부당한 회전","단일로","기타단일로","승합차","대형","이륜차","소형","951009","1930626","126.94667597","37.37341144"
"2016","2016-04-11 20:00","30","야간","월","1","1","0","0","0","경기","수원시","차대차","기타","기타","운전자법규위반","안전운전 의무 불이행","단일로","기타단일로","승용차","경형","자전거","자전거","957064","1924620","127.01540921","37.31957606"
"2016","2016-04-10 11:00","20","주간","일","2","4","1","1","0","전남","영암군","차대차","측면직각충돌","측면직각충돌","운전자법규위반","신호위반","교차로","교차로내","승용차","중형","승용차","소형","902762","1641733","126.43744193","34.76545889"
"2016","2016-04-08 20:00","40","야간","금","1","1","0","0","0","대구","북구","차대사람","횡단중","횡단중","운전자법규위반","보행자 보호의무 위반","단일로","횡단보도부근","승용차","경형","보행자","보행자","1098346","1766935","128.58978683","35.89411257"
"2016","2016-04-09 05:00","25","야간","토","1","1","0","0","0","광주","서구","차대사람","횡단중","횡단중","운전자법규위반","신호위반","단일로","횡단보도상","승용차","중형","보행자","보행자","943290","1685795","126.87727708","35.16582359"
"2016","2016-04-15 08:00","05","주간","금","1","1","0","0","0","경기","광주시","차대사람","횡단중","횡단중","운전자법규위반","보행자 보호의무 위반","교차로","교차로내","승용차","중형","보행자","보행자","978261","1934338","127.25435765","37.40790997"
"2016","2016-06-14 23:00","20","야간","화","1","1","0","0","0","경북","경산시","차대차","추돌","진행중 추돌","운전자법규위반","안전운전 의무 불이행","교차로","교차로내","승용차","중형","자전거","자전거","1113119","1757374","128.75201186","35.80631118"
"2016","2016-06-18 19:00","00","야간","토","1","1","0","0","0","경기","화성시","차대차","측면직각충돌","측면직각충돌","운전자법규위반","안전거리 미확보","교차로","교차로부근","화물차","대형","원동기장치자전거","원동기장치자전거","958053","1912236","127.0272693","37.20799534"
"2016","2016-06-28 02:00","15","야간","화","1","1","0","0","0","전북","익산시","차대사람","기타","기타","운전자법규위반","안전운전 의무 불이행","단일로","기타단일로","승용차","중형","보행자","보행자","956780","1770779","127.02086608","35.93273632"
"2016","2016-06-28 01:00","45","야간","화","1","1","0","0","0","경기","의정부시","차대사람","횡단중","횡단중","운전자법규위반","안전운전 의무 불이행","교차로","교차로내","승용차","경형","보행자","보행자","961074","1972135","127.05814668","37.74802196"
"2016","2016-06-26 20:00","00","야간","일","1","1","0","0","0","충북","영동군","차량단독","전도전복","전도전복","운전자법규위반","안전운전 의무 불이행","단일로","기타단일로","자전거","자전거","","","1021500","1792921","127.73895253","36.13308405"
"2016","2016-06-25 04:00","30","야간","토","1","1","0","0","0","광주","북구","차량단독","전도전복","전도전복","운전자법규위반","안전운전 의무 불이행","단일로","기타단일로","승용차","소형","","","943262","1688794","126.87676326","35.19286291"
"2016","2016-07-02 10:00","39","주간","토","1","1","0","0","0","부산","동래구","차대사람","길가장자리구역통행중","길가장자리구역통행중","운전자법규위반","안전운전 의무 불이행","단일로","기타단일로","화물차","소형","보행자","보행자","1142181","1690801","129.06190657","35.20249793"
"2016","2016-07-03 02:00","20","야간","일","1","3","1","1","0","대전","중구","차대차","측면직각충돌","측면직각충돌","운전자법규위반","신호위반","교차로","교차로내","화물차","소형","승용차","소형","991491","1814578","127.40519466","36.32853555"
"2016","2016-07-06 08:00","55","주간","수","1","2","1","0","0","경기","이천시","차대차","측면직각충돌","측면직각충돌","운전자법규위반","중앙선 침범","단일로","기타단일로","화물차","소형","승용차","경형","997849","1922881","127.4757277","37.30489057"
"2016","2016-07-06 15:00","15","주간","수","1","1","0","0","0","부산","남구","차대사람","차도통행중","차도통행중","운전자법규위반","안전운전 의무 불이행","단일로","기타단일로","승용차","중형","보행자","보행자","1142726","1684519","129.06690645","35.14481091"
"2016","2016-07-04 11:00","34","주간","월","1","2","0","0","1","경북","청송군","차대차","기타","기타","운전자법규위반","직진 및 우회전차의 통행방해","교차로","교차로내","승용차","소형","원동기장치자전거","원동기장치자전거","1125602","1809023","128.89834746","36.27031642"
"2016","2016-07-03 22:00","30","야간","일","1","1","0","0","0","경북","청도군","차대사람","기타","기타","운전자법규위반","안전운전 의무 불이행","단일로","기타단일로","승용차","경형","보행자","보행자","1134647","1757030","128.99016139","35.80049348"
"2016","2016-07-05 01:00","07","야간","화","1","1","0","0","0","제주","제주시","차대사람","횡단중","횡단중","운전자법규위반","안전운전 의무 불이행","단일로","기타단일로","승용차","중형","보행자","보행자","907360","1501264","126.50263322","33.49927783"
"2016","2016-07-11 08:00","10","주간","월","1","1","0","0","0","경북","군위군","차대차","추돌","진행중 추돌","운전자법규위반","안전운전 의무 불이행","교차로","교차로부근","화물차","소형","자전거","자전거","1109525","1797968","128.71785299","36.17263018"
"2016","2016-07-08 14:00","40","주간","금","1","1","0","0","0","경기","성남시","차대차","측면직각충돌","측면직각충돌","운전자법규위반","과속","단일로","기타단일로","화물차","중형","자전거","자전거","969190","1935941","127.15179342","37.42210144"
"2016","2016-07-08 06:00","55","주간","금","1","1","0","0","0","인천","남동구","차대사람","횡단중","횡단중","운전자법규위반","안전운전 의무 불이행","교차로","교차로내","화물차","대형","보행자","보행자","929004","1932590","126.69797295","37.3896891"
"2016","2016-07-08 17:00","00","주간","금","1","1","0","0","0","충남","태안군","차량단독","전도전복","전도전복","운전자법규위반","안전운전 의무 불이행","단일로","기타단일로","농기계","농기계","","","888792","1864963","126.25380565","36.7762714"
"2016","2016-07-07 14:00","25","주간","목","1","1","0","0","0","충남","아산시","차대차","추돌","진행중 추돌","운전자법규위반","안전운전 의무 불이행","단일로","기타단일로","원동기장치자전거","원동기장치자전거","승합차","대형","960457","1863587","127.05691187","36.76956977"
"2016","2016-07-07 09:00","40","주간","목","1","2","1","0","0","경북","청송군","차대차","추돌","진행중 추돌","운전자법규위반","안전운전 의무 불이행","단일로","기타단일로","승용차","대형","화물차","소형","1126508","1800474","128.90704998","36.19314708"
"2016","2016-07-15 16:00","10","주간","금","1","2","1","0","0","경남","양산시","차대차","측면직각충돌","측면직각충돌","운전자법규위반","안전운전 의무 불이행","단일로","기타단일로","건설기계","건설기계","이륜차","소형","1140607","1710378","129.0479831","35.37917212"
"2016","2016-07-15 18:00","34","야간","금","1","1","0","0","0","경북","성주군","차량단독","전도전복","전도전복","운전자법규위반","안전운전 의무 불이행","단일로","기타단일로","화물차","중형","","","1060987","1760374","128.17529026","35.83798251"
"2016","2016-07-21 09:00","35","주간","목","1","3","2","0","0","경기","성남시","차대차","기타","기타","운전자법규위반","기타(운전자법규위반)","단일로","기타단일로","승용차","중형","화물차","소형","968370","1938369","127.14242207","37.44395879"
"2016","2016-07-21 06:00","45","주간","목","1","1","0","0","0","충남","천안시","차대차","기타","기타","운전자법규위반","중앙선 침범","교차로","교차로부근","이륜차","대형","건설기계","건설기계","967266","1869843","127.13293767","36.82622449"
"2016","2016-07-20 08:00","15","주간","수","1","1","0","0","0","경기","안산시","차량단독","전도전복","전도전복","운전자법규위반","안전운전 의무 불이행","단일로","기타단일로","자전거","자전거","","","937410","1925222","126.79354945","37.32388578"
"2016","2016-07-21 04:00","00","야간","목","1","1","0","0","0","서울","영등포구","차대사람","횡단중","횡단중","운전자법규위반","신호위반","단일로","기타단일로","승용차","중형","보행자","보행자","948537","1947079","126.91760901","37.52157304"
"2016","2016-07-21 16:00","30","주간","목","1","2","1","0","0","대구","북구","차대사람","길가장자리구역통행중","길가장자리구역통행중","운전자법규위반","안전운전 의무 불이행","단일로","기타단일로","화물차","소형","보행자","보행자","1098627","1767219","128.59293047","35.89566263"
"2016","2016-06-08 04:00","55","야간","수","1","1","0","0","0","대전","서구","차대사람","횡단중","횡단중","운전자법규위반","안전운전 의무 불이행","교차로","교차로내","승용차","중형","보행자","보행자","989377","1814580","127.38164097","36.32853258"
"2016","2016-06-08 10:00","45","주간","수","1","1","0","0","0","경기","여주시","차대사람","기타","기타","운전자법규위반","안전운전 의무 불이행","교차로","교차로내","승용차","경형","보행자","보행자","1015594","1919527","127.67589493","37.27452947"
"2016","2016-06-06 06:00","10","주간","월","1","1","0","0","0","전남","여수시","차대사람","길가장자리구역통행중","길가장자리구역통행중","운전자법규위반","안전운전 의무 불이행","단일로","기타단일로","승합차","소형","보행자","보행자","1019441","1636715","127.71233919","34.72465911"
"2016","2016-06-06 15:00","30","주간","월","1","1","0","0","0","전남","영광군","차량단독","전도전복","전도전복","운전자법규위반","안전운전 의무 불이행","교차로","교차로내","이륜차","소형","","","902844","1691381","126.43254216","35.21308792"
"2016","2016-06-10 16:00","10","주간","금","1","2","1","0","0","충북","충주시","차대차","측면직각충돌","측면직각충돌","운전자법규위반","안전운전 의무 불이행","교차로","교차로부근","승용차","경형","원동기장치자전거","원동기장치자전거","1040851","1897818","127.95959248","37.07808129"
"2016","2016-06-11 13:00","00","주간","토","1","1","0","0","0","충남","부여군","차대차","측면직각충돌","측면직각충돌","운전자법규위반","안전운전 의무 불이행","단일로","기타단일로","이륜차","소형","건설기계","건설기계","949855","1804039","126.94198415","36.23225735"
"2016","2016-06-16 21:00","23","야간","목","1","2","1","0","0","경기","의왕시","차대사람","횡단중","횡단중","운전자법규위반","안전운전 의무 불이행","단일로","기타단일로","승합차","대형","보행자","보행자","953093","1928444","126.97035081","37.35385178"
"2016","2016-06-17 09:00","24","주간","금","1","1","0","0","0","서울","동작구","차량단독","기타","기타","운전자법규위반","안전운전 의무 불이행","기타/불명","기타/불명","자전거","자전거","","","951559","1946370","126.95185333","37.51534635"
"2016","2016-06-25 06:00","58","주간","토","1","1","0","0","0","경기","남양주시","차대사람","차도통행중","차도통행중","운전자법규위반","안전운전 의무 불이행","단일로","기타단일로","승용차","중형","보행자","보행자","986912","1959368","127.35166426","37.63368318"
"2016","2016-06-24 00:00","59","야간","금","1","1","0","0","0","부산","사하구","차대사람","기타","기타","운전자법규위반","안전운전 의무 불이행","단일로","기타단일로","화물차","중형","보행자","보행자","1136255","1679424","128.99719277","35.10180162"
"2016","2016-06-24 05:00","00","야간","금","1","1","0","0","0","서울","강남구","차량단독","기타","기타","운전자법규위반","안전운전 의무 불이행","단일로","기타단일로","이륜차","소형","","","963353","1943497","127.08545088","37.48999472"
"2016","2016-06-28 21:00","00","야간","화","1","1","0","0","0","경북","경주시","차대사람","횡단중","횡단중","운전자법규위반","안전운전 의무 불이행","교차로","교차로내","승용차","경형","보행자","보행자","1151331","1762194","129.17571736","35.84460331"
"2016","2016-06-25 09:00","50","주간","토","1","1","0","0","0","경남","밀양시","차량단독","공작물충돌","공작물충돌","운전자법규위반","안전운전 의무 불이행","단일로","기타단일로","승용차","중형","","","1104401","1721978","128.65095218","35.48819503"
"2016","2016-07-05 11:00","47","주간","화","1","1","0","0","0","경남","함안군","차대차","측면직각충돌","측면직각충돌","운전자법규위반","안전거리 미확보","교차로","교차로부근","이륜차","소형","승용차","대형","1080979","1703070","128.39089432","35.31991194"
"2016","2016-07-03 09:00","50","주간","일","1","1","0","0","0","경기","동두천시","차대차","측면직각충돌","측면직각충돌","운전자법규위반","신호위반","교차로","교차로내","승합차","중형","이륜차","소형","960637","1988546","127.0522938","37.89591393"
"2016","2016-07-07 19:00","08","야간","목","1","1","0","0","0","충북","단양군","차대차","정면충돌","정면충돌","운전자법규위반","중앙선 침범","단일로","기타단일로","이륜차","소형","승용차","경형","1079223","1889764","128.39041086","37.00303008"
"2016","2016-09-09 08:00","30","주간","금","1","2","0","1","0","전북","군산시","차대차","정면충돌","정면충돌","운전자법규위반","직진 및 우회전차의 통행방해","교차로","교차로내","이륜차","소형","승용차","경형","931123","1775913","126.73600725","35.97754833"
"2016","2016-11-04 20:00","40","야간","금","1","1","0","0","0","경기","안성시","차대사람","기타","기타","운전자법규위반","안전운전 의무 불이행","단일로","기타단일로","승용차","소형","보행자","보행자","990444","1897261","127.39249622","37.07390204"
"2016","2016-10-29 19:00","10","야간","토","2","3","1","0","0","전북","고창군","차대사람","횡단중","횡단중","운전자법규위반","과속","단일로","기타단일로","승용차","경형","보행자","보행자","932726","1728396","126.75777689","35.54926895"
"2016","2016-12-05 18:00","03","야간","월","1","1","0","0","0","경남","함안군","차량단독","공작물충돌","공작물충돌","운전자법규위반","안전운전 의무 불이행","단일로","기타단일로","승용차","경형","","","1090711","1705174","128.49818086","35.33804451"
"2016","2016-12-10 23:00","03","야간","토","1","1","0","0","0","서울","강북구","차대차","정면충돌","정면충돌","운전자법규위반","신호위반","교차로","교차로내","이륜차","소형","승합차","대형","960058","1958662","127.04735291","37.6265447"
"2016","2016-12-09 18:00","25","야간","금","1","1","0","0","0","경북","구미시","차대차","기타","기타","운전자법규위반","안전운전 의무 불이행","기타/불명","기타/불명","승용차","경형","건설기계","건설기계","1075828","1807090","128.34408995","36.25808675"
"2016","2016-12-09 06:00","45","주간","금","1","1","0","0","0","대전","중구","차대사람","횡단중","횡단중","운전자법규위반","안전운전 의무 불이행","단일로","기타단일로","승용차","중형","보행자","보행자","994455","1813016","127.43822996","36.31447504"
"2016","2016-12-09 19:00","28","야간","금","1","1","0","0","0","강원","홍천군","차대사람","횡단중","횡단중","운전자법규위반","안전운전 의무 불이행","단일로","기타단일로","승용차","경형","보행자","보행자","1060995","1965646","128.19180316","37.68833346"
"2016","2016-12-28 19:00","22","야간","수","1","1","0","0","0","충남","공주시","차대사람","횡단중","횡단중","운전자법규위반","안전운전 의무 불이행","교차로","교차로부근","승용차","대형","보행자","보행자","977975","1821374","127.25441092","36.38958935"
"2016","2016-12-29 07:00","10","주간","목","1","1","0","0","0","제주","서귀포시","차대사람","횡단중","횡단중","운전자법규위반","보행자 보호의무 위반","단일로","기타단일로","화물차","소형","보행자","보행자","900562","1473966","126.4882424","33.25055837"
"2016","2016-12-21 00:00","30","야간","수","1","1","0","0","0","경기","군포시","차대차","측면직각충돌","측면직각충돌","운전자법규위반","신호위반","교차로","교차로내","승용차","중형","이륜차","대형","950311","1927257","126.93901888","37.34300798"
"2016","2016-12-23 05:00","15","야간","금","1","1","0","0","0","서울","서대문구","차대사람","횡단중","횡단중","운전자법규위반","안전운전 의무 불이행","단일로","기타단일로","승용차","중형","보행자","보행자","948137","1953887","126.91272476","37.58274847"
"2016","2016-12-27 05:00","44","야간","화","1","1","0","0","0","전남","광양시","차대사람","횡단중","횡단중","운전자법규위반","안전운전 의무 불이행","단일로","기타단일로","승용차","중형","보행자","보행자","1007353","1662505","127.58053762","34.95738337"
"2016","2016-10-03 20:00","20","야간","월","1","1","0","0","0","전남","순천시","차대사람","횡단중","횡단중","운전자법규위반","안전운전 의무 불이행","교차로","교차로내","승용차","경형","보행자","보행자","1002469","1661125","127.50916705","34.95164393"
"2016","2016-09-30 16:00","05","주간","금","1","1","0","0","0","충북","단양군","차대차","측면직각충돌","측면직각충돌","운전자법규위반","안전거리 미확보","단일로","기타단일로","승용차","중형","이륜차","소형","1076865","1888371","128.36376935","36.99067025"
"2016","2016-09-30 10:00","25","주간","금","1","1","0","0","0","경기","안성시","차대사람","차도통행중","차도통행중","운전자법규위반","안전운전 의무 불이행","교차로","교차로내","승용차","소형","보행자","보행자","979407","1889601","127.26854174","37.00467501"
"2016","2016-11-07 22:00","14","야간","월","1","1","0","0","0","경기","양평군","차대사람","기타","기타","운전자법규위반","안전운전 의무 불이행","단일로","기타단일로","승용차","중형","보행자","보행자","1007959","1943767","127.59003578","37.49312141"
"2016","2016-11-11 14:00","27","주간","금","1","1","0","0","0","경남","밀양시","차량단독","공작물충돌","공작물충돌","운전자법규위반","안전운전 의무 불이행","단일로","기타단일로","화물차","소형","","","1123040","1728680","128.8574041","35.54647317"
"2016","2016-11-06 15:00","34","주간","일","1","1","0","0","0","전남","장성군","차대차","추돌","진행중 추돌","운전자법규위반","안전운전 의무 불이행","단일로","기타단일로","농기계","농기계","농기계","농기계","922197","1693748","126.64492698","35.236117"
"2016","2016-11-05 20:00","08","야간","토","1","1","0","0","0","대구","수성구","차대사람","횡단중","횡단중","운전자법규위반","안전운전 의무 불이행","단일로","횡단보도상","승용차","대형","보행자","보행자","1101491","1760064","128.62374603","35.83184347"
"2016","2016-11-07 18:00","14","야간","월","1","1","0","0","0","경기","포천시","차대차","추돌","진행중 추돌","운전자법규위반","안전운전 의무 불이행","단일로","기타단일로","승용차","경형","이륜차","소형","968179","1980171","127.138442","37.82072558"
"2016","2016-11-07 18:00","45","야간","월","1","1","0","0","0","부산","금정구","차대사람","횡단중","횡단중","운전자법규위반","신호위반","단일로","횡단보도상","자전거","자전거","보행자","보행자","1144808","1696112","129.09154681","35.24991436"
"2016","2016-11-07 19:00","50","야간","월","1","1","0","0","0","경기","고양시","차대사람","횡단중","횡단중","운전자법규위반","안전운전 의무 불이행","교차로","교차로내","승합차","소형","보행자","보행자","932490","1966517","126.73422898","37.6957268"
"2016","2016-11-18 08:00","35","주간","금","1","1","0","0","0","울산","남구","차대차","기타","기타","운전자법규위반","안전운전 의무 불이행","교차로","교차로부근","이륜차","소형","화물차","대형","1166796","1725821","129.33934825","35.51430939"
"2016","2016-11-15 12:00","40","주간","화","1","2","0","1","0","경북","안동시","차대사람","횡단중","횡단중","운전자법규위반","신호위반","단일로","횡단보도상","원동기장치자전거","원동기장치자전거","보행자","보행자","1112206","1840709","128.75382397","36.55755811"
"2016","2016-11-14 06:00","35","주간","월","1","3","0","2","0","충북","충주시","차대차","정면충돌","정면충돌","운전자법규위반","안전운전 의무 불이행","단일로","기타단일로","화물차","소형","승용차","경형","1026138","1893780","127.79392685","37.04227808"
"2016","2016-11-15 16:00","05","주간","화","1","1","0","0","0","전북","남원시","차대사람","기타","기타","운전자법규위반","안전운전 의무 불이행","단일로","기타단일로","승용차","중형","보행자","보행자","992891","1716105","127.42167229","35.44070363"
"2016","2016-11-26 22:00","25","야간","토","1","1","0","0","0","부산","해운대구","차대사람","횡단중","횡단중","운전자법규위반","신호위반","단일로","기타단일로","승용차","경형","보행자","보행자","1148079","1693658","129.12718938","35.22739196"
"2016","2016-11-23 23:00","00","야간","수","1","1","0","0","0","충북","청주시","차량단독","공작물충돌","공작물충돌","운전자법규위반","안전운전 의무 불이행","단일로","기타단일로","화물차","소형","","","982751","1848550","127.3070581","36.63468186"
"2016","2016-11-26 07:00","25","주간","토","1","1","0","0","0","대구","달성군","차대차","측면직각충돌","측면직각충돌","운전자법규위반","부당한 회전","교차로","교차로내","자전거","자전거","승용차","경형","1084992","1745427","128.43947646","35.70144685"
"2016","2016-11-22 18:00","16","야간","화","1","1","0","0","0","경기","고양시","차대차","기타","기타","운전자법규위반","신호위반","교차로","교차로내","화물차","중형","이륜차","소형","934143","1966354","126.75299234","37.69437801"
"2016","2016-10-30 15:00","32","주간","일","1","1","0","0","0","경북","구미시","차대차","기타","기타","운전자법규위반","안전거리 미확보","단일로","기타단일로","승용차","중형","이륜차","소형","1074965","1793513","128.33318637","36.13576171"
"2016","2016-11-04 11:00","00","주간","금","1","1","0","0","0","부산","진구","차대사람","보도통행중","보도통행중","운전자법규위반","보행자 보호의무 위반","단일로","기타단일로","화물차","중형","보행자","보행자","1141308","1685824","129.05185277","35.15780483"
"2016","2016-10-31 23:00","20","야간","월","1","1","0","0","0","충남","천안시","차대차","추돌","진행중 추돌","운전자법규위반","안전운전 의무 불이행","단일로","기타단일로","승용차","중형","화물차","중형","970559","1875625","127.16963888","36.87845461"
"2016","2016-11-03 05:00","35","야간","목","1","1","0","0","0","서울","용산구","차대사람","횡단중","횡단중","운전자법규위반","안전운전 의무 불이행","단일로","기타단일로","화물차","소형","보행자","보행자","952541","1947306","126.96290449","37.52383378"
"2016","2016-10-31 15:00","25","주간","월","1","1","0","0","0","전남","담양군","차대차","기타","기타","운전자법규위반","안전운전 의무 불이행","교차로","교차로부근","화물차","소형","자전거","자전거","952725","1702799","126.97989901","35.31963194"
"2016","2016-10-31 06:00","00","주간","월","1","1","0","0","0","인천","계양구","차대사람","횡단중","횡단중","운전자법규위반","안전운전 의무 불이행","교차로","교차로부근","화물차","소형","보행자","보행자","932651","1949567","126.73761665","37.54297368"
"2016","2016-11-05 13:00","55","주간","토","1","1","0","0","0","대구","동구","차량단독","공작물충돌","공작물충돌","운전자법규위반","안전운전 의무 불이행","단일로","기타단일로","자전거","자전거","","","1104997","1777058","128.66473062","35.98464995"