"발생년","발생년월일시","발생분","주야","요일","사망자수","사상자수","중상자수","경상자수","부상신고자수","발생지시도","발생지시군구","사고유형_대분류","사고유형_중분류","사고유형","법규위반_대분류","법규위반","도로형태_대분류","도로형태","당사자종별_1당_대분류","당사자종별_1당","당사자종별_2당_대분류","당사자종별_2당","발생위치X_UTMK","발생위치Y_UTMK","경도","위도"
"2016","2016-11-15 07:00","30","주간","화","1","2","0","1","0","서울","영등포구","차대차","측면직각충돌","측면직각충돌","운전자법규위반","신호위반","교차로","교차로내","승용차","경형","이륜차","소형","949585","1947918","126.92941077","37.52919298"
"2016","2016-11-19 03:00","20","야간","토","2","3","1","0","0","대전","유성구","차대차","정면충돌","정면충돌","운전자법규위반","중앙선 침범","단일로","기타단일로","승용차","경형","승용차","경형","989594","1825201","127.38391653","36.42428706"
"2016","2016-11-17 15:00","43","주간","목","1","1","0","0","0","서울","은평구","차대사람","기타","기타","운전자법규위반","안전운전 의무 불이행","교차로","교차로부근","승용차","중형","보행자","보행자","949406","1956668","126.9267809","37.60804789"
"2016","2016-11-17 18:00","45","야간","목","1","1","0","0","0","경북","울진군","차대사람","횡단중","횡단중","운전자법규위반","안전운전 의무 불이행","단일로","기타단일로","승용차","경형","보행자","보행자","1170416","1897054","129.41662438","37.05659831"
"2016","2016-11-15 14:00","34","주간","화","1","1","0","0","0","전남","해남군","차량단독","전도전복","전도전복","운전자법규위반","안전운전 의무 불이행","단일로","기타단일로","원동기장치자전거","원동기장치자전거","","","913788","1616105","126.56052287","34.53536967"
"2016","2016-11-14 18:00","55","야간","월","1","2","1","0","0","대전","중구","차대차","측면직각충돌","측면직각충돌","운전자법규위반","교차로 통행방법 위반","교차로","교차로내","화물차","중형","화물차","소형","989305","1810336","127.38089696","36.29027018"
"2016","2016-11-23 15:00","15","주간","수","1","1","0","0","0","경기","부천시","차대사람","횡단중","횡단중","운전자법규위반","안전운전 의무 불이행","단일로","기타단일로","화물차","소형","보행자","보행자","937172","1947118","126.78899971","37.52122035"
"2016","2016-11-20 06:00","50","주간","일","1","2","0","1","0","광주","서구","차대사람","횡단중","횡단중","운전자법규위반","과속","단일로","횡단보도상","승용차","중형","보행자","보행자","943078","1681333","126.87525681","35.12557915"
"2016","2016-11-26 19:00","50","야간","토","1","1","0","0","0","경북","의성군","차량단독","전도전복","전도전복","운전자법규위반","안전운전 의무 불이행","단일로","교량위","화물차","소형","","","1104537","1826414","128.66621133","36.42958298"
"2016","2016-11-26 18:00","00","야간","토","1","1","0","0","0","전남","담양군","차량단독","전도전복","전도전복","운전자법규위반","안전운전 의무 불이행","단일로","기타단일로","승용차","중형","","","963541","1690443","127.09943809","35.20867331"
"2016","2016-11-26 19:00","00","야간","토","1","3","1","1","0","대전","서구","차대차","기타","기타","운전자법규위반","안전거리 미확보","단일로","교량위","화물차","소형","승용차","소형","986130","1806829","127.34560149","36.25861238"
"2016","2016-10-29 16:00","57","주간","토","1","2","0","1","0","전남","나주시","차대차","정면충돌","정면충돌","운전자법규위반","중앙선 침범","단일로","기타단일로","이륜차","소형","승용차","대형","927402","1675874","126.70369802","35.07534963"
"2016","2016-11-04 02:00","15","야간","금","1","1","0","0","0","경남","창원시(통합)","차대사람","횡단중","횡단중","운전자법규위반","과속","교차로","교차로부근","승용차","중형","보행자","보행자","1098894","1691176","128.58652568","35.21106989"
"2016","2016-11-03 21:00","30","야간","목","1","1","0","0","0","경북","김천시","차대사람","기타","기타","운전자법규위반","안전운전 의무 불이행","단일로","횡단보도부근","승용차","경형","보행자","보행자","1056034","1791588","128.11999811","36.12114791"
"2016","2016-10-28 21:00","40","야간","금","1","1","0","0","0","강원","동해시","차대사람","기타","기타","운전자법규위반","안전운전 의무 불이행","단일로","기타단일로","화물차","중형","보행자","보행자","1141889","1941813","129.10444825","37.46464896"
"2016","2016-10-28 21:00","00","야간","금","1","3","2","0","0","경북","포항시","차대차","추돌","진행중 추돌","운전자법규위반","안전운전 의무 불이행","단일로","기타단일로","승용차","경형","승합차","경형","1167397","1785667","129.35845859","36.05385247"
"2016","2016-11-02 22:00","26","야간","수","1","2","1","0","0","경기","이천시","차대사람","기타","기타","운전자법규위반","안전운전 의무 불이행","단일로","기타단일로","승합차","대형","보행자","보행자","1010427","1902851","127.61738011","37.12428247"
"2016","2016-10-31 06:00","34","주간","월","1","1","0","0","0","경기","평택시","차대차","추돌","진행중 추돌","운전자법규위반","안전운전 의무 불이행","단일로","기타단일로","화물차","소형","자전거","자전거","963022","1893177","127.08420778","37.03640766"
"2016","2016-11-05 09:00","40","주간","토","1","2","0","1","0","경기","가평군","차대차","정면충돌","정면충돌","운전자법규위반","중앙선 침범","단일로","기타단일로","이륜차","중형","승용차","중형","999363","1958743","127.49278095","37.62814278"
"2016","2016-11-01 19:00","00","야간","화","1","1","0","0","0","충남","태안군","차대사람","기타","기타","운전자법규위반","안전운전 의무 불이행","단일로","기타단일로","승합차","소형","보행자","보행자","893589","1852084","126.30934299","36.66074515"
"2016","2016-12-07 20:00","26","야간","수","1","2","1","0","0","부산","북구","차대차","기타","기타","운전자법규위반","안전거리 미확보","단일로","기타단일로","이륜차","대형","승용차","소형","1137550","1696805","129.01243428","35.25794813"
"2016","2016-12-12 15:00","45","주간","월","1","1","0","0","0","충남","서산시","차대차","측면직각충돌","측면직각충돌","운전자법규위반","직진 및 우회전차의 통행방해","교차로","교차로내","승용차","중형","이륜차","소형","906159","1864307","126.44846813","36.77223813"
"2016","2016-12-05 17:00","33","주간","월","1","1","0","0","0","경기","용인시","차대사람","차도통행중","차도통행중","운전자법규위반","안전운전 의무 불이행","단일로","기타단일로","승용차","중형","보행자","보행자","966257","1919643","127.11938837","37.27509391"
"2016","2016-12-08 22:00","13","야간","목","1","2","0","1","0","울산","남구","차대사람","횡단중","횡단중","운전자법규위반","안전운전 의무 불이행","단일로","횡단보도상","승용차","대형","보행자","보행자","1161835","1729312","129.28536181","35.54659285"
"2016","2016-12-08 07:00","30","주간","목","1","1","0","0","0","광주","광산구","차대차","추돌","진행중 추돌","운전자법규위반","안전운전 의무 불이행","단일로","기타단일로","특수차","중형","화물차","소형","929932","1685131","126.73066217","35.15899396"
"2016","2016-12-08 17:00","40","주간","목","1","1","0","0","0","대전","대덕구","차대사람","기타","기타","운전자법규위반","안전운전 의무 불이행","단일로","기타단일로","자전거","자전거","보행자","보행자","993790","1819179","127.43077286","36.37003303"
"2016","2016-12-11 13:00","30","주간","일","1","2","0","0","1","경기","용인시","차대사람","보도통행중","보도통행중","운전자법규위반","안전운전 의무 불이행","단일로","기타단일로","승용차","중형","보행자","보행자","966268","1924843","127.11927627","37.32196594"
"2016","2016-12-18 20:00","53","야간","일","1","1","0","0","0","제주","제주시","차대차","기타","기타","운전자법규위반","안전거리 미확보","단일로","기타단일로","승합차","대형","이륜차","소형","904615","1499135","126.47334933","33.47979007"
"2016","2016-12-19 06:00","05","주간","월","1","1","0","0","0","울산","남구","차량단독","전도전복","전도전복","운전자법규위반","안전운전 의무 불이행","단일로","기타단일로","이륜차","소형","","","1167167","1728666","129.34402425","35.53988601"
"2016","2016-04-13 13:00","55","주간","수","1","3","2","0","0","전남","보성군","차대차","정면충돌","정면충돌","운전자법규위반","중앙선 침범","단일로","기타단일로","화물차","소형","승용차","대형","986902","1648262","127.35676047","34.82888806"
"2016","2016-04-18 00:00","36","야간","월","1","1","0","0","0","경남","남해군","차량단독","전도전복","전도전복","운전자법규위반","안전운전 의무 불이행","교차로","교차로내","이륜차","사발이","","","1035926","1641852","127.8926085","34.77053566"
"2016","2016-04-21 20:00","00","야간","목","1","1","0","0","0","전남","영광군","차대사람","차도통행중","차도통행중","운전자법규위반","안전운전 의무 불이행","단일로","기타단일로","승합차","대형","보행자","보행자","903644","1694567","126.44095725","35.24188866"
"2016","2016-04-21 22:00","15","야간","목","1","1","0","0","0","서울","양천구","차대사람","횡단중","횡단중","운전자법규위반","안전운전 의무 불이행","단일로","기타단일로","승용차","소형","보행자","보행자","940772","1948483","126.8296268","37.53376132"
"2016","2016-04-25 15:00","45","주간","월","1","1","0","0","0","전북","익산시","차대차","측면직각충돌","측면직각충돌","운전자법규위반","안전운전 의무 불이행","단일로","기타단일로","화물차","중형","자전거","자전거","959197","1776606","127.0447482","35.98377551"
"2016","2016-04-25 20:00","05","야간","월","1","1","0","0","0","경북","문경시","차량단독","전도전복","전도전복","운전자법규위반","안전운전 의무 불이행","단일로","기타단일로","원동기장치자전거","원동기장치자전거","","","1045956","1853526","128.01433963","36.67858573"
"2016","2016-04-26 23:00","55","야간","화","1","1","0","0","0","경북","청도군","차량단독","공작물충돌","공작물충돌","운전자법규위반","안전운전 의무 불이행","교차로","교차로부근","승용차","소형","","","1125377","1747284","128.88607198","35.71387407"
"2016","2016-04-28 18:00","20","야간","목","1","1","0","0","0","충북","제천시","차량단독","전도전복","전도전복","운전자법규위반","안전운전 의무 불이행","교차로","교차로내","이륜차","사발이","","","1061961","1904286","128.16558035","36.90925308"
"2016","2016-04-30 05:00","11","야간","토","1","1","0","0","0","경기","수원시","차대차","기타","기타","운전자법규위반","신호위반","교차로","교차로내","승용차","소형","승용차","소형","953022","1921466","126.96999105","37.29095163"
"2016","2016-04-27 11:00","20","주간","수","1","4","0","3","0","경기","동두천시","차대사람","기타","기타","운전자법규위반","안전운전 의무 불이행","교차로","교차로내","화물차","중형","보행자","보행자","961213","1988168","127.05886524","37.89253183"
"2016","2016-04-30 22:00","27","야간","토","1","3","1","1","0","전남","순천시","차대차","기타","기타","운전자법규위반","교차로 통행방법 위반","교차로","교차로내","승용차","경형","이륜차","중형","1002292","1660917","127.52509999","34.94308766"
"2016","2016-04-06 13:00","20","주간","수","1","1","0","0","0","경기","양평군","차대차","기타","기타","운전자법규위반","안전운전 의무 불이행","단일로","기타단일로","승용차","경형","이륜차","소형","994496","1946049","127.43771918","37.51370848"
"2016","2016-04-14 19:00","25","야간","목","1","1","0","0","0","서울","관악구","차대차","측면직각충돌","측면직각충돌","운전자법규위반","차로위반(진로변경 위반)","단일로","기타단일로","승용차","중형","자전거","자전거","947710","1942121","126.90860311","37.47683914"
"2016","2016-04-21 21:00","45","야간","목","1","1","0","0","0","부산","서구","차대사람","기타","기타","운전자법규위반","안전운전 의무 불이행","단일로","기타단일로","승용차","중형","보행자","보행자","1138377","1680432","129.01841479","35.10959181"
"2016","2016-04-19 22:00","32","야간","화","1","1","0","0","0","울산","남구","차대차","추돌","진행중 추돌","운전자법규위반","안전운전 의무 불이행","단일로","기타단일로","승용차","중형","원동기장치자전거","원동기장치자전거","1164620","1729720","129.31615516","35.54981104"
"2016","2016-04-23 22:00","54","야간","토","1","1","0","0","0","충남","천안시","차대사람","횡단중","횡단중","운전자법규위반","과속","교차로","교차로부근","승용차","소형","보행자","보행자","970064","1866822","127.16443138","36.79908422"
"2016","2016-04-28 04:00","46","야간","목","1","1","0","0","0","경기","의정부시","차대차","추돌","진행중 추돌","운전자법규위반","안전운전 의무 불이행","단일로","교량위","이륜차","소형","건설기계","건설기계","963347","1972071","127.08395034","37.74753902"
"2016","2016-04-27 19:00","25","야간","수","1","1","0","0","0","충남","태안군","차량단독","전도전복","전도전복","운전자법규위반","안전운전 의무 불이행","단일로","기타단일로","화물차","소형","","","895197","1857956","126.3265279","36.71384804"
"2016","2016-04-28 03:00","50","야간","목","1","1","0","0","0","충남","공주시","차대사람","횡단중","횡단중","운전자법규위반","보행자 보호의무 위반","단일로","횡단보도상","화물차","소형","보행자","보행자","949788","1832830","126.93938","36.49180377"
"2016","2016-05-02 17:00","51","주간","월","1","1","0","0","0","충북","충주시","차량단독","전도전복","전도전복","운전자법규위반","안전운전 의무 불이행","단일로","기타단일로","원동기장치자전거","원동기장치자전거","","","1032217","1885645","127.8619371","36.96868788"
"2016","2016-05-03 01:00","49","야간","화","1","1","0","0","0","부산","사상구","차대사람","횡단중","횡단중","운전자법규위반","안전운전 의무 불이행","교차로","교차로부근","화물차","소형","보행자","보행자","1135553","1687084","128.98851199","35.16990062"
"2016","2016-05-03 07:00","00","주간","화","1","1","0","0","0","부산","진구","차대사람","횡단중","횡단중","운전자법규위반","보행자 보호의무 위반","단일로","횡단보도상","화물차","소형","보행자","보행자","1142090","1685067","129.05992464","35.15081647"
"2016","2016-04-30 15:00","39","주간","토","1","1","0","0","0","충북","괴산군","차량단독","전도전복","전도전복","운전자법규위반","안전운전 의무 불이행","단일로","기타단일로","이륜차","소형","","","1019134","1852105","127.7141155","36.66669381"
"2016","2016-04-17 15:00","40","주간","일","1","1","0","0","0","서울","성동구","차량단독","전도전복","전도전복","운전자법규위반","안전운전 의무 불이행","단일로","횡단보도부근","이륜차","중형","","","959625","1950969","127.04287035","37.55718693"
"2016","2016-04-09 10:00","45","주간","토","1","1","0","0","0","경북","봉화군","차대차","측면직각충돌","측면직각충돌","운전자법규위반","안전운전 의무 불이행","단일로","기타단일로","화물차","소형","이륜차","소형","1123028","1879454","128.88096237","36.90540395"
"2016","2016-04-15 04:00","00","야간","금","1","1","0","0","0","충남","아산시","차대차","기타","기타","운전자법규위반","신호위반","교차로","교차로내","승용차","중형","원동기장치자전거","원동기장치자전거","961072","1881073","127.06290652","36.927221"
"2016","2016-04-13 02:00","46","야간","수","1","1","0","0","0","경남","김해시","차대사람","기타","기타","운전자법규위반","안전운전 의무 불이행","단일로","기타단일로","승용차","중형","보행자","보행자","1123987","1697501","128.86310812","35.26529927"
"2016","2016-04-14 04:00","30","야간","목","1","1","0","0","0","전북","군산시","차대사람","횡단중","횡단중","운전자법규위반","보행자 보호의무 위반","교차로","교차로부근","화물차","소형","보행자","보행자","931271","1775334","126.73769895","35.97233898"
"2016","2016-04-22 12:00","00","주간","금","1","6","3","2","0","충남","서산시","차대차","정면충돌","정면충돌","운전자법규위반","신호위반","교차로","교차로내","승용차","경형","승합차","소형","907230","1871980","126.45953197","36.84150214"
"2016","2016-04-22 21:00","51","야간","금","1","1","0","0","0","전북","익산시","차대차","추돌","진행중 추돌","운전자법규위반","과속","단일로","기타단일로","승용차","중형","원동기장치자전거","원동기장치자전거","947699","1769377","126.92029124","35.91965247"
"2016","2016-04-21 17:00","15","주간","목","1","1","0","0","0","충북","충주시","차대차","측면직각충돌","측면직각충돌","운전자법규위반","안전운전 의무 불이행","단일로","기타단일로","화물차","소형","화물차","소형","1025941","1886475","127.79206325","36.97610629"
"2016","2016-04-25 19:00","40","야간","월","1","2","0","1","0","전남","장성군","차대차","추돌","진행중 추돌","운전자법규위반","기타(운전자법규위반)","단일로","기타단일로","승용차","소형","농기계","농기계","937664","1704914","126.81405202","35.33787522"
"2016","2016-04-22 15:00","35","주간","금","1","1","0","0","0","전북","남원시","차량단독","전도전복","전도전복","운전자법규위반","안전운전 의무 불이행","단일로","기타단일로","농기계","농기계","","","996087","1712795","127.45690205","35.41087572"
"2016","2016-04-22 12:00","50","주간","금","1","2","0","1","0","경기","고양시","차대차","추돌","진행중 추돌","운전자법규위반","안전운전 의무 불이행","단일로","기타단일로","화물차","소형","화물차","소형","938984","1955494","126.808807","37.59683422"
"2016","2016-04-28 17:00","15","주간","목","1","1","0","0","0","경북","포항시","차대사람","횡단중","횡단중","운전자법규위반","보행자 보호의무 위반","교차로","교차로부근","건설기계","건설기계","보행자","보행자","1167550","1781554","129.35931457","36.01642395"
"2016","2016-05-02 15:00","00","주간","월","1","1","0","0","0","전남","담양군","차량단독","전도전복","전도전복","운전자법규위반","안전운전 의무 불이행","단일로","기타단일로","승용차","중형","","","957407","1689908","127.03207557","35.20360761"
"2016","2016-05-02 18:00","46","야간","월","1","1","0","0","0","전북","전주시","차대차","측면직각충돌","측면직각충돌","운전자법규위반","안전운전 의무 불이행","단일로","기타단일로","자전거","자전거","승합차","대형","967276","1759613","127.13768039","35.83247235"
"2016","2016-05-01 01:00","14","야간","일","1","1","0","0","0","부산","북구","차대사람","횡단중","횡단중","운전자법규위반","안전운전 의무 불이행","단일로","횡단보도상","승용차","중형","보행자","보행자","1137713","1694035","129.01348748","35.23235291"
"2016","2016-04-05 20:00","54","야간","화","1","2","0","1","0","경기","남양주시","차대차","추돌","진행중 추돌","운전자법규위반","안전운전 의무 불이행","단일로","기타단일로","승용차","중형","건설기계","건설기계","975135","1972854","127.21772774","37.75499269"
"2016","2016-04-05 14:00","40","주간","화","1","2","1","0","0","경북","영천시","차대차","정면충돌","정면충돌","운전자법규위반","중앙선 침범","단일로","기타단일로","원동기장치자전거","원동기장치자전거","화물차","소형","1134114","1777451","128.98770447","35.98462224"
"2016","2016-04-11 12:00","10","주간","월","1","1","0","0","0","경북","군위군","차량단독","기타","기타","운전자법규위반","안전운전 의무 불이행","단일로","기타단일로","이륜차","소형","","","1095885","1803222","128.56685204","36.2214368"
"2016","2016-04-11 04:00","20","야간","월","1","1","0","0","0","경기","의정부시","차대사람","횡단중","횡단중","운전자법규위반","보행자 보호의무 위반","단일로","기타단일로","승용차","경형","보행자","보행자","960496","1971228","127.05163524","37.73982237"
"2016","2016-02-07 19:00","40","야간","일","1","4","1","2","0","경기","용인시","차대사람","길가장자리구역통행중","길가장자리구역통행중","운전자법규위반","과속","단일로","기타단일로","승용차","대형","보행자","보행자","961820","1918879","127.06938069","37.2680359"
"2016","2016-05-12 12:00","25","주간","목","1","1","0","0","0","대구","북구","차대사람","횡단중","횡단중","운전자법규위반","안전운전 의무 불이행","단일로","기타단일로","승용차","경형","보행자","보행자","1099004","1765099","128.5972046","35.87739052"
"2016","2016-05-12 13:00","05","주간","목","1","3","1","1","0","경남","창원시(통합)","차대사람","횡단중","횡단중","운전자법규위반","중앙선 침범","교차로","교차로부근","승용차","중형","보행자","보행자","1110194","1691218","128.7106584","35.21027087"
"2016","2016-05-17 02:00","40","야간","화","1","1","0","0","0","인천","남동구","차대차","측면직각충돌","측면직각충돌","운전자법규위반","안전운전 의무 불이행","단일로","기타단일로","승용차","중형","화물차","소형","929843","1932624","126.7074469","37.39005944"
"2016","2016-05-17 14:00","05","주간","화","1","1","0","0","0","인천","옹진군","차대차","기타","기타","운전자법규위반","안전운전 의무 불이행","단일로","기타단일로","화물차","소형","농기계","농기계","752398","1997371","124.68232241","37.9425497"
"2016","2016-05-16 08:00","30","주간","월","1","1","0","0","0","경북","의성군","차량단독","전도전복","전도전복","운전자법규위반","안전운전 의무 불이행","단일로","교량위","화물차","소형","","","1076851","1823023","128.35704816","36.40163287"
"2016","2016-05-14 12:00","04","주간","토","1","1","0","0","0","충북","보은군","차량단독","전도전복","전도전복","운전자법규위반","안전운전 의무 불이행","단일로","기타단일로","이륜차","소형","","","1024578","1828827","127.77429217","36.45671773"
"2016","2016-05-13 21:00","30","야간","금","1","1","0","0","0","서울","관악구","차대사람","기타","기타","운전자법규위반","안전운전 의무 불이행","교차로","교차로부근","승용차","대형","보행자","보행자","952786","1942059","126.96601395","37.47655371"
"2016","2016-05-20 02:00","31","야간","금","1","1","0","0","0","경남","김해시","차량단독","전도전복","전도전복","운전자법규위반","안전운전 의무 불이행","단일로","기타단일로","자전거","자전거","","","1128277","1693526","128.90963926","35.2289268"
"2016","2016-05-17 23:00","30","야간","화","1","2","0","1","0","광주","서구","차대차","추돌","진행중 추돌","운전자법규위반","안전운전 의무 불이행","단일로","기타단일로","화물차","대형","화물차","소형","939585","1685363","126.83662708","35.16171247"
"2016","2016-05-24 16:00","06","주간","화","1","1","0","0","0","전남","강진군","차대차","측면직각충돌","측면직각충돌","운전자법규위반","교차로 통행방법 위반","교차로","교차로내","원동기장치자전거","원동기장치자전거","화물차","소형","937573","1619767","126.81942684","34.57011048"
"2016","2016-05-24 02:00","06","야간","화","1","1","0","0","0","경기","수원시","차대사람","횡단중","횡단중","운전자법규위반","안전운전 의무 불이행","단일로","기타단일로","승용차","경형","보행자","보행자","956869","1916562","127.01367605","37.24693486"
"2016","2016-05-23 08:00","55","주간","월","1","1","0","0","0","인천","남구","차대사람","횡단중","횡단중","운전자법규위반","신호위반","교차로","교차로부근","화물차","대형","보행자","보행자","924808","1938541","126.64997026","37.4429933"
"2016","2016-05-23 12:00","50","주간","월","1","1","0","0","0","전북","남원시","차대차","측면직각충돌","측면직각충돌","운전자법규위반","안전운전 의무 불이행","단일로","기타단일로","이륜차","소형","승용차","소형","995254","1714209","127.44771911","35.42362187"
"2016","2016-05-22 02:00","01","야간","일","1","1","0","0","0","경북","구미시","차량단독","전도전복","전도전복","운전자법규위반","안전운전 의무 불이행","교차로","교차로내","승용차","경형","","","1080865","1793616","128.39876456","36.13621614"
"2016","2016-05-23 02:00","50","야간","월","1","1","0","0","0","서울","동작구","차대사람","횡단중","횡단중","운전자법규위반","안전운전 의무 불이행","단일로","횡단보도상","승용차","중형","보행자","보행자","949382","1944133","126.92737405","37.49506691"
"2016","2016-05-27 10:00","05","주간","금","1","1","0","0","0","경남","창원시(통합)","차대사람","횡단중","횡단중","운전자법규위반","안전운전 의무 불이행","단일로","기타단일로","승용차","경형","보행자","보행자","1108717","1690927","128.69439591","35.20780861"
"2016","2016-05-26 16:00","00","주간","목","1","1","0","0","0","서울","노원구","차대사람","기타","기타","운전자법규위반","안전운전 의무 불이행","단일로","기타단일로","승합차","대형","보행자","보행자","960939","1963224","127.05709256","37.66770066"
"2016","2016-05-30 04:00","50","야간","월","1","1","0","0","0","인천","남동구","차대사람","횡단중","횡단중","운전자법규위반","안전운전 의무 불이행","교차로","교차로부근","승용차","대형","보행자","보행자","929609","1939272","126.70416981","37.44995958"
"2016","2016-05-29 16:00","25","주간","일","1","1","0","0","0","전북","군산시","차량단독","전도전복","전도전복","운전자법규위반","안전운전 의무 불이행","단일로","기타단일로","승용차","중형","","","915522","1773013","126.56224556","35.95073244"
"2016","2016-05-30 16:00","25","주간","월","1","1","0","0","0","제주","제주시","차대차","추돌","진행중 추돌","운전자법규위반","안전운전 의무 불이행","단일로","기타단일로","승용차","경형","이륜차","소형","922237","1505183","126.66361673","33.53698809"
"2016","2016-05-06 15:00","20","주간","금","1","2","1","0","0","경남","합천군","차대차","정면충돌","정면충돌","운전자법규위반","중앙선 침범","단일로","기타단일로","이륜차","소형","승합차","대형","1056465","1741857","128.12391774","35.6713083"
"2016","2016-05-07 00:00","00","야간","토","1","3","0","2","0","경기","남양주시","차대차","정면충돌","정면충돌","운전자법규위반","신호위반","교차로","교차로내","이륜차","소형","승합차","대형","970814","1967333","127.16194533","37.69835606"
"2016","2016-05-05 17:00","52","주간","목","1","1","0","0","0","경남","산청군","차대차","측면직각충돌","측면직각충돌","운전자법규위반","교차로 통행방법 위반","교차로","교차로내","승용차","중형","이륜차","소형","1038945","1697237","127.9281959","35.26984024"
"2016","2016-05-05 16:00","15","주간","목","1","3","0","2","0","경북","영덕군","차대차","정면충돌","정면충돌","운전자법규위반","중앙선 침범","단일로","기타단일로","화물차","소형","화물차","중형","1151870","1832676","129.1953085","36.47968778"
"2016","2016-05-10 18:00","20","야간","화","1","2","1","0","0","충남","서산시","차량단독","공작물충돌","공작물충돌","운전자법규위반","안전운전 의무 불이행","단일로","기타단일로","승용차","중형","","","910151","1860123","126.49368664","36.73491297"
"2016","2016-05-14 08:00","22","주간","토","1","2","0","1","0","서울","서초구","차대차","정면충돌","정면충돌","운전자법규위반","중앙선 침범","교차로","교차로부근","이륜차","소형","승용차","중형","955001","1941803","126.99108012","37.47435685"
"2016","2016-05-10 22:00","40","야간","화","1","2","1","0","0","경기","파주시","차량단독","도로이탈","도로이탈 기타","운전자법규위반","안전운전 의무 불이행","단일로","기타단일로","원동기장치자전거","원동기장치자전거","","","931450","1970475","126.72206029","37.73132111"
"2016","2016-05-17 14:00","15","주간","화","1","1","0","0","0","경기","안산시","차대사람","횡단중","횡단중","운전자법규위반","안전운전 의무 불이행","단일로","기타단일로","승용차","중형","보행자","보행자","938787","1925343","126.80908056","37.32506815"
"2016","2016-05-17 07:00","50","주간","화","1","1","0","0","0","전북","고창군","차대사람","횡단중","횡단중","운전자법규위반","과속","단일로","기타단일로","승용차","소형","보행자","보행자","925337","1715712","126.6774288","35.43438354"
"2016","2016-05-17 20:00","25","야간","화","1","1","0","0","0","경기","이천시","차대사람","횡단중","횡단중","운전자법규위반","안전운전 의무 불이행","단일로","기타단일로","화물차","경형","보행자","보행자","1011673","1902462","127.63140065","37.12076122"
"2016","2016-05-17 14:00","45","주간","화","1","1","0","0","0","충남","논산시","차대차","측면직각충돌","측면직각충돌","운전자법규위반","안전거리 미확보","단일로","기타단일로","승용차","경형","승용차","경형","961355","1798922","127.07020527","36.18665407"
"2016","2016-05-17 09:00","00","주간","화","1","1","0","0","0","경북","영천시","차대차","추돌","진행중 추돌","운전자법규위반","안전운전 의무 불이행","교차로","교차로부근","화물차","대형","자전거","자전거","1127877","1775260","128.91818461","35.96571218"
"2016","2016-05-15 08:00","40","주간","일","1","6","4","1","0","전남","영암군","차대차","측면직각충돌","측면직각충돌","운전자법규위반","신호위반","교차로","교차로내","승용차","대형","승용차","대형","900944","1640893","126.41767789","34.75771032"
"2016","2016-05-20 15:00","35","주간","금","1","1","0","0","0","경북","봉화군","차량단독","전도전복","전도전복","운전자법규위반","안전운전 의무 불이행","단일로","기타단일로","이륜차","소형","","","1130462","1868566","128.96251235","36.80628545"
"2016","2016-05-20 10:00","38","주간","금","1","1","0","0","0","경기","연천군","차대사람","횡단중","횡단중","운전자법규위반","안전운전 의무 불이행","단일로","기타단일로","화물차","소형","보행자","보행자","962791","2011631","127.07559491","38.10406165"
"2016","2016-05-23 10:00","00","주간","월","1","1","0","0","0","울산","남구","차대사람","횡단중","횡단중","운전자법규위반","신호위반","교차로","교차로내","승용차","소형","보행자","보행자","1167495","1728656","129.34763868","35.53974052"
"2016","2016-05-28 22:00","49","야간","토","1","1","0","0","0","인천","부평구","차대차","정면충돌","정면충돌","운전자법규위반","신호위반","교차로","교차로내","승용차","대형","원동기장치자전거","원동기장치자전거","932088","1946092","126.73156543","37.51161284"
"2016","2016-05-28 13:00","15","주간","토","1","2","0","1","0","경기","광주시","차대사람","기타","기타","운전자법규위반","안전운전 의무 불이행","단일로","기타단일로","승용차","중형","보행자","보행자","972077","1942228","127.18418291","37.47886158"
"2016","2016-06-24 22:00","15","야간","금","1","1","0","0","0","광주","북구","차대사람","횡단중","횡단중","운전자법규위반","안전운전 의무 불이행","단일로","기타단일로","승용차","중형","보행자","보행자","945709","1684726","126.90390873","35.15631835"
"2016","2016-07-02 17:00","18","주간","토","1","1","0","0","0","경북","예천군","차량단독","전도전복","전도전복","운전자법규위반","안전운전 의무 불이행","단일로","기타단일로","화물차","소형","","","1072224","1834393","128.30651275","36.50448534"
"2016","2016-07-03 02:00","17","야간","일","1","1","0","0","0","서울","종로구","차대차","추돌","진행중 추돌","운전자법규위반","안전거리 미확보","교차로","교차로내","이륜차","대형","승용차","중형","955980","1954148","127.0014117","37.58567295"
"2016","2016-07-05 02:00","25","야간","화","1","1","0","0","0","대구","북구","차대사람","횡단중","횡단중","운전자법규위반","안전운전 의무 불이행","단일로","기타단일로","승용차","소형","보행자","보행자","1097093","1767992","128.56508062","35.90047296"