"발생년","발생년월일시","발생분","주야","요일","사망자수","사상자수","중상자수","경상자수","부상신고자수","발생지시도","발생지시군구","사고유형_대분류","사고유형_중분류","사고유형","법규위반_대분류","법규위반","도로형태_대분류","도로형태","당사자종별_1당_대분류","당사자종별_1당","당사자종별_2당_대분류","당사자종별_2당","발생위치X_UTMK","발생위치Y_UTMK","경도","위도"
"2016","2016-07-08 22:00","30","야간","금","1","1","0","0","0","서울","영등포구","차대차","측면직각충돌","측면직각충돌","운전자법규위반","안전운전 의무 불이행","교차로","교차로내","승용차","경형","이륜차","중형","946882","1944829","126.89904344","37.50119961"
"2016","2016-07-13 18:00","15","야간","수","1","1","0","0","0","경기","양평군","차대차","정면충돌","정면충돌","운전자법규위반","안전운전 의무 불이행","단일로","기타단일로","승용차","중형","원동기장치자전거","원동기장치자전거","1005981","1935267","127.56759079","37.41651965"
"2016","2016-07-13 03:00","40","야간","수","1","1","0","0","0","경남","김해시","차대사람","기타","기타","운전자법규위반","안전운전 의무 불이행","교차로","교차로내","승용차","중형","보행자","보행자","1126263","1699135","128.88837524","35.27974431"
"2016","2016-07-13 01:00","33","야간","수","1","1","0","0","0","서울","금천구","차대사람","횡단중","횡단중","운전자법규위반","안전운전 의무 불이행","단일로","기타단일로","승용차","중형","보행자","보행자","944894","1942279","126.87674416","37.47809953"
"2016","2016-07-14 08:00","05","주간","목","1","1","0","0","0","경남","창원시(통합)","차대차","측면직각충돌","측면직각충돌","운전자법규위반","안전운전 의무 불이행","교차로","교차로내","화물차","소형","승용차","경형","1093537","1697295","128.52837443","35.26675037"
"2016","2016-07-13 19:00","03","야간","수","1","1","0","0","0","경남","사천시","차대사람","횡단중","횡단중","운전자법규위반","안전운전 의무 불이행","교차로","교차로내","승합차","대형","보행자","보행자","1053799","1676491","128.09015383","35.08209159"
"2016","2016-07-13 08:00","30","주간","수","1","1","0","0","0","전남","순천시","차대사람","횡단중","횡단중","운전자법규위반","보행자 보호의무 위반","교차로","교차로내","화물차","소형","보행자","보행자","999934","1660493","127.49927726","34.93926682"
"2016","2016-07-11 09:00","35","주간","월","1","2","1","0","0","전남","영암군","차대차","추돌","진행중 추돌","운전자법규위반","안전운전 의무 불이행","단일로","기타단일로","승용차","소형","이륜차","소형","923130","1643874","126.65979144","34.78650273"
"2016","2016-07-11 17:00","40","주간","월","1","1","0","0","0","대전","대덕구","차대차","측면직각충돌","측면직각충돌","운전자법규위반","신호위반","교차로","교차로내","자전거","자전거","승용차","경형","993848","1818225","127.43142697","36.36143272"
"2016","2016-07-01 17:00","30","주간","금","1","1","0","0","0","전남","보성군","차량단독","기타","기타","운전자법규위반","기타(운전자법규위반)","교차로","교차로내","화물차","소형","","","986349","1650189","127.35068152","34.84625781"
"2016","2016-06-29 22:00","40","야간","수","1","1","0","0","0","서울","강북구","차대차","추돌","진행중 추돌","운전자법규위반","안전운전 의무 불이행","단일로","기타단일로","원동기장치자전거","원동기장치자전거","승합차","대형","959255","1957255","127.03833152","37.61382788"
"2016","2016-06-08 12:00","45","주간","수","1","1","0","0","0","강원","강릉시","차대차","측면직각충돌","측면직각충돌","운전자법규위반","신호위반","교차로","교차로내","화물차","소형","원동기장치자전거","원동기장치자전거","1122571","1974863","128.89160803","37.76522091"
"2016","2016-06-13 13:00","50","주간","월","1","1","0","0","0","경남","의령군","차대차","측면직각충돌","측면직각충돌","운전자법규위반","신호위반","교차로","교차로내","이륜차","소형","승합차","대형","1068870","1702572","128.257646","35.31633002"
"2016","2016-06-10 14:00","30","주간","금","1","1","0","0","0","광주","서구","차대사람","차도통행중","차도통행중","운전자법규위반","안전운전 의무 불이행","교차로","교차로내","승용차","중형","보행자","보행자","937889","1679433","126.81845145","35.10814063"
"2016","2016-06-10 11:00","00","주간","금","1","2","0","1","0","경기","양주시","차대차","정면충돌","정면충돌","운전자법규위반","중앙선 침범","단일로","기타단일로","승용차","경형","화물차","대형","949826","1966694","126.93084989","37.69843511"
"2016","2016-06-10 16:00","10","주간","금","1","1","0","0","0","경기","시흥시","차대차","정면충돌","정면충돌","운전자법규위반","직진 및 우회전차의 통행방해","교차로","교차로내","화물차","소형","이륜차","소형","938493","1935275","126.80493695","37.41456785"
"2016","2016-06-10 13:00","50","주간","금","1","4","0","0","3","강원","원주시","차대차","정면충돌","정면충돌","운전자법규위반","안전거리 미확보","단일로","기타단일로","화물차","소형","승용차","중형","1040202","1933955","127.9542417","37.40384031"
"2016","2016-06-17 07:00","10","주간","금","1","1","0","0","0","경북","영덕군","차량단독","도로이탈","도로이탈 추락","운전자법규위반","안전운전 의무 불이행","단일로","기타단일로","승용차","중형","","","1169630","1841810","129.39547562","36.55900651"
"2016","2016-06-15 23:00","39","야간","수","1","1","0","0","0","경기","광주시","차대사람","기타","기타","운전자법규위반","안전운전 의무 불이행","단일로","기타단일로","승용차","중형","보행자","보행자","975868","1937421","127.22721715","37.43563989"
"2016","2016-06-16 08:00","50","주간","목","1","1","0","0","0","경남","거창군","차대차","추돌","진행중 추돌","운전자법규위반","안전운전 의무 불이행","단일로","기타단일로","화물차","소형","이륜차","소형","1045921","1746260","128.00766643","35.71155331"
"2016","2016-06-19 14:00","18","주간","일","1","1","0","0","0","대구","수성구","차대사람","횡단중","횡단중","운전자법규위반","보행자 보호의무 위반","교차로","교차로내","승용차","대형","보행자","보행자","1103489","1763055","128.64618245","35.85858463"
"2016","2016-06-20 20:00","45","야간","월","1","1","0","0","0","전북","남원시","차대사람","횡단중","횡단중","운전자법규위반","보행자 보호의무 위반","단일로","기타단일로","화물차","소형","보행자","보행자","988746","1711629","127.37606416","35.4003062"
"2016","2016-06-28 15:00","24","주간","화","1","1","0","0","0","충북","청주시","차대차","측면직각충돌","측면직각충돌","운전자법규위반","안전운전 의무 불이행","교차로","교차로부근","화물차","대형","자전거","자전거","988432","1847509","127.37061949","36.62538324"
"2016","2016-06-27 08:00","40","주간","월","1","1","0","0","0","대전","대덕구","차대차","측면직각충돌","측면직각충돌","운전자법규위반","안전운전 의무 불이행","단일로","기타단일로","원동기장치자전거","원동기장치자전거","화물차","소형","993013","1820219","127.42210177","36.37940368"
"2016","2016-06-26 19:00","25","야간","일","1","2","0","1","0","경기","고양시","차대차","측면직각충돌","측면직각충돌","운전자법규위반","부당한 회전","단일로","기타단일로","승용차","중형","이륜차","중형","937151","1959935","126.78766235","37.6367366"
"2016","2016-06-28 20:00","40","야간","화","1","1","0","0","0","경남","진주시","차대사람","차도통행중","차도통행중","운전자법규위반","안전운전 의무 불이행","단일로","기타단일로","승용차","중형","보행자","보행자","1049476","1690457","128.04357087","35.20824198"
"2016","2016-06-24 21:00","20","야간","금","1","1","0","0","0","강원","강릉시","차대사람","횡단중","횡단중","운전자법규위반","안전운전 의무 불이행","단일로","기타단일로","화물차","소형","보행자","보행자","1109556","1984027","128.74526247","37.84945048"
"2016","2016-07-01 12:00","55","주간","금","1","1","0","0","0","전남","담양군","차대사람","횡단중","횡단중","운전자법규위반","안전운전 의무 불이행","교차로","교차로부근","승합차","중형","보행자","보행자","947983","1702262","126.92776571","35.31455442"
"2016","2016-07-03 23:00","12","야간","일","1","1","0","0","0","대전","중구","차대사람","횡단중","횡단중","운전자법규위반","과속","단일로","기타단일로","승용차","중형","보행자","보행자","990390","1813327","127.39294301","36.31724687"
"2016","2016-07-08 18:00","15","야간","금","1","1","0","0","0","울산","북구","차대차","측면직각충돌","측면직각충돌","운전자법규위반","중앙선 침범","단일로","기타단일로","승용차","중형","이륜차","소형","1172142","1726777","129.39847589","35.52201143"
"2016","2016-07-11 22:00","40","야간","월","1","1","0","0","0","부산","동래구","차대차","측면직각충돌","측면직각충돌","운전자법규위반","안전운전 의무 불이행","교차로","교차로내","승용차","중형","이륜차","중형","1145594","1690876","129.09940538","35.2026755"
"2016","2016-07-11 12:00","03","주간","월","1","1","0","0","0","전남","함평군","차대사람","횡단중","횡단중","운전자법규위반","신호위반","교차로","교차로부근","화물차","소형","보행자","보행자","911150","1675023","126.52554757","35.06637564"
"2016","2016-07-11 19:00","30","야간","월","1","1","0","0","0","경기","포천시","차량단독","전도전복","전도전복","운전자법규위반","안전운전 의무 불이행","교차로","교차로부근","이륜차","소형","","","974486","1978985","127.21014453","37.81023425"
"2016","2016-07-11 14:00","45","주간","월","1","1","0","0","0","경북","영주시","차량단독","전도전복","전도전복","운전자법규위반","안전운전 의무 불이행","단일로","기타단일로","원동기장치자전거","원동기장치자전거","","","1099806","1866287","128.6186206","36.78947443"
"2016","2016-07-11 13:00","41","주간","월","1","1","0","0","0","경북","구미시","차대차","측면직각충돌","측면직각충돌","운전자법규위반","교차로 통행방법 위반","교차로","교차로내","이륜차","소형","승용차","경형","1076342","1792090","128.34835125","36.12282627"
"2016","2016-07-11 04:00","50","야간","월","1","1","0","0","0","부산","사하구","차량단독","도로이탈","도로이탈 기타","운전자법규위반","안전운전 의무 불이행","단일로","기타단일로","자전거","자전거","","","1132752","1677236","128.95618179","35.08150151"
"2016","2016-07-11 00:00","15","야간","월","1","2","1","0","0","광주","서구","차대차","측면직각충돌","측면직각충돌","운전자법규위반","중앙선 침범","단일로","기타단일로","이륜차","소형","이륜차","소형","941451","1683450","126.85725077","35.14457408"
"2016","2016-07-17 12:00","35","주간","일","1","1","0","0","0","경북","칠곡군","차량단독","전도전복","전도전복","운전자법규위반","안전운전 의무 불이행","단일로","기타단일로","이륜차","소형","","","1079657","1780766","128.38404217","36.02047661"
"2016","2016-09-11 17:00","31","주간","일","1","1","0","0","0","인천","부평구","차대차","측면직각충돌","측면직각충돌","운전자법규위반","직진 및 우회전차의 통행방해","교차로","교차로내","승용차","소형","원동기장치자전거","원동기장치자전거","932120","1944224","126.73209994","37.49477919"
"2016","2016-09-11 08:00","31","주간","일","1","1","0","0","0","서울","노원구","차대차","측면직각충돌","측면직각충돌","운전자법규위반","안전운전 의무 불이행","단일로","기타단일로","승용차","경형","자전거","자전거","962599","1957701","127.0761975","37.61798993"
"2016","2016-09-12 22:00","30","야간","월","1","1","0","0","0","울산","남구","차대사람","차도통행중","차도통행중","운전자법규위반","안전운전 의무 불이행","단일로","기타단일로","승용차","경형","보행자","보행자","1164086","1725653","129.30944309","35.51324725"
"2016","2016-09-08 12:00","00","주간","목","1","2","1","0","0","경기","고양시","차대차","기타","기타","운전자법규위반","안전운전 의무 불이행","교차로","교차로부근","이륜차","소형","승용차","소형","945471","1954824","126.8823379","37.59120298"
"2016","2016-09-11 01:00","21","야간","일","1","1","0","0","0","대구","달서구","차대사람","횡단중","횡단중","운전자법규위반","과속","교차로","교차로부근","승용차","대형","보행자","보행자","1093047","1761909","128.53034101","35.84941018"
"2016","2016-09-12 16:00","06","주간","월","1","1","0","0","0","충남","청양군","차량단독","전도전복","전도전복","운전자법규위반","안전운전 의무 불이행","단일로","기타단일로","이륜차","사발이","","","936880","1828366","126.79563445","36.45079866"
"2016","2016-09-07 03:00","20","야간","수","1","1","0","0","0","전남","신안군","차대사람","기타","기타","운전자법규위반","안전운전 의무 불이행","단일로","기타단일로","화물차","소형","보행자","보행자","856781","1642685","125.93496667","34.76862019"
"2016","2016-09-07 08:00","08","주간","수","1","1","0","0","0","광주","광산구","차대사람","보도통행중","보도통행중","운전자법규위반","보행자 보호의무 위반","교차로","교차로내","화물차","대형","보행자","보행자","939570","1691075","126.83604357","35.21321413"
"2016","2016-07-23 13:00","25","주간","토","1","1","0","0","0","경북","울진군","차대차","측면직각충돌","측면직각충돌","운전자법규위반","안전운전 의무 불이행","단일로","기타단일로","승용차","소형","원동기장치자전거","원동기장치자전거","1172069","1851647","129.42491729","36.64720095"
"2016","2016-07-22 17:00","05","주간","금","1","1","0","0","0","부산","북구","차량단독","기타","기타","운전자법규위반","안전운전 의무 불이행","단일로","기타단일로","자전거","자전거","","","1138105","1691904","129.0169965","35.21295243"
"2016","2016-07-23 10:00","30","주간","토","1","1","0","0","0","경기","안산시","차대차","측면직각충돌","측면직각충돌","운전자법규위반","안전운전 의무 불이행","단일로","기타단일로","화물차","소형","자전거","자전거","939127","1926269","126.81284192","37.33343679"
"2016","2016-07-23 11:00","07","주간","토","1","1","0","0","0","충북","괴산군","차대차","정면충돌","정면충돌","운전자법규위반","중앙선 침범","단일로","기타단일로","이륜차","소형","승용차","중형","1043319","1863121","127.98537125","36.76520394"
"2016","2016-07-27 06:00","02","주간","수","1","1","0","0","0","인천","연수구","차량단독","공작물충돌","공작물충돌","운전자법규위반","안전운전 의무 불이행","단일로","기타단일로","이륜차","소형","","","923450","1930851","126.63541684","37.37357365"
"2016","2016-07-27 08:00","25","주간","수","1","1","0","0","0","충남","부여군","차대차","기타","기타","운전자법규위반","안전운전 의무 불이행","교차로","교차로부근","건설기계","건설기계","화물차","소형","955708","1806823","127.00695666","36.25764181"
"2016","2016-07-27 10:00","40","주간","수","1","1","0","0","0","경북","의성군","차대차","기타","기타","운전자법규위반","중앙선 침범","단일로","기타단일로","원동기장치자전거","원동기장치자전거","화물차","소형","1105416","1825175","128.67584715","36.4183192"
"2016","2016-08-04 00:00","05","야간","목","1","1","0","0","0","전남","장흥군","차량단독","전도전복","전도전복","운전자법규위반","안전운전 의무 불이행","단일로","기타단일로","승용차","경형","","","943274","1643408","126.87998846","34.78362135"
"2016","2016-08-03 23:00","50","야간","수","1","1","0","0","0","경기","고양시","차량단독","전도전복","전도전복","운전자법규위반","안전운전 의무 불이행","단일로","기타단일로","원동기장치자전거","원동기장치자전거","","","942171","1966327","126.84404922","37.69467635"
"2016","2016-08-04 17:00","20","주간","목","1","1","0","0","0","경기","광주시","차대차","측면직각충돌","측면직각충돌","운전자법규위반","안전거리 미확보","교차로","교차로부근","자전거","자전거","승용차","대형","979021","1934991","127.26292674","37.41381347"
"2016","2016-08-04 11:00","10","주간","목","1","1","0","0","0","경기","안성시","차대차","추돌","진행중 추돌","운전자법규위반","안전운전 의무 불이행","단일로","기타단일로","화물차","소형","화물차","대형","998911","1900583","127.48774406","37.10389561"
"2016","2016-08-08 15:00","05","주간","월","1","1","0","0","0","전북","순창군","차대사람","차도통행중","차도통행중","운전자법규위반","안전운전 의무 불이행","단일로","기타단일로","승용차","경형","보행자","보행자","955819","1723306","127.01282528","35.50467493"
"2016","2016-08-13 06:00","40","주간","토","1","1","0","0","0","서울","용산구","차량단독","전도전복","전도전복","운전자법규위반","안전운전 의무 불이행","교차로","교차로부근","승용차","경형","","","953255","1949299","126.97166781","37.54252047"
"2016","2016-08-14 16:00","30","주간","일","1","1","0","0","0","전남","장흥군","차량단독","공작물충돌","공작물충돌","운전자법규위반","안전운전 의무 불이행","교차로","교차로부근","화물차","소형","","","943805","1634790","126.8863669","34.70593967"
"2016","2016-08-11 00:00","50","야간","목","1","1","0","0","0","경기","남양주시","차대사람","횡단중","횡단중","운전자법규위반","과속","교차로","교차로내","승용차","중형","보행자","보행자","973872","1959315","127.2038758","37.63292711"
"2016","2016-08-12 20:00","50","야간","금","1","2","1","0","0","충남","예산군","차대차","기타","기타","운전자법규위반","차로위반(진로변경 위반)","단일로","기타단일로","승용차","중형","승용차","소형","932088","1855034","126.73981144","36.6908642"
"2016","2016-08-11 22:00","00","야간","목","1","1","0","0","0","경북","경주시","차대차","측면직각충돌","측면직각충돌","운전자법규위반","안전운전 의무 불이행","단일로","기타단일로","승용차","소형","승용차","중형","1159950","1778107","129.27431782","35.98663863"
"2016","2016-08-16 15:00","28","주간","화","1","1","0","0","0","부산","서구","차대사람","횡단중","횡단중","운전자법규위반","안전운전 의무 불이행","단일로","횡단보도상","화물차","소형","보행자","보행자","1138707","1677139","129.02146704","35.07982527"
"2016","2016-08-21 21:00","55","야간","일","1","1","0","0","0","경기","이천시","차량단독","전도전복","전도전복","운전자법규위반","안전운전 의무 불이행","단일로","기타단일로","이륜차","소형","","","1000850","1922153","127.50959073","37.2983305"
"2016","2016-08-20 02:00","24","야간","토","1","1","0","0","0","서울","영등포구","차량단독","전도전복","전도전복","운전자법규위반","안전운전 의무 불이행","단일로","기타단일로","이륜차","중형","","","946497","1947402","126.89450059","37.52436819"
"2016","2016-08-24 14:00","30","주간","수","1","1","0","0","0","서울","영등포구","차대차","측면직각충돌","측면직각충돌","운전자법규위반","안전운전 의무 불이행","단일로","기타단일로","승합차","경형","이륜차","소형","947075","1945467","126.90118093","37.5069611"
"2016","2016-08-25 16:00","09","주간","목","1","1","0","0","0","대구","동구","차대사람","횡단중","횡단중","운전자법규위반","보행자 보호의무 위반","단일로","기타단일로","승용차","경형","보행자","보행자","1102691","1767251","128.63787213","35.89648032"
"2016","2016-08-29 06:00","50","주간","월","1","3","1","1","0","세종","세종","차대차","측면직각충돌","측면직각충돌","운전자법규위반","교차로 통행방법 위반","교차로","교차로내","화물차","소형","건설기계","건설기계","981658","1836904","127.29510984","36.52967266"
"2016","2016-09-13 09:00","40","주간","화","1","1","0","0","0","충북","제천시","차대사람","횡단중","횡단중","운전자법규위반","보행자 보호의무 위반","기타/불명","기타/불명","승용차","경형","보행자","보행자","1062851","1903512","128.20756561","37.12818736"
"2016","2016-09-06 15:00","38","주간","화","1","6","0","5","0","서울","금천구","차대차","측면직각충돌","측면직각충돌","운전자법규위반","안전운전 의무 불이행","단일로","기타단일로","승용차","중형","승합차","대형","948790","1939228","126.92101838","37.45082429"
"2016","2016-09-10 13:00","02","주간","토","1","2","1","0","0","전남","고흥군","차대차","측면직각충돌","측면직각충돌","운전자법규위반","안전운전 의무 불이행","단일로","기타단일로","화물차","소형","화물차","소형","978743","1633647","127.26790346","34.69695632"
"2016","2016-09-07 14:00","05","주간","수","1","1","0","0","0","전남","무안군","차대차","측면직각충돌","측면직각충돌","운전자법규위반","신호위반","교차로","교차로내","이륜차","소형","승용차","중형","904904","1647156","126.46023139","34.8145561"
"2016","2016-09-09 17:00","35","주간","금","1","2","0","0","1","충북","충주시","차대차","추돌","진행중 추돌","운전자법규위반","중앙선 침범","단일로","기타단일로","화물차","중형","건설기계","건설기계","1017069","1894014","127.69194999","37.04452593"
"2016","2016-09-09 08:00","23","주간","금","1","3","0","2","0","전남","순천시","차대차","측면직각충돌","측면직각충돌","운전자법규위반","신호위반","교차로","교차로내","승용차","경형","승용차","경형","992888","1677145","127.42197674","35.08939981"
"2016","2016-07-25 18:00","05","야간","월","2","2","0","0","0","전남","완도군","차량단독","전도전복","전도전복","운전자법규위반","안전운전 의무 불이행","단일로","기타단일로","농기계","농기계","","","925705","1589820","126.69265479","34.29927713"
"2016","2016-07-23 21:00","09","야간","토","1","4","1","2","0","강원","춘천시","차대차","정면충돌","정면충돌","운전자법규위반","중앙선 침범","단일로","기타단일로","승용차","중형","승용차","중형","1018891","1982988","127.71471901","37.84647479"
"2016","2016-07-22 11:00","13","주간","금","1","1","0","0","0","경기","오산시","차량단독","공작물충돌","공작물충돌","운전자법규위반","안전운전 의무 불이행","단일로","기타단일로","승용차","소형","","","959212","1908721","127.04052254","37.17636308"
"2016","2016-07-22 01:00","22","야간","금","1","1","0","0","0","경기","남양주시","차대사람","횡단중","횡단중","운전자법규위반","안전운전 의무 불이행","단일로","교량위","승용차","중형","보행자","보행자","969057","1956148","127.14943945","37.60423235"
"2016","2016-07-28 07:00","55","주간","목","1","2","1","0","0","충남","서산시","차대차","측면직각충돌","측면직각충돌","운전자법규위반","신호위반","교차로","교차로내","이륜차","소형","승합차","대형","913891","1854462","126.53620685","36.68423382"
"2016","2016-07-29 14:00","20","주간","금","1","1","0","0","0","강원","동해시","차대사람","횡단중","횡단중","운전자법규위반","안전운전 의무 불이행","교차로","교차로내","승용차","중형","보행자","보행자","1142252","1950100","129.11015453","37.53925985"
"2016","2016-04-08 20:00","29","야간","금","1","1","0","0","0","경북","경주시","차대사람","횡단중","횡단중","운전자법규위반","안전운전 의무 불이행","단일로","기타단일로","승용차","경형","보행자","보행자","1156953","1767972","129.23908338","35.89579041"
"2016","2016-04-15 04:00","35","야간","금","1","1","0","0","0","경기","성남시","차량단독","공작물충돌","공작물충돌","운전자법규위반","안전운전 의무 불이행","단일로","기타단일로","이륜차","소형","","","966002","1926513","127.1161975","37.33700916"
"2016","2016-04-14 22:00","45","야간","목","1","1","0","0","0","전남","순천시","차대사람","횡단중","횡단중","운전자법규위반","안전운전 의무 불이행","단일로","기타단일로","승용차","경형","보행자","보행자","999227","1660552","127.49153512","34.93979856"
"2016","2016-04-13 19:00","30","야간","수","1","1","0","0","0","서울","서대문구","차대사람","횡단중","횡단중","운전자법규위반","안전운전 의무 불이행","단일로","기타단일로","화물차","소형","보행자","보행자","952283","1952495","126.9596473","37.57058993"
"2016","2016-04-14 01:00","35","야간","목","1","1","0","0","0","대전","서구","차대차","기타","기타","운전자법규위반","안전운전 의무 불이행","단일로","기타단일로","이륜차","소형","화물차","소형","988421","1813553","127.37100472","36.31926271"
"2016","2016-04-12 09:00","55","주간","화","1","1","0","0","0","경남","진주시","차대사람","횡단중","횡단중","운전자법규위반","안전운전 의무 불이행","단일로","기타단일로","화물차","소형","보행자","보행자","1054244","1687243","128.09574076","35.17901593"
"2016","2016-04-15 21:00","25","야간","금","1","1","0","0","0","전북","고창군","차대사람","횡단중","횡단중","운전자법규위반","안전운전 의무 불이행","단일로","기타단일로","승용차","중형","보행자","보행자","930851","1727304","126.73718518","35.53929456"
"2016","2016-04-16 15:00","00","주간","토","1","2","1","0","0","강원","철원군","차대차","정면충돌","정면충돌","운전자법규위반","중앙선 침범","단일로","기타단일로","화물차","소형","승용차","중형","994142","2024537","127.4330767","38.22112628"
"2016","2016-04-22 06:00","08","주간","금","1","1","0","0","0","경기","화성시","차량단독","전도전복","전도전복","운전자법규위반","안전운전 의무 불이행","단일로","기타단일로","이륜차","소형","","","960263","1914382","127.0520603","37.22743578"
"2016","2016-04-21 13:00","00","주간","목","1","2","1","0","0","경기","포천시","차대차","정면충돌","정면충돌","운전자법규위반","중앙선 침범","단일로","기타단일로","승용차","경형","화물차","대형","972712","1984661","127.18977685","37.86134083"
"2016","2016-04-22 08:00","10","주간","금","1","4","2","1","0","충북","옥천군","차대차","정면충돌","정면충돌","운전자법규위반","중앙선 침범","단일로","기타단일로","화물차","소형","화물차","소형","1021683","1808299","127.73384686","36.2744905"
"2016","2016-08-22 16:00","10","주간","월","2","3","1","0","0","경남","산청군","차대차","정면충돌","정면충돌","운전자법규위반","중앙선 침범","단일로","기타단일로","승용차","중형","특수차","대형","1046565","1704853","128.01240699","35.33818536"
"2016","2016-04-19 19:00","30","야간","화","1","3","1","1","0","경북","김천시","차대사람","횡단중","횡단중","운전자법규위반","보행자 보호의무 위반","단일로","기타단일로","승용차","소형","보행자","보행자","1052902","1793547","128.08798706","36.13752297"
"2016","2016-04-30 04:00","00","야간","토","1","5","2","2","0","경기","양평군","차량단독","전도전복","전도전복","운전자법규위반","안전운전 의무 불이행","단일로","기타단일로","화물차","소형","","","1005756","1942291","127.56510293","37.47983358"
"2016","2016-04-28 14:00","20","주간","목","1","1","0","0","0","충북","청주시","차대차","기타","기타","운전자법규위반","안전운전 의무 불이행","교차로","교차로내","화물차","소형","자전거","자전거","996944","1852150","127.46580211","36.66728704"
"2016","2016-04-27 20:00","55","야간","수","1","1","0","0","0","경기","수원시","차대사람","횡단중","횡단중","운전자법규위반","안전운전 의무 불이행","단일로","기타단일로","승용차","중형","보행자","보행자","957065","1921866","127.01557977","37.29475255"
"2016","2016-05-01 02:00","37","야간","일","1","1","0","0","0","경기","고양시","차대사람","기타","기타","운전자법규위반","안전운전 의무 불이행","단일로","기타단일로","승용차","중형","보행자","보행자","935092","1965503","126.76383173","37.68677596"
"2016","2016-04-06 21:00","50","야간","수","1","1","0","0","0","부산","영도구","차대사람","횡단중","횡단중","운전자법규위반","보행자 보호의무 위반","단일로","기타단일로","승용차","중형","보행자","보행자","1140026","1678142","129.03600871","35.08873026"
"2016","2016-04-06 10:00","10","주간","수","1","1","0","0","0","서울","성동구","차량단독","기타","기타","운전자법규위반","안전운전 의무 불이행","단일로","기타단일로","자전거","자전거","","","962110","1951074","127.07099959","37.55823891"
"2016","2016-04-04 20:00","00","야간","월","1","1","0","0","0","강원","홍천군","차대사람","차도통행중","차도통행중","운전자법규위반","안전운전 의무 불이행","단일로","기타단일로","화물차","중형","보행자","보행자","1035892","1966199","127.90712196","37.69464427"
"2016","2016-04-06 20:00","40","야간","수","1","1","0","0","0","경남","양산시","차대차","측면직각충돌","측면직각충돌","운전자법규위반","신호위반","교차로","교차로내","승용차","대형","이륜차","소형","1151219","1714100","129.16546102","35.4111656"
"2016","2016-04-09 21:00","28","야간","토","1","1","0","0","0","경북","안동시","차량단독","전도전복","전도전복","운전자법규위반","안전운전 의무 불이행","단일로","기타단일로","이륜차","소형","","","1113220","1849945","128.76651232","36.64068096"
"2016","2016-04-09 17:00","00","주간","토","1","1","0","0","0","울산","중구","차대사람","횡단중","횡단중","운전자법규위반","안전운전 의무 불이행","교차로","교차로내","승용차","대형","보행자","보행자","1162375","1729696","129.29139348","35.5499652"
"2016","2016-04-14 10:00","28","주간","목","1","1","0","0","0","경기","광명시","차대사람","길가장자리구역통행중","길가장자리구역통행중","운전자법규위반","안전운전 의무 불이행","단일로","기타단일로","화물차","소형","보행자","보행자","945014","1937663","126.87844574","37.43650175"
"2016","2016-04-15 13:00","00","주간","금","1","1","0","0","0","경기","포천시","차대차","추돌","진행중 추돌","운전자법규위반","과속","단일로","기타단일로","화물차","소형","이륜차","소형","977741","1978293","127.24714434","37.80408236"
"2016","2016-04-13 05:00","15","야간","수","1","2","0","1","0","충북","청주시","차대차","측면직각충돌","측면직각충돌","운전자법규위반","신호위반","교차로","교차로내","이륜차","소형","승용차","중형","995016","1846457","127.444264","36.61595666"
"2016","2016-04-13 08:00","50","주간","수","1","2","0","1","0","전남","해남군","차대차","정면충돌","정면충돌","운전자법규위반","안전운전 의무 불이행","교차로","교차로내","승용차","경형","원동기장치자전거","원동기장치자전거","891605","1628154","126.31729056","34.64190638"
"2016","2016-04-17 15:00","55","주간","일","1","1","0","0","0","부산","영도구","차대사람","횡단중","횡단중","운전자법규위반","과속","단일로","기타단일로","승용차","중형","보행자","보행자","1142267","1679151","129.06084928","35.09746521"
"2016","2016-04-18 08:00","30","주간","월","1","1","0","0","0","경기","여주시","차대차","측면직각충돌","측면직각충돌","운전자법규위반","과속","교차로","교차로내","화물차","중형","자전거","자전거","1007182","1922242","127.58103686","37.29910539"
"2016","2016-04-16 22:00","40","야간","토","1","1","0","0","0","경기","파주시","차량단독","전도전복","전도전복","운전자법규위반","안전운전 의무 불이행","단일로","기타단일로","원동기장치자전거","원동기장치자전거","","","938803","1973369","126.80525607","37.75792478"
"2016","2016-04-19 18:00","35","야간","화","1","2","0","1","0","광주","북구","차대차","측면직각충돌","측면직각충돌","운전자법규위반","교차로 통행방법 위반","교차로","교차로내","승용차","중형","승용차","소형","943138","1689343","126.87536336","35.19780602"
"2016","2016-04-20 18:00","55","야간","수","1","1","0","0","0","전북","군산시","차량단독","전도전복","전도전복","운전자법규위반","안전운전 의무 불이행","단일로","기타단일로","원동기장치자전거","원동기장치자전거","","","933560","1768758","126.76363547","35.91321308"
"2016","2016-04-21 03:00","36","야간","목","1","1","0","0","0","전북","임실군","차대차","정면충돌","정면충돌","운전자법규위반","중앙선 침범","단일로","기타단일로","자전거","자전거","화물차","소형","985451","1726313","127.33951493","35.53266489"