"발생년","발생년월일시","발생분","주야","요일","사망자수","사상자수","중상자수","경상자수","부상신고자수","발생지시도","발생지시군구","사고유형_대분류","사고유형_중분류","사고유형","법규위반_대분류","법규위반","도로형태_대분류","도로형태","당사자종별_1당_대분류","당사자종별_1당","당사자종별_2당_대분류","당사자종별_2당","발생위치X_UTMK","발생위치Y_UTMK","경도","위도"
"2016","2016-04-26 09:00","12","주간","화","1","1","0","0","0","강원","영월군","차량단독","도로이탈","도로이탈 기타","운전자법규위반","안전운전 의무 불이행","단일로","기타단일로","농기계","농기계","","","1068378","1919141","128.27569713","37.28806952"
"2016","2016-04-27 04:00","12","야간","수","1","1","0","0","0","충남","공주시","차량단독","공작물충돌","공작물충돌","운전자법규위반","안전운전 의무 불이행","단일로","기타단일로","승용차","대형","","","978499","1819281","127.26031162","36.37073222"
"2016","2016-05-02 20:00","30","야간","월","1","1","0","0","0","서울","강동구","차대사람","기타","기타","운전자법규위반","안전운전 의무 불이행","단일로","기타단일로","화물차","소형","보행자","보행자","967866","1948418","127.15264795","37.53887043"
"2016","2016-05-02 12:00","00","주간","월","1","1","0","0","0","경기","의정부시","차대사람","기타","기타","운전자법규위반","안전운전 의무 불이행","교차로","교차로내","승용차","중형","보행자","보행자","960078","1969668","127.0469768","37.72574391"
"2016","2016-05-01 19:00","25","야간","일","1","1","0","0","0","대구","중구","차대사람","횡단중","횡단중","운전자법규위반","안전운전 의무 불이행","교차로","교차로내","승용차","경형","보행자","보행자","1097763","1762822","128.58234553","35.8636602"
"2016","2016-04-30 04:00","55","야간","토","1","1","0","0","0","경남","창원시(통합)","차대사람","횡단중","횡단중","운전자법규위반","안전운전 의무 불이행","교차로","교차로내","화물차","소형","보행자","보행자","1106994","1691690","128.67556928","35.21487246"
"2016","2016-04-11 19:00","13","야간","월","1","1","0","0","0","경기","안양시","차대차","추돌","진행중 추돌","운전자법규위반","중앙선 침범","단일로","교량위","승용차","대형","자전거","자전거","947753","1932396","126.9097781","37.38918734"
"2016","2016-04-10 19:00","18","야간","일","1","1","0","0","0","제주","서귀포시","차대사람","횡단중","횡단중","운전자법규위반","과속","교차로","교차로부근","승용차","중형","보행자","보행자","910105","1473591","126.53489784","33.25001463"
"2016","2016-04-10 00:00","15","야간","일","1","1","0","0","0","경북","경산시","차대사람","기타","기타","운전자법규위반","안전운전 의무 불이행","단일로","기타단일로","승용차","경형","보행자","보행자","1119074","1764325","128.81894406","35.86806784"
"2016","2016-04-09 05:00","30","야간","토","1","1","0","0","0","대구","서구","차대사람","횡단중","횡단중","운전자법규위반","안전운전 의무 불이행","단일로","기타단일로","승용차","중형","보행자","보행자","1095645","1765247","128.55958391","35.87914194"
"2016","2016-06-05 13:00","05","주간","일","1","1","0","0","0","경북","김천시","차대차","측면직각충돌","측면직각충돌","운전자법규위반","안전운전 의무 불이행","단일로","기타단일로","이륜차","소형","화물차","경형","1065954","1799248","128.23352447","36.18811728"
"2016","2016-06-03 19:00","00","야간","금","1","1","0","0","0","경북","영천시","차대차","측면직각충돌","측면직각충돌","운전자법규위반","신호위반","교차로","교차로내","원동기장치자전거","원동기장치자전거","승용차","중형","1130351","1774454","128.94548163","35.95812025"
"2016","2016-05-13 20:00","00","야간","금","1","1","0","0","0","전남","영암군","차대사람","횡단중","횡단중","운전자법규위반","신호위반","교차로","교차로부근","승용차","대형","보행자","보행자","901705","1642775","126.42577172","34.77475242"
"2016","2016-05-14 02:00","32","야간","토","1","2","0","1","0","부산","수영구","차대사람","차도통행중","차도통행중","운전자법규위반","과속","단일로","기타단일로","승용차","대형","보행자","보행자","1146374","1683804","129.1067162","35.13881765"
"2016","2016-05-12 09:00","12","주간","목","1","1","0","0","0","인천","남동구","차대사람","보도통행중","보도통행중","운전자법규위반","교차로 통행방법 위반","교차로","교차로내","승용차","소형","보행자","보행자","931093","1939380","126.72093617","37.45104475"
"2016","2016-05-18 10:00","30","주간","수","1","1","0","0","0","경기","화성시","차대사람","차도통행중","차도통행중","운전자법규위반","안전운전 의무 불이행","단일로","기타단일로","특수차","중형","보행자","보행자","953130","1901054","126.97249131","37.10696857"
"2016","2016-05-18 10:00","45","주간","수","1","2","1","0","0","부산","진구","차대차","측면직각충돌","측면직각충돌","운전자법규위반","신호위반","교차로","교차로내","화물차","소형","이륜차","소형","1141605","1685809","129.05472911","35.1575732"
"2016","2016-05-16 11:00","15","주간","월","1","1","0","0","0","충남","천안시","차대사람","기타","기타","운전자법규위반","안전운전 의무 불이행","기타/불명","기타/불명","승용차","소형","보행자","보행자","968769","1869006","127.14982563","36.81873016"
"2016","2016-05-19 23:00","40","야간","목","1","1","0","0","0","세종","세종","차대차","추돌","진행중 추돌","운전자법규위반","안전운전 의무 불이행","단일로","기타단일로","승용차","경형","자전거","자전거","975996","1828919","127.23211079","36.45756167"
"2016","2016-05-23 14:00","10","주간","월","1","2","1","0","0","경기","포천시","차대차","정면충돌","정면충돌","운전자법규위반","중앙선 침범","단일로","기타단일로","화물차","중형","승용차","중형","978581","2002677","127.25596145","38.02387424"
"2016","2016-05-28 00:00","45","야간","토","1","1","0","0","0","경기","부천시","차대사람","길가장자리구역통행중","길가장자리구역통행중","운전자법규위반","안전운전 의무 불이행","단일로","기타단일로","승합차","대형","보행자","보행자","935910","1945800","126.77483413","37.50925449"
"2016","2016-05-28 20:00","50","야간","토","1","2","1","0","0","경남","고성군","차대차","추돌","진행중 추돌","운전자법규위반","안전운전 의무 불이행","단일로","기타단일로","승용차","중형","농기계","농기계","1067176","1679580","128.23713517","35.10914088"
"2016","2016-05-27 22:00","50","야간","금","1","1","0","0","0","충북","청주시","차대사람","횡단중","횡단중","운전자법규위반","안전운전 의무 불이행","교차로","교차로부근","승용차","중형","보행자","보행자","993057","1849277","127.42233104","36.64136666"
"2016","2016-06-05 14:00","55","주간","일","1","4","3","0","0","경북","상주시","차량단독","공작물충돌","공작물충돌","운전자법규위반","안전운전 의무 불이행","교차로","교차로내","승용차","대형","","","1052109","1809620","128.08024231","36.28246666"
"2016","2016-06-03 08:00","10","주간","금","1","1","0","0","0","경남","거창군","차대차","정면충돌","정면충돌","운전자법규위반","과속","교차로","교차로내","승용차","대형","이륜차","소형","1038316","1744518","127.92351072","35.69617246"
"2016","2016-06-01 16:00","00","주간","수","1","5","3","1","0","경기","양평군","차대차","정면충돌","정면충돌","운전자법규위반","직진 및 우회전차의 통행방해","교차로","교차로내","승용차","소형","승용차","중형","996290","1953340","127.45798241","37.57943554"
"2016","2016-06-01 04:00","15","야간","수","1","1","0","0","0","전남","여수시","차대사람","횡단중","횡단중","운전자법규위반","안전운전 의무 불이행","단일로","횡단보도상","화물차","소형","보행자","보행자","1020049","1637671","127.71900261","34.73326835"
"2016","2016-05-06 01:00","22","야간","금","1","1","0","0","0","대구","서구","차량단독","전도전복","전도전복","운전자법규위반","안전운전 의무 불이행","단일로","기타단일로","이륜차","소형","","","1096957","1764464","128.57479891","35.87213594"
"2016","2016-05-05 01:00","50","야간","목","1","3","1","1","0","서울","강남구","차대사람","횡단중","횡단중","운전자법규위반","안전운전 의무 불이행","단일로","기타단일로","이륜차","중형","보행자","보행자","957882","1945422","127.02345477","37.50711207"
"2016","2016-05-05 13:00","10","주간","목","1","1","0","0","0","제주","제주시","차대차","정면충돌","정면충돌","운전자법규위반","교차로 통행방법 위반","교차로","교차로내","자전거","자전거","화물차","소형","910113","1501140","126.53229593","33.49829638"
"2016","2016-05-03 21:00","50","야간","화","1","1","0","0","0","서울","영등포구","차대사람","기타","기타","운전자법규위반","안전운전 의무 불이행","단일로","기타단일로","화물차","중형","보행자","보행자","947793","1948254","126.90910627","37.53212167"
"2016","2016-05-10 07:00","20","주간","화","1","1","0","0","0","경기","양주시","차대차","측면직각충돌","측면직각충돌","운전자법규위반","중앙선 침범","교차로","교차로부근","화물차","소형","화물차","경형","963663","1978514","127.08721441","37.80562244"
"2016","2016-05-10 05:00","35","야간","화","1","1","0","0","0","대전","서구","차대차","측면직각충돌","측면직각충돌","운전자법규위반","안전운전 의무 불이행","교차로","교차로내","승용차","경형","자전거","자전거","990428","1816052","127.39333286","36.3418143"
"2016","2016-05-10 13:00","59","주간","화","1","1","0","0","0","경남","창녕군","차량단독","도로이탈","도로이탈 추락","운전자법규위반","안전운전 의무 불이행","단일로","기타단일로","승용차","중형","","","1091248","1727911","128.506638","35.54297855"
"2016","2016-05-07 02:00","35","야간","토","1","1","0","0","0","경기","오산시","차대차","측면직각충돌","측면직각충돌","운전자법규위반","신호위반","교차로","교차로내","승용차","소형","원동기장치자전거","원동기장치자전거","962065","1904215","127.07288933","37.13586653"
"2016","2016-05-07 05:00","00","야간","토","1","1","0","0","0","충남","천안시","차대사람","횡단중","횡단중","운전자법규위반","안전운전 의무 불이행","단일로","기타단일로","승용차","중형","보행자","보행자","969504","1869669","127.15804001","36.82473078"
"2016","2016-05-14 11:00","40","주간","토","1","1","0","0","0","경북","상주시","차대차","측면직각충돌","측면직각충돌","운전자법규위반","과속","단일로","기타단일로","화물차","소형","이륜차","소형","1057373","1824424","128.13994593","36.4156238"
"2016","2016-05-12 15:00","27","주간","목","1","1","0","0","0","충남","아산시","차량단독","기타","기타","운전자법규위반","안전운전 의무 불이행","기타/불명","기타/불명","원동기장치자전거","원동기장치자전거","","","945215","1875020","126.88530585","36.87187031"
"2016","2016-05-11 17:00","51","주간","수","1","2","0","1","0","서울","영등포구","차대차","정면충돌","정면충돌","운전자법규위반","안전운전 의무 불이행","단일로","기타단일로","자전거","자전거","자전거","자전거","945653","1950331","126.88473257","37.55071817"
"2016","2016-05-11 14:00","25","주간","수","1","1","0","0","0","광주","동구","차대차","정면충돌","정면충돌","운전자법규위반","신호위반","교차로","교차로내","승용차","소형","이륜차","소형","946478","1684659","126.91235596","35.15575548"
"2016","2016-05-17 11:00","50","주간","화","1","1","0","0","0","경기","안양시","차대차","추돌","진행중 추돌","운전자법규위반","안전운전 의무 불이행","단일로","기타단일로","화물차","소형","이륜차","소형","945286","1933970","126.88179392","37.4032319"
"2016","2016-05-17 11:00","40","주간","화","1","1","0","0","0","전남","신안군","차량단독","전도전복","전도전복","운전자법규위반","안전운전 의무 불이행","기타/불명","기타/불명","이륜차","사발이","","","873464","1646550","126.11663915","34.80567043"
"2016","2016-05-16 08:00","45","주간","월","1","1","0","0","0","전남","장흥군","차대차","측면직각충돌","측면직각충돌","운전자법규위반","직진 및 우회전차의 통행방해","교차로","교차로내","원동기장치자전거","원동기장치자전거","화물차","소형","948019","1632462","126.93252379","34.68517008"
"2016","2016-05-20 06:00","18","주간","금","1","1","0","0","0","충남","태안군","차량단독","전도전복","전도전복","운전자법규위반","안전운전 의무 불이행","교차로","교차로부근","화물차","소형","","","893685","1861844","126.30906028","36.74872206"
"2016","2016-05-19 13:00","37","주간","목","1","1","0","0","0","인천","연수구","차대차","기타","기타","운전자법규위반","신호위반","교차로","교차로내","건설기계","건설기계","승용차","중형","924472","1934710","126.64656427","37.40843798"
"2016","2016-05-20 15:00","15","주간","금","1","4","0","3","0","광주","광산구","차대차","측면직각충돌","측면직각충돌","운전자법규위반","안전운전 의무 불이행","고가도로위","고가도로위","화물차","소형","승용차","경형","936315","1685171","126.80073874","35.15977938"
"2016","2016-05-24 10:00","10","주간","화","1","3","0","2","0","경기","남양주시","차대차","정면충돌","정면충돌","운전자법규위반","중앙선 침범","단일로","기타단일로","화물차","소형","승합차","대형","973956","1966670","127.20456516","37.69922226"
"2016","2016-05-28 14:00","15","주간","토","1","1","0","0","0","충남","보령시","차량단독","전도전복","전도전복","운전자법규위반","안전운전 의무 불이행","단일로","기타단일로","이륜차","소형","","","912474","1815498","126.52476501","36.33288834"
"2016","2016-05-27 22:00","21","야간","금","1","1","0","0","0","서울","광진구","차대사람","횡단중","횡단중","운전자법규위반","안전운전 의무 불이행","단일로","기타단일로","승용차","중형","보행자","보행자","963173","1951476","127.08289961","37.56202936"
"2016","2016-06-01 03:00","27","야간","수","1","3","1","1","0","대전","유성구","차대차","측면직각충돌","측면직각충돌","운전자법규위반","신호위반","교차로","교차로부근","승용차","경형","승용차","경형","985475","1818566","127.33809153","36.36441695"
"2016","2016-05-31 21:00","10","야간","화","1","1","0","0","0","경기","용인시","차대사람","횡단중","횡단중","운전자법규위반","안전운전 의무 불이행","단일로","기타단일로","승용차","경형","보행자","보행자","962443","1923461","127.07617552","37.30936222"
"2016","2016-05-04 10:00","16","주간","수","1","1","0","0","0","전남","장흥군","차량단독","전도전복","전도전복","운전자법규위반","안전운전 의무 불이행","기타/불명","기타/불명","원동기장치자전거","원동기장치자전거","","","951143","1627465","126.9669158","34.64026339"
"2016","2016-07-16 11:00","05","주간","토","1","1","0","0","0","경기","양평군","차량단독","전도전복","전도전복","운전자법규위반","안전운전 의무 불이행","단일로","기타단일로","화물차","중형","","","996094","1946628","127.45579835","37.51893553"
"2016","2016-07-01 17:00","25","주간","금","1","1","0","0","0","경북","영천시","차대차","정면충돌","정면충돌","운전자법규위반","신호위반","교차로","교차로내","승합차","대형","원동기장치자전거","원동기장치자전거","1118761","1778999","128.81767133","36.00056606"
"2016","2016-07-01 13:00","40","주간","금","1","1","0","0","0","경북","영천시","차대사람","길가장자리구역통행중","길가장자리구역통행중","운전자법규위반","안전운전 의무 불이행","단일로","기타단일로","승용차","중형","보행자","보행자","1133652","1783824","128.9836574","36.04212485"
"2016","2016-06-30 17:00","05","주간","목","1","1","0","0","0","경남","거제시","차대차","측면직각충돌","측면직각충돌","운전자법규위반","차로위반(진로변경 위반)","단일로","기타단일로","이륜차","소형","승합차","중형","1106711","1658126","128.66814136","34.91230771"
"2016","2016-06-05 18:00","25","야간","일","1","1","0","0","0","충남","부여군","차대차","추돌","진행중 추돌","운전자법규위반","안전운전 의무 불이행","교차로","교차로부근","승용차","소형","이륜차","소형","937389","1799022","126.80367106","36.18630194"
"2016","2016-06-06 02:00","02","야간","월","1","1","0","0","0","전북","전주시","차대사람","횡단중","횡단중","운전자법규위반","안전운전 의무 불이행","교차로","교차로내","승용차","경형","보행자","보행자","967953","1759032","127.14519931","35.8272564"
"2016","2016-06-11 19:00","00","야간","토","1","1","0","0","0","전북","부안군","차량단독","전도전복","전도전복","운전자법규위반","안전운전 의무 불이행","단일로","기타단일로","농기계","농기계","","","928021","1743221","126.70454936","35.68259531"
"2016","2016-06-11 16:00","10","주간","토","1","1","0","0","0","경기","평택시","차대차","측면직각충돌","측면직각충돌","운전자법규위반","교차로 통행방법 위반","교차로","교차로내","특수차","대형","원동기장치자전거","원동기장치자전거","961107","1889328","127.06287428","37.00163484"
"2016","2016-06-11 10:00","14","주간","토","1","1","0","0","0","강원","인제군","차량단독","전도전복","전도전복","운전자법규위반","안전운전 의무 불이행","단일로","기타단일로","승용차","경형","","","1058944","2017270","128.1727675","38.15372388"
"2016","2016-06-11 15:00","54","주간","토","1","1","0","0","0","충남","아산시","차량단독","공작물충돌","공작물충돌","운전자법규위반","안전운전 의무 불이행","단일로","기타단일로","이륜차","중형","","","956553","1863484","127.01317392","36.76847033"
"2016","2016-06-16 06:00","05","주간","목","1","1","0","0","0","강원","고성군","차대차","정면충돌","정면충돌","운전자법규위반","중앙선 침범","단일로","기타단일로","승용차","대형","이륜차","소형","1089705","2026692","128.52501008","38.23609142"
"2016","2016-06-15 00:00","20","야간","수","1","1","0","0","0","서울","송파구","차대사람","횡단중","횡단중","운전자법규위반","안전운전 의무 불이행","단일로","기타단일로","승용차","중형","보행자","보행자","963663","1945206","127.08868247","37.50509029"
"2016","2016-06-14 20:00","12","야간","화","1","2","1","0","0","경북","청도군","차대차","측면직각충돌","측면직각충돌","운전자법규위반","중앙선 침범","단일로","기타단일로","농기계","농기계","화물차","소형","1123511","1749937","128.86585644","35.73802345"
"2016","2016-06-14 08:00","10","주간","화","1","1","0","0","0","경기","여주시","차대차","정면충돌","정면충돌","운전자법규위반","안전운전 의무 불이행","단일로","기타단일로","건설기계","건설기계","이륜차","소형","1000699","1927237","127.50789176","37.34415749"
"2016","2016-06-21 03:00","05","야간","화","1","1","0","0","0","경기","수원시","차량단독","공작물충돌","공작물충돌","운전자법규위반","안전운전 의무 불이행","단일로","기타단일로","이륜차","대형","","","962612","1921232","127.07819483","37.28927744"
"2016","2016-06-18 12:00","50","주간","토","1","5","0","3","1","경기","용인시","차대차","측면직각충돌","측면직각충돌","운전자법규위반","신호위반","교차로","교차로내","승용차","경형","승용차","경형","965050","1920519","127.10573285","37.28294543"
"2016","2016-06-18 09:00","30","주간","토","1","2","0","1","0","대전","유성구","차대차","측면직각충돌","측면직각충돌","운전자법규위반","신호위반","교차로","교차로내","원동기장치자전거","원동기장치자전거","승용차","경형","989750","1827094","127.38563174","36.44135465"
"2016","2016-06-17 13:00","00","주간","금","1","1","0","0","0","충남","논산시","차량단독","전도전복","전도전복","운전자법규위반","안전운전 의무 불이행","단일로","기타단일로","원동기장치자전거","원동기장치자전거","","","964908","1796971","127.10980672","36.16920024"
"2016","2016-06-22 01:00","40","야간","수","1","1","0","0","0","경남","통영시","차대사람","횡단중","횡단중","운전자법규위반","안전운전 의무 불이행","단일로","기타단일로","승용차","소형","보행자","보행자","1085241","1651276","128.4324473","34.85257706"
"2016","2016-06-27 09:00","15","주간","월","1","3","1","0","1","충북","청주시","차대차","기타","기타","운전자법규위반","신호위반","교차로","교차로내","승용차","경형","승용차","경형","996332","1846337","127.45898137","36.61488084"
"2016","2016-07-02 06:00","30","주간","토","1","3","2","0","0","강원","원주시","차대차","정면충돌","정면충돌","운전자법규위반","중앙선 침범","단일로","기타단일로","화물차","소형","화물차","소형","1033983","1935303","127.89186053","37.41646733"
"2016","2016-07-03 03:00","25","야간","일","1","1","0","0","0","경북","영덕군","차대사람","기타","기타","운전자법규위반","안전운전 의무 불이행","단일로","기타단일로","건설기계","건설기계","보행자","보행자","1171059","1833415","129.40957516","36.48311157"
"2016","2016-07-12 11:00","38","주간","화","1","1","0","0","0","충남","부여군","차대차","측면직각충돌","측면직각충돌","운전자법규위반","중앙선 침범","단일로","기타단일로","원동기장치자전거","원동기장치자전거","승합차","소형","949493","1810622","126.93753062","36.29158499"
"2016","2016-07-11 02:00","50","야간","월","1","1","0","0","0","전남","여수시","차대사람","횡단중","횡단중","운전자법규위반","안전운전 의무 불이행","단일로","기타단일로","승용차","경형","보행자","보행자","1021955","1638549","127.73984527","34.74114672"
"2016","2016-07-12 13:00","40","주간","화","1","1","0","0","0","인천","연수구","차량단독","기타","기타","운전자법규위반","기타(운전자법규위반)","단일로","기타단일로","승합차","대형","","","927008","1936281","126.67506199","37.42280055"
"2016","2016-07-10 12:00","10","주간","일","1","1","0","0","0","전남","영암군","차량단독","공작물충돌","공작물충돌","운전자법규위반","안전운전 의무 불이행","단일로","기타단일로","이륜차","소형","","","898660","1639277","126.39292061","34.74291591"
"2016","2016-07-10 19:00","00","야간","일","1","1","0","0","0","경북","의성군","차대사람","기타","기타","운전자법규위반","안전운전 의무 불이행","단일로","기타단일로","승용차","경형","보행자","보행자","1093644","1817810","128.54367136","36.35315291"
"2016","2016-07-18 11:00","45","주간","월","1","3","0","2","0","강원","양양군","차대차","정면충돌","정면충돌","운전자법규위반","중앙선 침범","교차로","교차로부근","승합차","중형","화물차","중형","1098679","2008864","128.62506253","38.07450459"
"2016","2016-07-16 22:00","25","야간","토","1","2","0","1","0","충남","금산군","차대차","정면충돌","정면충돌","운전자법규위반","신호위반","교차로","교차로내","원동기장치자전거","원동기장치자전거","승용차","중형","999423","1790824","127.49358869","36.11441617"
"2016","2016-07-16 21:00","47","야간","토","1","1","0","0","0","경기","평택시","차대사람","횡단중","횡단중","운전자법규위반","안전운전 의무 불이행","단일로","기타단일로","승용차","중형","보행자","보행자","961194","1901712","127.06321265","37.1132688"
"2016","2016-07-14 17:00","10","주간","목","1","1","0","0","0","경기","양주시","차대사람","횡단중","횡단중","운전자법규위반","안전운전 의무 불이행","교차로","교차로내","화물차","소형","보행자","보행자","952435","1977517","126.95973523","37.79612071"
"2016","2016-07-01 02:00","00","야간","금","1","1","0","0","0","경북","경주시","차대사람","횡단중","횡단중","운전자법규위반","안전운전 의무 불이행","단일로","기타단일로","화물차","소형","보행자","보행자","1159754","1778079","129.27213889","35.98641843"
"2016","2016-07-01 20:00","55","야간","금","1","1","0","0","0","충북","청주시","차대사람","기타","기타","운전자법규위반","안전운전 의무 불이행","교차로","교차로부근","승용차","중형","보행자","보행자","998844","1851566","127.48706477","36.66202652"
"2016","2016-06-08 08:00","00","주간","수","1","3","2","0","0","경북","의성군","차대차","정면충돌","정면충돌","운전자법규위반","중앙선 침범","단일로","기타단일로","승용차","경형","건설기계","건설기계","1085748","1819869","128.45590824","36.37244921"
"2016","2016-06-08 08:00","40","주간","수","1","2","1","0","0","경기","화성시","차대사람","기타","기타","운전자법규위반","안전운전 의무 불이행","단일로","기타단일로","승합차","중형","보행자","보행자","945456","1915810","126.8850498","37.23955825"
"2016","2016-06-06 21:00","45","야간","월","1","1","0","0","0","경기","포천시","차대사람","횡단중","횡단중","운전자법규위반","안전운전 의무 불이행","교차로","교차로내","승용차","중형","보행자","보행자","971118","1984684","127.17165484","37.861499"
"2016","2016-06-07 16:00","45","주간","화","1","1","0","0","0","충남","공주시","차량단독","도로이탈","도로이탈 기타","운전자법규위반","안전운전 의무 불이행","단일로","기타단일로","화물차","소형","","","965959","1845409","127.11937012","36.60591411"
"2016","2016-06-09 17:00","45","주간","목","1","1","0","0","0","전북","완주군","차량단독","전도전복","전도전복","운전자법규위반","안전운전 의무 불이행","단일로","기타단일로","화물차","대형","","","982816","1761734","127.30969211","35.8519911"
"2016","2016-06-09 20:00","50","야간","목","1","1","0","0","0","인천","남동구","차대사람","횡단중","횡단중","운전자법규위반","안전운전 의무 불이행","단일로","기타단일로","승용차","중형","보행자","보행자","929974","1940912","126.71574169","37.46322641"
"2016","2016-06-11 00:00","33","야간","토","1","1","0","0","0","경기","용인시","차대사람","차도통행중","차도통행중","운전자법규위반","안전운전 의무 불이행","단일로","기타단일로","승용차","중형","보행자","보행자","963085","1924495","127.08336878","37.31870812"
"2016","2016-06-10 04:00","30","야간","금","1","1","0","0","0","서울","강남구","차대사람","횡단중","횡단중","운전자법규위반","보행자 보호의무 위반","단일로","횡단보도상","승용차","중형","보행자","보행자","959546","1946146","127.04254791","37.51360342"
"2016","2016-06-17 17:00","38","주간","금","1","1","0","0","0","경북","영천시","차량단독","전도전복","전도전복","운전자법규위반","안전운전 의무 불이행","단일로","기타단일로","원동기장치자전거","원동기장치자전거","","","1136972","1766600","129.01752706","35.88642637"
"2016","2016-08-19 04:00","45","야간","금","1","1","0","0","0","경남","양산시","차대사람","횡단중","횡단중","운전자법규위반","안전운전 의무 불이행","단일로","기타단일로","화물차","소형","보행자","보행자","1139999","1709241","129.04109672","35.3690092"
"2016","2016-08-15 10:00","59","주간","월","1","1","0","0","0","경북","문경시","차량단독","도로이탈","도로이탈 추락","운전자법규위반","안전운전 의무 불이행","단일로","기타단일로","농기계","농기계","","","1063716","1858831","128.21353947","36.72538161"
"2016","2016-08-21 01:00","06","야간","일","1","1","0","0","0","경기","안성시","차량단독","공작물충돌","공작물충돌","운전자법규위반","안전운전 의무 불이행","교차로","교차로부근","승용차","경형","","","978988","1890068","127.26381934","37.00887543"
"2016","2016-08-21 17:00","25","주간","일","1","1","0","0","0","서울","강서구","차대사람","횡단중","횡단중","운전자법규위반","보행자 보호의무 위반","교차로","교차로부근","건설기계","건설기계","보행자","보행자","938529","1952826","126.80387704","37.57275759"
"2016","2016-08-22 16:00","52","주간","월","1","1","0","0","0","강원","영월군","차대사람","횡단중","횡단중","운전자법규위반","안전운전 의무 불이행","단일로","기타단일로","승합차","대형","보행자","보행자","1090081","1916250","128.51561521","37.24076573"
"2016","2016-08-21 18:00","40","야간","일","1","1","0","0","0","전남","구례군","차량단독","공작물충돌","공작물충돌","운전자법규위반","안전운전 의무 불이행","단일로","기타단일로","농기계","농기계","","","994222","1693674","127.43649583","35.2384535"
"2016","2016-08-25 16:00","20","주간","목","1","1","0","0","0","경북","경주시","차대사람","기타","기타","운전자법규위반","안전운전 의무 불이행","단일로","기타단일로","승용차","경형","보행자","보행자","1155383","1761956","129.22052169","35.84182445"
"2016","2016-09-12 22:00","30","야간","월","1","1","0","0","0","충남","태안군","차량단독","도로이탈","도로이탈 추락","운전자법규위반","안전운전 의무 불이행","단일로","기타단일로","승용차","대형","","","897974","1832527","126.36099069","36.48495263"
"2016","2016-09-08 09:00","30","주간","목","1","1","0","0","0","충남","공주시","차대사람","횡단중","횡단중","운전자법규위반","안전운전 의무 불이행","단일로","기타단일로","승용차","중형","보행자","보행자","957040","1827102","127.02066423","36.44051925"
"2016","2016-09-12 01:00","25","야간","월","1","1","0","0","0","서울","중구","차대사람","횡단중","횡단중","운전자법규위반","안전운전 의무 불이행","단일로","기타단일로","승용차","중형","보행자","보행자","957663","1951912","127.02060263","37.56559834"
"2016","2016-09-12 16:00","45","주간","월","1","1","0","0","0","대전","동구","차량단독","전도전복","전도전복","운전자법규위반","안전운전 의무 불이행","단일로","기타단일로","이륜차","사발이","","","998527","1813537","127.48359013","36.31918693"
"2016","2016-09-10 10:00","00","주간","토","1","2","0","0","1","경기","용인시","차대차","정면충돌","정면충돌","운전자법규위반","안전운전 의무 불이행","교차로","교차로부근","화물차","소형","화물차","소형","974009","1913107","127.20705571","37.21642765"
"2016","2016-09-10 02:00","10","야간","토","1","1","0","0","0","대구","남구","차대사람","횡단중","횡단중","운전자법규위반","안전운전 의무 불이행","단일로","기타단일로","승용차","중형","보행자","보행자","1096762","1760533","128.57138444","35.83653744"
"2016","2016-09-11 17:00","03","주간","일","1","2","0","1","0","경남","양산시","차대차","정면충돌","정면충돌","운전자법규위반","중앙선 침범","단일로","기타단일로","이륜차","소형","승용차","경형","1128784","1709378","128.91769976","35.37175538"
"2016","2016-09-12 23:00","00","야간","월","1","1","0","0","0","충북","청주시","차대사람","횡단중","횡단중","운전자법규위반","안전운전 의무 불이행","교차로","교차로부근","승합차","대형","보행자","보행자","1002361","1856517","127.52643403","36.7066571"
"2016","2016-09-13 05:00","30","야간","화","1","1","0","0","0","전북","남원시","차대사람","기타","기타","운전자법규위반","안전운전 의무 불이행","단일로","기타단일로","자전거","자전거","보행자","보행자","984736","1721232","127.33164316","35.48684317"
"2016","2016-09-06 08:00","06","주간","화","1","1","0","0","0","서울","종로구","차대차","정면충돌","정면충돌","운전자법규위반","안전운전 의무 불이행","교차로","교차로내","승용차","중형","이륜차","소형","953223","1954095","126.97018938","37.58505923"
"2016","2016-09-07 16:00","16","주간","수","1","1","0","0","0","강원","횡성군","차대사람","횡단중","횡단중","운전자법규위반","과속","단일로","기타단일로","화물차","소형","보행자","보행자","1060377","1952475","128.18370595","37.56966646"
"2016","2016-09-19 20:00","15","야간","월","1","1","0","0","0","경북","성주군","차대차","추돌","진행중 추돌","운전자법규위반","과속","기타/불명","기타/불명","승용차","중형","농기계","농기계","1080181","1765375","128.38830224","35.88168483"
"2016","2016-07-18 15:00","06","주간","월","1","1","0","0","0","강원","인제군","차량단독","전도전복","전도전복","운전자법규위반","안전운전 의무 불이행","단일로","기타단일로","이륜차","소형","","","1077369","2025069","128.38389304","38.22261211"
"2016","2016-07-17 20:00","18","야간","일","1","2","1","0","0","경남","남해군","차대사람","차도통행중","차도통행중","운전자법규위반","안전운전 의무 불이행","단일로","기타단일로","승용차","대형","보행자","보행자","1032853","1643095","127.85907514","34.78184819"