"발생년","발생년월일시","발생분","주야","요일","사망자수","사상자수","중상자수","경상자수","부상신고자수","발생지시도","발생지시군구","사고유형_대분류","사고유형_중분류","사고유형","법규위반_대분류","법규위반","도로형태_대분류","도로형태","당사자종별_1당_대분류","당사자종별_1당","당사자종별_2당_대분류","당사자종별_2당","발생위치X_UTMK","발생위치Y_UTMK","경도","위도"
"2016","2016-07-16 19:00","02","야간","토","1","1","0","0","0","전남","완도군","차대차","기타","기타","운전자법규위반","안전운전 의무 불이행","단일로","기타단일로","승용차","경형","승용차","중형","937634","1592955","126.82204827","34.32833366"
"2016","2016-07-16 10:00","50","주간","토","1","1","0","0","0","경기","파주시","차대차","측면직각충돌","측면직각충돌","운전자법규위반","중앙선 침범","단일로","기타단일로","화물차","대형","화물차","소형","942286","1995027","126.84306467","37.95334459"
"2016","2016-07-16 22:00","58","야간","토","1","1","0","0","0","경남","창원시(통합)","차량단독","전도전복","전도전복","운전자법규위반","안전운전 의무 불이행","단일로","기타단일로","이륜차","소형","","","1102820","1690414","128.62955727","35.20380544"
"2016","2016-07-17 09:00","05","주간","일","2","5","0","3","0","강원","삼척시","차대차","측면직각충돌","측면직각충돌","운전자법규위반","교차로 통행방법 위반","교차로","교차로내","승용차","경형","건설기계","건설기계","1146408","1941616","129.15548971","37.46216923"
"2016","2016-07-16 10:00","05","주간","토","1","2","1","0","0","전북","김제시","차대차","측면직각충돌","측면직각충돌","운전자법규위반","중앙선 침범","교차로","교차로내","화물차","소형","원동기장치자전거","원동기장치자전거","955161","1747299","127.00423689","35.72097083"
"2016","2016-07-15 20:00","20","야간","금","1","7","6","0","0","경기","안산시","차대차","정면충돌","정면충돌","운전자법규위반","중앙선 침범","단일로","기타단일로","화물차","소형","승용차","중형","942918","1920804","126.85605389","37.28441943"
"2016","2016-07-15 23:00","45","야간","금","1","2","0","1","0","경기","용인시","차대차","측면직각충돌","측면직각충돌","운전자법규위반","안전운전 의무 불이행","단일로","기타단일로","승용차","대형","이륜차","소형","963765","1917148","127.09140146","37.25251077"
"2016","2016-07-15 00:00","30","야간","금","1","1","0","0","0","서울","서초구","차대사람","횡단중","횡단중","운전자법규위반","안전운전 의무 불이행","단일로","기타단일로","승용차","중형","보행자","보행자","954978","1941805","126.99118453","37.47446997"
"2016","2016-07-15 16:00","20","주간","금","1","1","0","0","0","대구","남구","차대사람","횡단중","횡단중","운전자법규위반","안전운전 의무 불이행","단일로","기타단일로","화물차","소형","보행자","보행자","1099547","1761812","128.60237547","35.84778816"
"2016","2016-07-15 02:00","00","야간","금","1","1","0","0","0","서울","용산구","차대차","기타","기타","운전자법규위반","신호위반","교차로","교차로내","승용차","중형","이륜차","소형","954995","1946905","126.99070005","37.52034249"
"2016","2016-07-15 10:00","25","주간","금","1","1","0","0","0","경기","시흥시","차대차","측면직각충돌","측면직각충돌","운전자법규위반","안전운전 의무 불이행","교차로","교차로내","화물차","대형","자전거","자전거","932340","1927809","126.73609296","37.34684723"
"2016","2016-07-21 08:00","00","주간","목","1","2","0","1","0","경북","의성군","차대차","정면충돌","정면충돌","운전자법규위반","중앙선 침범","단일로","기타단일로","승용차","경형","이륜차","소형","1084196","1821527","128.43878847","36.38753186"
"2016","2016-07-20 07:00","40","주간","수","1","1","0","0","0","광주","서구","차대사람","기타","기타","운전자법규위반","안전운전 의무 불이행","교차로","교차로내","승합차","중형","보행자","보행자","941655","1681904","126.85970684","35.13065305"
"2016","2016-06-30 04:00","12","야간","목","1","2","1","0","0","대전","유성구","차대차","정면충돌","정면충돌","운전자법규위반","중앙선 침범","단일로","기타단일로","승용차","소형","승용차","경형","982590","1819840","127.3059044","36.37585458"
"2016","2016-06-29 17:00","45","주간","수","1","1","0","0","0","경북","문경시","차량단독","공작물충돌","공작물충돌","운전자법규위반","안전운전 의무 불이행","단일로","기타단일로","원동기장치자전거","원동기장치자전거","","","1044449","1845968","127.99703591","36.61052481"
"2016","2016-06-13 07:00","50","주간","월","1","1","0","0","0","충남","홍성군","차량단독","전도전복","전도전복","운전자법규위반","안전운전 의무 불이행","단일로","기타단일로","이륜차","소형","","","930061","1847395","126.71782054","36.62185841"
"2016","2016-06-11 00:00","56","야간","토","1","1","0","0","0","전북","순창군","차대사람","기타","기타","운전자법규위반","안전운전 의무 불이행","단일로","기타단일로","화물차","중형","보행자","보행자","967393","1710074","127.14097695","35.38581514"
"2016","2016-06-16 08:00","25","주간","목","1","1","0","0","0","경기","시흥시","차대사람","차도통행중","차도통행중","운전자법규위반","안전운전 의무 불이행","교차로","교차로부근","화물차","소형","보행자","보행자","936937","1939184","126.78702041","37.44969526"
"2016","2016-06-16 02:00","00","야간","목","1","1","0","0","0","대구","달서구","차대차","정면충돌","정면충돌","운전자법규위반","신호위반","교차로","교차로내","승용차","경형","이륜차","소형","1091806","1762965","128.51673902","35.85886092"
"2016","2016-06-14 13:00","05","주간","화","1","1","0","0","0","충남","서산시","차대차","정면충돌","정면충돌","운전자법규위반","안전운전 의무 불이행","단일로","기타단일로","이륜차","사발이","이륜차","소형","904922","1874645","126.43331674","36.86529266"
"2016","2016-06-15 02:00","02","야간","수","1","1","0","0","0","경기","수원시","차대사람","횡단중","횡단중","운전자법규위반","안전운전 의무 불이행","단일로","기타단일로","승용차","중형","보행자","보행자","960811","1915530","127.05817714","37.23780683"
"2016","2016-06-20 15:00","20","주간","월","1","1","0","0","0","전남","고흥군","차대차","측면직각충돌","측면직각충돌","운전자법규위반","안전운전 의무 불이행","단일로","기타단일로","이륜차","사발이","화물차","소형","983621","1615167","127.32152113","34.53039401"
"2016","2016-06-17 14:00","22","주간","금","1","1","0","0","0","충북","옥천군","차대사람","횡단중","횡단중","운전자법규위반","안전운전 의무 불이행","교차로","교차로부근","승합차","대형","보행자","보행자","1010811","1805434","127.62032703","36.24607481"
"2016","2016-06-19 04:00","00","야간","일","3","4","1","0","0","대구","수성구","차대차","추돌","진행중 추돌","운전자법규위반","안전운전 의무 불이행","단일로","기타단일로","승용차","경형","화물차","대형","1103140","1761584","128.64212762","35.8453613"
"2016","2016-06-19 03:00","45","야간","일","1","1","0","0","0","부산","연제구","차대차","기타","기타","운전자법규위반","과속","단일로","기타단일로","승용차","중형","승용차","중형","1145228","1687637","129.09452544","35.173584"
"2016","2016-06-25 11:00","08","주간","토","1","1","0","0","0","전북","익산시","차대차","측면직각충돌","측면직각충돌","운전자법규위반","안전운전 의무 불이행","교차로","교차로부근","화물차","소형","자전거","자전거","952032","1787266","126.96723291","36.08115398"
"2016","2016-06-21 14:00","50","주간","화","1","1","0","0","0","경기","의정부시","차대사람","기타","기타","운전자법규위반","안전운전 의무 불이행","단일로","기타단일로","승용차","소형","보행자","보행자","959911","1971079","127.04500398","37.73845399"
"2016","2016-06-23 07:00","00","주간","목","1","1","0","0","0","경북","영천시","차대사람","횡단중","횡단중","운전자법규위반","보행자 보호의무 위반","교차로","교차로부근","화물차","소형","보행자","보행자","1116043","1783493","128.78818087","36.04140075"
"2016","2016-06-22 09:00","20","주간","수","1","1","0","0","0","충남","천안시","차량단독","전도전복","전도전복","운전자법규위반","안전운전 의무 불이행","단일로","기타단일로","이륜차","소형","","","971062","1871586","127.17543703","36.84206061"
"2016","2016-06-25 18:00","15","야간","토","1","1","0","0","0","충북","청주시","차대사람","차도통행중","차도통행중","운전자법규위반","안전운전 의무 불이행","단일로","기타단일로","승용차","중형","보행자","보행자","995533","1848850","127.45003167","36.63753211"
"2016","2016-06-25 03:00","45","야간","토","1","2","1","0","0","경북","경산시","차대차","정면충돌","정면충돌","운전자법규위반","안전운전 의무 불이행","교차로","교차로부근","승용차","대형","이륜차","중형","1110278","1758676","128.72075353","35.81837097"
"2016","2016-06-25 18:00","44","야간","토","1","1","0","0","0","전남","순천시","차대사람","길가장자리구역통행중","길가장자리구역통행중","운전자법규위반","안전운전 의무 불이행","교차로","교차로부근","화물차","소형","보행자","보행자","999057","1659609","127.48967456","34.93129488"
"2016","2016-07-10 18:00","24","야간","일","1","1","0","0","0","광주","광산구","차량단독","기타","기타","운전자법규위반","안전운전 의무 불이행","단일로","기타단일로","자전거","자전거","","","923725","1686591","126.66238133","35.17170573"
"2016","2016-07-15 14:00","10","주간","금","1","1","0","0","0","광주","광산구","차대사람","기타","기타","운전자법규위반","안전운전 의무 불이행","기타/불명","기타/불명","화물차","소형","보행자","보행자","938205","1687692","126.82130076","35.1826281"
"2016","2016-07-15 10:00","50","주간","금","1","1","0","0","0","충남","부여군","차대차","기타","기타","운전자법규위반","안전운전 의무 불이행","교차로","교차로부근","승용차","소형","이륜차","소형","948821","1797869","126.93088109","36.17657941"
"2016","2016-12-14 21:00","43","야간","수","1","1","0","0","0","제주","서귀포시","차대사람","횡단중","횡단중","운전자법규위반","안전운전 의무 불이행","교차로","교차로부근","승용차","중형","보행자","보행자","945356","1495529","126.91207321","33.4502462"
"2016","2016-12-15 06:00","35","주간","목","1","1","0","0","0","광주","남구","차대사람","횡단중","횡단중","운전자법규위반","안전운전 의무 불이행","교차로","교차로부근","화물차","소형","보행자","보행자","944431","1683239","126.88997763","35.14284066"
"2016","2016-12-15 04:00","00","야간","목","1","1","0","0","0","경남","창원시(통합)","차량단독","기타","기타","운전자법규위반","안전운전 의무 불이행","단일로","기타단일로","원동기장치자전거","원동기장치자전거","","","1117595","1681175","128.79052126","35.11889395"
"2016","2016-12-18 18:00","59","야간","일","1","2","0","1","0","경기","안산시","차대차","측면직각충돌","측면직각충돌","운전자법규위반","신호위반","교차로","교차로내","승용차","중형","승합차","대형","935386","1922560","126.77093806","37.29975398"
"2016","2016-10-01 14:00","11","주간","토","1","1","0","0","0","경기","부천시","차대사람","길가장자리구역통행중","길가장자리구역통행중","운전자법규위반","안전운전 의무 불이행","고가도로위","고가도로위","건설기계","건설기계","보행자","보행자","936011","1943024","126.77621837","37.48424155"
"2016","2016-10-03 05:00","17","야간","월","1","1","0","0","0","서울","종로구","차대사람","차도통행중","차도통행중","운전자법규위반","안전운전 의무 불이행","교차로","교차로부근","승용차","중형","보행자","보행자","957208","1953169","127.01537726","37.57690694"
"2016","2016-11-09 08:00","10","주간","수","1","2","1","0","0","충북","음성군","차대차","측면직각충돌","측면직각충돌","운전자법규위반","신호위반","교차로","교차로내","승용차","경형","승용차","중형","1009725","1888211","127.60928805","36.99232032"
"2016","2016-11-08 13:00","40","주간","화","1","2","1","0","0","전북","고창군","차대사람","차도통행중","차도통행중","운전자법규위반","안전운전 의무 불이행","교차로","교차로내","승용차","경형","보행자","보행자","927608","1715544","126.70317521","35.43349315"
"2016","2016-11-12 16:00","27","주간","토","1","1","0","0","0","경기","광주시","차대차","측면직각충돌","측면직각충돌","운전자법규위반","중앙선 침범","단일로","기타단일로","이륜차","사발이","승용차","대형","982807","1941281","127.30556355","37.47058771"
"2016","2016-11-12 04:00","45","야간","토","1","1","0","0","0","전북","남원시","차대차","추돌","진행중 추돌","운전자법규위반","안전운전 의무 불이행","교차로","교차로내","원동기장치자전거","원동기장치자전거","승용차","중형","989609","1713385","127.38554563","35.4161491"
"2016","2016-11-17 15:00","30","주간","목","1","1","0","0","0","전남","순천시","차량단독","도로이탈","도로이탈 추락","운전자법규위반","안전운전 의무 불이행","단일로","기타단일로","화물차","소형","","","995510","1663315","127.45081652","34.96470429"
"2016","2016-11-16 09:00","30","주간","수","1","1","0","0","0","서울","구로구","차대사람","횡단중","횡단중","운전자법규위반","안전운전 의무 불이행","단일로","기타단일로","승용차","중형","보행자","보행자","945513","1943815","126.88363103","37.49198047"
"2016","2016-11-15 14:00","45","주간","화","1","2","1","0","0","전북","순창군","차대사람","보도통행중","보도통행중","운전자법규위반","기타(운전자법규위반)","교차로","교차로내","화물차","대형","보행자","보행자","967439","1709454","127.14150816","35.38022629"
"2016","2016-11-15 19:00","15","야간","화","1","1","0","0","0","경기","평택시","차대사람","횡단중","횡단중","운전자법규위반","안전운전 의무 불이행","단일로","기타단일로","승용차","중형","보행자","보행자","944346","1883120","126.8749607","36.94483314"
"2016","2016-11-27 08:00","15","주간","일","1","1","0","0","0","경기","용인시","차대사람","횡단중","횡단중","운전자법규위반","신호위반","교차로","교차로부근","화물차","소형","보행자","보행자","961464","1921529","127.06522822","37.29190765"
"2016","2016-11-26 14:00","15","주간","토","1","1","0","0","0","경북","구미시","차대차","기타","기타","운전자법규위반","신호위반","교차로","교차로내","이륜차","소형","승용차","중형","1077056","1791786","128.35625503","36.12002934"
"2016","2016-11-23 18:00","05","야간","수","1","1","0","0","0","부산","기장군","차대사람","횡단중","횡단중","운전자법규위반","안전운전 의무 불이행","단일로","횡단보도부근","승합차","대형","보행자","보행자","1152799","1695794","129.17943879","35.24593136"
"2016","2016-11-24 07:00","00","주간","목","1","1","0","0","0","서울","용산구","차대사람","횡단중","횡단중","운전자법규위반","안전운전 의무 불이행","단일로","기타단일로","승합차","중형","보행자","보행자","955784","1947113","126.99961594","37.52225542"
"2016","2016-11-20 03:00","50","야간","일","1","1","0","0","0","인천","남구","차대차","측면직각충돌","측면직각충돌","운전자법규위반","신호위반","교차로","교차로내","화물차","소형","원동기장치자전거","원동기장치자전거","928310","1940162","126.68939828","37.4578812"
"2016","2016-11-25 16:00","20","주간","금","1","1","0","0","0","서울","양천구","차량단독","기타","기타","운전자법규위반","안전운전 의무 불이행","단일로","기타단일로","승합차","중형","","","941776","1946411","126.84115415","37.51515028"
"2016","2016-11-23 06:00","20","주간","수","2","3","0","1","0","제주","서귀포시","차대차","추돌","진행중 추돌","운전자법규위반","안전거리 미확보","단일로","기타단일로","승용차","중형","농기계","농기계","940049","1484440","126.85568585","33.34982532"
"2016","2016-11-22 18:00","25","야간","화","1","1","0","0","0","대전","대덕구","차대사람","기타","기타","운전자법규위반","안전운전 의무 불이행","단일로","기타단일로","승용차","대형","보행자","보행자","992867","1819781","127.42047803","36.37545388"
"2016","2016-11-20 00:00","40","야간","일","1","1","0","0","0","경남","김해시","차대차","측면직각충돌","측면직각충돌","운전자법규위반","신호위반","교차로","교차로내","이륜차","중형","승용차","소형","1128466","1695381","128.91200545","35.24562421"
"2016","2016-11-20 02:00","09","야간","일","1","1","0","0","0","대전","대덕구","차량단독","전도전복","전도전복","운전자법규위반","안전운전 의무 불이행","교차로","교차로부근","승용차","중형","","","993955","1817977","127.43262157","36.35919758"
"2016","2016-11-24 08:00","20","주간","목","1","3","1","1","0","전남","영광군","차대차","정면충돌","정면충돌","운전자법규위반","중앙선 침범","단일로","기타단일로","승용차","경형","이륜차","소형","906903","1699077","126.47626023","35.28285717"
"2016","2016-10-30 19:00","40","야간","일","1","1","0","0","0","광주","광산구","차대사람","차도통행중","차도통행중","운전자법규위반","안전운전 의무 불이행","단일로","기타단일로","승용차","경형","보행자","보행자","936913","1684057","126.80738949","35.14977266"
"2016","2016-10-31 11:00","20","주간","월","1","2","1","0","0","전남","여수시","차대차","측면직각충돌","측면직각충돌","운전자법규위반","앞지르기 금지위반","단일로","기타단일로","화물차","중형","이륜차","중형","1010239","1634075","127.61180098","34.7009857"
"2016","2016-10-31 05:00","10","야간","월","1","1","0","0","0","서울","강서구","차량단독","전도전복","전도전복","운전자법규위반","안전운전 의무 불이행","단일로","기타단일로","이륜차","소형","","","943693","1948022","126.86272162","37.52978934"
"2016","2016-10-30 21:00","40","야간","일","1","1","0","0","0","전남","담양군","차대사람","횡단중","횡단중","운전자법규위반","안전운전 의무 불이행","단일로","기타단일로","승용차","소형","보행자","보행자","954728","1694281","127.00240454","35.24292063"
"2016","2016-12-05 08:00","19","주간","월","1","1","0","0","0","강원","화천군","차량단독","도로이탈","도로이탈 추락","운전자법규위반","안전운전 의무 불이행","단일로","기타단일로","화물차","소형","","","1004843","2019948","127.55529639","38.17977356"
"2016","2016-12-05 10:00","50","주간","월","1","1","0","0","0","제주","서귀포시","차량단독","전도전복","전도전복","운전자법규위반","안전운전 의무 불이행","단일로","기타단일로","농기계","농기계","","","877180","1477003","126.1811373","33.27741897"
"2016","2016-12-09 05:00","45","야간","금","1","1","0","0","0","경기","성남시","차대사람","기타","기타","운전자법규위반","안전운전 의무 불이행","단일로","횡단보도상","화물차","중형","보행자","보행자","968955","1936740","127.14910395","37.42929547"
"2016","2016-12-09 05:00","46","야간","금","1","1","0","0","0","경기","화성시","차대사람","횡단중","횡단중","운전자법규위반","안전운전 의무 불이행","단일로","횡단보도상","승용차","경형","보행자","보행자","961758","1912219","127.06902334","37.20800138"
"2016","2016-12-07 17:00","20","주간","수","1","1","0","0","0","경북","김천시","차대사람","기타","기타","운전자법규위반","안전운전 의무 불이행","단일로","기타단일로","화물차","소형","보행자","보행자","1048545","1797536","128.03980901","36.17371298"
"2016","2016-12-08 09:00","43","주간","목","1","1","0","0","0","경북","포항시","차대차","정면충돌","정면충돌","운전자법규위반","안전운전 의무 불이행","단일로","기타단일로","화물차","소형","승용차","경형","1172542","1792718","129.4171238","36.11614897"
"2016","2016-12-05 17:00","21","주간","월","1","1","0","0","0","경기","포천시","차대사람","횡단중","횡단중","운전자법규위반","안전운전 의무 불이행","기타/불명","기타/불명","승용차","중형","보행자","보행자","969615","1980588","127.1547404","37.82453296"
"2016","2016-12-05 10:00","10","주간","월","1","2","1","0","0","경남","진주시","차대차","정면충돌","정면충돌","운전자법규위반","중앙선 침범","단일로","기타단일로","승용차","중형","승용차","중형","1057246","1686811","128.12867884","35.1749541"
"2016","2016-12-08 08:00","00","주간","목","1","1","0","0","0","울산","울주군","차대차","정면충돌","정면충돌","운전자법규위반","안전거리 미확보","단일로","기타단일로","승용차","경형","승용차","경형","1159244","1727086","129.25635254","35.52695103"
"2016","2016-12-16 16:00","49","주간","금","1","1","0","0","0","충남","금산군","차대차","정면충돌","정면충돌","운전자법규위반","중앙선 침범","단일로","기타단일로","화물차","소형","건설기계","건설기계","987482","1795270","127.3608363","36.15441947"
"2016","2016-10-03 19:00","10","야간","월","1","1","0","0","0","충남","태안군","차대사람","횡단중","횡단중","운전자법규위반","안전운전 의무 불이행","교차로","교차로내","승용차","대형","보행자","보행자","891815","1859946","126.2883857","36.73140429"
"2016","2016-11-05 04:00","01","야간","토","1","1","0","0","0","충남","논산시","차량단독","전도전복","전도전복","운전자법규위반","안전거리 미확보","단일로","기타단일로","이륜차","소형","","","964569","1798020","127.10599007","36.17864513"
"2016","2016-11-09 05:00","53","야간","수","1","1","0","0","0","충북","청주시","차대사람","횡단중","횡단중","운전자법규위반","안전운전 의무 불이행","단일로","기타단일로","건설기계","건설기계","보행자","보행자","988531","1859472","127.37154756","36.73322962"
"2016","2016-11-19 13:00","20","주간","토","1","1","0","0","0","경북","상주시","차대차","측면직각충돌","측면직각충돌","운전자법규위반","안전운전 의무 불이행","단일로","기타단일로","화물차","중형","자전거","자전거","1061047","1825155","128.1809812","36.42198689"
"2016","2016-04-19 00:00","13","야간","화","1","1","0","0","0","강원","속초시","차량단독","공작물충돌","공작물충돌","운전자법규위반","안전운전 의무 불이행","단일로","기타단일로","화물차","소형","","","1090297","2020901","128.53103703","38.18384879"
"2016","2016-04-24 19:00","50","야간","일","1","1","0","0","0","경북","경주시","차대차","추돌","진행중 추돌","운전자법규위반","안전운전 의무 불이행","교차로","교차로부근","승용차","중형","자전거","자전거","1154798","1763418","129.21433036","35.85509273"
"2016","2016-04-25 21:00","45","야간","월","1","1","0","0","0","대전","유성구","차량단독","전도전복","전도전복","운전자법규위반","안전운전 의무 불이행","단일로","기타단일로","이륜차","소형","","","984872","1818826","127.33136493","36.36675164"
"2016","2016-04-24 01:00","40","야간","일","1","1","0","0","0","대구","서구","차대사람","횡단중","횡단중","운전자법규위반","안전운전 의무 불이행","단일로","기타단일로","승용차","중형","보행자","보행자","1095637","1762957","128.55919965","35.85834621"
"2016","2016-04-24 12:00","30","주간","일","1","2","1","0","0","서울","은평구","차량단독","공작물충돌","공작물충돌","운전자법규위반","안전운전 의무 불이행","교차로","교차로내","승용차","경형","","","949366","1956026","126.92637216","37.60225931"
"2016","2016-04-29 23:00","55","야간","금","1","2","0","1","0","서울","성북구","차대사람","횡단중","횡단중","운전자법규위반","중앙선 침범","교차로","교차로내","이륜차","중형","보행자","보행자","958774","1954759","127.03302227","37.59130946"
"2016","2016-04-26 19:00","50","야간","화","1","1","0","0","0","전북","완주군","차대사람","횡단중","횡단중","운전자법규위반","안전운전 의무 불이행","단일로","횡단보도부근","화물차","소형","보행자","보행자","959524","1760107","127.05182745","35.83663682"
"2016","2016-04-27 10:00","30","주간","수","1","2","0","1","0","강원","삼척시","차대차","추돌","진행중 추돌","운전자법규위반","안전운전 의무 불이행","단일로","기타단일로","화물차","소형","화물차","소형","1162391","1919383","129.33125976","37.25919699"
"2016","2016-05-01 16:00","50","주간","일","1","1","0","0","0","경기","시흥시","차량단독","공작물충돌","공작물충돌","운전자법규위반","안전운전 의무 불이행","단일로","기타단일로","이륜차","소형","","","925583","1925599","126.66003287","37.32641142"
"2016","2016-04-05 17:00","40","주간","화","1","1","0","0","0","경북","예천군","차량단독","기타","기타","운전자법규위반","안전운전 의무 불이행","단일로","기타단일로","농기계","농기계","","","1092401","1860369","128.53492148","36.73688516"
"2016","2016-04-11 17:00","10","주간","월","1","1","0","0","0","경남","거창군","차량단독","전도전복","전도전복","운전자법규위반","안전운전 의무 불이행","단일로","기타단일로","화물차","소형","","","1037272","1739678","127.91174735","35.65257409"
"2016","2016-04-08 15:00","50","주간","금","1","1","0","0","0","광주","남구","차량단독","기타","기타","운전자법규위반","안전운전 의무 불이행","단일로","터널안","이륜차","소형","","","946497","1677555","126.91302429","35.09170127"
"2016","2016-04-14 16:00","40","주간","목","1","1","0","0","0","경기","용인시","차대사람","횡단중","횡단중","운전자법규위반","보행자 보호의무 위반","교차로","교차로부근","승용차","경형","보행자","보행자","965626","1925264","127.11201083","37.32573718"
"2016","2016-04-12 18:00","47","야간","화","1","1","0","0","0","경기","용인시","차량단독","전도전복","전도전복","운전자법규위반","안전운전 의무 불이행","단일로","기타단일로","이륜차","소형","","","963980","1926440","127.09337525","37.33627491"
"2016","2016-04-13 12:00","00","주간","수","1","1","0","0","0","경북","경주시","차대사람","횡단중","횡단중","운전자법규위반","보행자 보호의무 위반","교차로","교차로내","화물차","소형","보행자","보행자","1154288","1762247","129.2084581","35.84461995"
"2016","2016-04-12 17:00","38","주간","화","1","1","0","0","0","인천","남구","차대사람","횡단중","횡단중","운전자법규위반","안전운전 의무 불이행","교차로","교차로부근","화물차","소형","보행자","보행자","924173","1940622","126.64257837","37.46169695"
"2016","2016-04-16 02:00","40","야간","토","1","1","0","0","0","경북","경주시","차량단독","공작물충돌","공작물충돌","운전자법규위반","안전운전 의무 불이행","단일로","기타단일로","승용차","소형","","","1159900","1778104","129.27376281","35.98661979"
"2016","2016-04-15 11:00","40","주간","금","1","1","0","0","0","충북","음성군","차대차","측면직각충돌","측면직각충돌","운전자법규위반","과속","단일로","기타단일로","승용차","대형","이륜차","사발이","1016255","1894758","127.68246802","37.05261954"
"2016","2016-04-21 19:00","30","야간","목","1","1","0","0","0","경남","김해시","차대사람","길가장자리구역통행중","길가장자리구역통행중","운전자법규위반","안전운전 의무 불이행","단일로","기타단일로","승용차","대형","보행자","보행자","1117638","1704782","128.79436863","35.3317014"
"2016","2016-04-23 05:00","00","야간","토","1","1","0","0","0","제주","서귀포시","차량단독","공작물충돌","공작물충돌","운전자법규위반","안전운전 의무 불이행","단일로","기타단일로","승용차","중형","","","935919","1486802","126.81113418","33.37089045"
"2016","2016-04-23 15:00","30","주간","토","1","3","0","1","1","서울","송파구","차대차","정면충돌","정면충돌","운전자법규위반","과속","교차로","교차로내","승용차","중형","승용차","중형","965200","1943788","127.10632982","37.49268911"
"2016","2016-04-29 19:00","40","야간","금","1","1","0","0","0","경기","안산시","차대사람","횡단중","횡단중","운전자법규위반","신호위반","교차로","교차로내","승용차","경형","보행자","보행자","939496","1926333","126.81700184","37.33403776"
"2016","2016-04-28 03:00","00","야간","목","1","3","2","0","0","경기","시흥시","차대차","정면충돌","정면충돌","운전자법규위반","신호위반","교차로","교차로내","승용차","중형","승용차","중형","931893","1928183","126.73101219","37.35018543"
"2016","2016-04-27 21:00","15","야간","수","1","1","0","0","0","경남","거제시","차대사람","횡단중","횡단중","운전자법규위반","안전운전 의무 불이행","단일로","기타단일로","승합차","대형","보행자","보행자","1112663","1654381","128.73277896","34.87790096"
"2016","2016-04-28 05:00","23","야간","목","1","1","0","0","0","전남","여수시","차대사람","횡단중","횡단중","운전자법규위반","안전운전 의무 불이행","교차로","교차로부근","승용차","대형","보행자","보행자","1020818","1638455","127.72742199","34.74032288"
"2016","2016-04-28 07:00","50","주간","목","1","2","0","1","0","경기","평택시","차대차","기타","기타","운전자법규위반","안전운전 의무 불이행","교차로","교차로내","승용차","소형","승용차","소형","953715","1891810","126.97964456","37.02367265"
"2016","2016-04-30 22:00","40","야간","토","1","1","0","0","0","경기","화성시","차대차","측면직각충돌","측면직각충돌","운전자법규위반","안전운전 의무 불이행","단일로","기타단일로","원동기장치자전거","원동기장치자전거","화물차","중형","939284","1901307","126.81664692","37.10845338"
"2016","2016-05-01 16:00","50","주간","일","1","1","0","0","0","경남","진주시","차량단독","전도전복","전도전복","운전자법규위반","안전운전 의무 불이행","단일로","기타단일로","이륜차","중형","","","1058481","1684881","128.14210413","35.15748087"
"2016","2016-05-06 05:00","10","야간","금","1","1","0","0","0","강원","강릉시","차대사람","횡단중","횡단중","운전자법규위반","안전운전 의무 불이행","단일로","기타단일로","승용차","중형","보행자","보행자","1123432","1973676","128.90039074","37.75493083"
"2016","2016-04-06 19:00","30","야간","수","1","2","0","1","0","인천","계양구","차대차","기타","기타","운전자법규위반","신호위반","교차로","교차로내","승용차","중형","이륜차","소형","931315","1947908","126.72264976","37.52792287"
"2016","2016-04-14 11:00","05","주간","목","1","1","0","0","0","전북","부안군","차량단독","공작물충돌","공작물충돌","운전자법규위반","안전운전 의무 불이행","교차로","교차로부근","원동기장치자전거","원동기장치자전거","","","931956","1746953","126.74771619","35.71652104"
"2016","2016-04-11 18:00","10","야간","월","1","1","0","0","0","경기","남양주시","차대차","정면충돌","정면충돌","운전자법규위반","신호위반","교차로","교차로내","화물차","소형","이륜차","소형","972271","1962934","127.18559348","37.66549931"
"2016","2016-04-13 04:00","45","야간","수","1","1","0","0","0","경북","김천시","차대사람","횡단중","횡단중","운전자법규위반","안전운전 의무 불이행","단일로","기타단일로","승합차","중형","보행자","보행자","1055927","1791545","128.12146484","36.11930474"
"2016","2016-04-17 01:00","25","야간","일","1","3","2","0","0","경기","남양주시","차대차","정면충돌","정면충돌","운전자법규위반","중앙선 침범","기타/불명","기타/불명","승용차","중형","승용차","경형","973497","1963726","127.19946557","37.67267407"
"2016","2016-04-17 14:00","25","주간","일","1","1","0","0","0","제주","제주시","차량단독","전도전복","전도전복","운전자법규위반","안전운전 의무 불이행","단일로","기타단일로","승용차","경형","","","881807","1482078","126.23011699","33.32368089"
"2016","2016-04-17 17:00","40","주간","일","1","1","0","0","0","인천","남동구","차대차","정면충돌","정면충돌","운전자법규위반","신호위반","교차로","교차로내","이륜차","사발이","승용차","경형","932670","1938755","126.73882138","37.44552784"
"2016","2016-04-16 19:00","40","야간","토","1","3","0","2","0","경기","고양시","차대차","추돌","진행중 추돌","운전자법규위반","안전운전 의무 불이행","단일로","기타단일로","화물차","소형","화물차","소형","942449","1963207","126.84744874","37.6665739"