"발생년","발생년월일시","발생분","주야","요일","사망자수","사상자수","중상자수","경상자수","부상신고자수","발생지시도","발생지시군구","사고유형_대분류","사고유형_중분류","사고유형","법규위반_대분류","법규위반","도로형태_대분류","도로형태","당사자종별_1당_대분류","당사자종별_1당","당사자종별_2당_대분류","당사자종별_2당","발생위치X_UTMK","발생위치Y_UTMK","경도","위도"
"2016","2016-04-19 20:00","00","야간","화","1","1","0","0","0","충남","논산시","차대차","측면직각충돌","측면직각충돌","운전자법규위반","중앙선 침범","단일로","기타단일로","자전거","자전거","승용차","중형","963880","1801392","127.09817293","36.2090197"
"2016","2016-04-26 11:00","25","주간","화","1","1","0","0","0","전남","여수시","차대차","측면직각충돌","측면직각충돌","운전자법규위반","직진 및 우회전차의 통행방해","교차로","교차로내","이륜차","소형","승용차","경형","1012815","1641943","127.64004825","34.77190875"
"2016","2016-05-15 19:00","50","야간","일","1","1","0","0","0","경기","수원시","차대차","기타","기타","운전자법규위반","과속","교차로","교차로부근","승용차","중형","이륜차","중형","954075","1921873","126.98184546","37.29467277"
"2016","2016-05-18 01:00","20","야간","수","1","2","0","1","0","경기","안산시","차대사람","횡단중","횡단중","운전자법규위반","안전운전 의무 불이행","단일로","기타단일로","승용차","중형","보행자","보행자","940884","1925813","126.83271073","37.32944025"
"2016","2016-05-18 04:00","46","야간","수","1","1","0","0","0","부산","진구","차대사람","기타","기타","운전자법규위반","안전운전 의무 불이행","단일로","기타단일로","승용차","중형","보행자","보행자","1141358","1685025","129.05188387","35.15054107"
"2016","2016-06-01 09:00","01","주간","수","1","1","0","0","0","경남","고성군","차대차","측면직각충돌","측면직각충돌","운전자법규위반","과속","교차로","교차로내","승합차","소형","자전거","자전거","1077753","1666403","128.3519533","34.98957096"
"2016","2016-05-30 08:00","30","주간","월","1","1","0","0","0","울산","울주군","차대사람","횡단중","횡단중","운전자법규위반","안전운전 의무 불이행","단일로","기타단일로","승용차","경형","보행자","보행자","1166721","1720583","129.33744624","35.46711684"
"2016","2016-05-06 10:00","32","주간","금","1","1","0","0","0","서울","강동구","차량단독","공작물충돌","공작물충돌","운전자법규위반","안전운전 의무 불이행","단일로","기타단일로","이륜차","소형","","","969409","1952130","127.15359514","37.56802841"
"2016","2016-05-10 02:00","49","야간","화","1","1","0","0","0","서울","성북구","차량단독","전도전복","전도전복","운전자법규위반","안전운전 의무 불이행","단일로","기타단일로","원동기장치자전거","원동기장치자전거","","","957483","1956015","127.01832627","37.60257128"
"2016","2016-05-07 15:00","37","주간","토","1","2","1","0","0","충남","금산군","차대사람","보도통행중","보도통행중","운전자법규위반","기타(운전자법규위반)","단일로","기타단일로","건설기계","건설기계","보행자","보행자","997634","1799272","127.47368488","36.19057821"
"2016","2016-05-13 09:00","00","주간","금","1","1","0","0","0","경기","용인시","차대차","측면직각충돌","측면직각충돌","운전자법규위반","교차로 통행방법 위반","교차로","교차로내","이륜차","소형","화물차","대형","983291","1905586","127.31184062","37.14884512"
"2016","2016-05-13 22:00","35","야간","금","1","2","0","1","0","전남","보성군","차대차","추돌","진행중 추돌","운전자법규위반","안전운전 의무 불이행","단일로","기타단일로","승용차","중형","농기계","농기계","983911","1652113","127.32397714","34.86357204"
"2016","2016-05-14 21:00","25","야간","토","1","1","0","0","0","서울","도봉구","차대사람","기타","기타","운전자법규위반","안전운전 의무 불이행","단일로","기타단일로","자전거","자전거","보행자","보행자","960337","1964447","127.05020022","37.67869788"
"2016","2016-05-14 20:00","45","야간","토","1","1","0","0","0","경북","경주시","차대사람","길가장자리구역통행중","길가장자리구역통행중","운전자법규위반","안전운전 의무 불이행","교차로","교차로부근","승용차","중형","보행자","보행자","1155617","1782716","129.22717794","36.02887527"
"2016","2016-05-15 10:00","40","주간","일","1","1","0","0","0","전남","담양군","차량단독","전도전복","전도전복","운전자법규위반","안전운전 의무 불이행","교차로","교차로내","농기계","농기계","","","950754","1689202","126.95903099","35.1969373"
"2016","2016-05-15 16:00","20","주간","일","1","1","0","0","0","전북","정읍시","차량단독","기타","기타","운전자법규위반","안전운전 의무 불이행","단일로","기타단일로","이륜차","소형","","","953859","1734441","126.99057873","35.60498174"
"2016","2016-05-21 04:00","32","야간","토","1","1","0","0","0","대전","서구","차대사람","횡단중","횡단중","운전자법규위반","안전운전 의무 불이행","단일로","기타단일로","승용차","중형","보행자","보행자","990772","1816843","127.39715689","36.34894885"
"2016","2016-05-19 16:00","10","주간","목","1","1","0","0","0","경남","하동군","차량단독","공작물충돌","공작물충돌","운전자법규위반","안전운전 의무 불이행","단일로","기타단일로","화물차","소형","","","1028874","1671371","127.81656346","35.0369458"
"2016","2016-05-26 13:00","25","주간","목","1","1","0","0","0","대구","달서구","차대사람","횡단중","횡단중","운전자법규위반","안전운전 의무 불이행","교차로","교차로내","승용차","중형","보행자","보행자","1092120","1762766","128.52025182","35.85711455"
"2016","2016-05-25 11:00","30","주간","수","1","1","0","0","0","경남","거제시","차대차","정면충돌","정면충돌","운전자법규위반","안전운전 의무 불이행","교차로","교차로내","이륜차","소형","승용차","경형","1102033","1647497","128.61564611","34.81695884"
"2016","2016-02-27 01:00","05","야간","토","1","1","0","0","0","제주","제주시","차대사람","기타","기타","운전자법규위반","안전운전 의무 불이행","단일로","기타단일로","승용차","대형","보행자","보행자","899134","1498410","126.4144466","33.47274931"
"2016","2016-06-01 13:00","20","주간","수","1","1","0","0","0","충남","보령시","차량단독","전도전복","전도전복","운전자법규위반","안전운전 의무 불이행","단일로","기타단일로","농기계","농기계","","","923727","1824274","126.64927415","36.41295588"
"2016","2016-06-01 03:00","30","야간","수","1","2","0","0","1","서울","마포구","차대차","측면직각충돌","측면직각충돌","운전자법규위반","신호위반","교차로","교차로내","이륜차","소형","승용차","중형","948615","1950523","126.91825057","37.55261866"
"2016","2016-05-30 12:00","45","주간","월","1","2","0","1","0","경북","칠곡군","차대차","측면직각충돌","측면직각충돌","운전자법규위반","중앙선 침범","단일로","기타단일로","승합차","경형","특수차","소형","1080084","1774494","128.38814648","35.96390033"
"2016","2016-05-30 14:00","30","주간","월","1","6","5","0","0","전북","고창군","차대차","측면직각충돌","측면직각충돌","운전자법규위반","신호위반","교차로","교차로내","승용차","중형","승용차","소형","912992","1718128","126.54117995","35.45516198"
"2016","2016-05-30 22:00","43","야간","월","1","1","0","0","0","경기","성남시","차대사람","차도통행중","차도통행중","운전자법규위반","안전운전 의무 불이행","단일로","기타단일로","승용차","중형","보행자","보행자","966326","1933713","127.11952746","37.40191937"
"2016","2016-05-30 17:00","08","주간","월","1","1","0","0","0","대전","동구","차대사람","기타","기타","운전자법규위반","보행자 보호의무 위반","단일로","기타단일로","원동기장치자전거","원동기장치자전거","보행자","보행자","994538","1814974","127.43914084","36.33212777"
"2016","2016-05-29 23:00","25","야간","일","1","1","0","0","0","경기","광주시","차대차","추돌","진행중 추돌","운전자법규위반","안전운전 의무 불이행","단일로","기타단일로","승용차","중형","화물차","대형","973431","1933753","127.19980216","37.40251098"
"2016","2016-05-30 14:00","09","주간","월","1","6","1","4","0","경남","함양군","차대차","추돌","진행중 추돌","운전자법규위반","안전운전 의무 불이행","교차로","교차로내","화물차","중형","승합차","대형","1026200","1731712","127.78917694","35.58110546"
"2016","2016-05-29 18:00","00","야간","일","1","1","0","0","0","강원","인제군","차량단독","도로이탈","도로이탈 추락","운전자법규위반","안전운전 의무 불이행","단일로","기타단일로","건설기계","건설기계","","","1054875","1995596","128.12466538","37.95864866"
"2016","2016-05-06 11:00","40","주간","금","1","1","0","0","0","경남","하동군","차대사람","횡단중","횡단중","운전자법규위반","안전운전 의무 불이행","단일로","기타단일로","승용차","소형","보행자","보행자","1027229","1678223","127.79875359","35.09877749"
"2016","2016-05-04 13:00","00","주간","수","1","1","0","0","0","전남","함평군","차대차","추돌","진행중 추돌","운전자법규위반","앞지르기 방법위반","단일로","기타단일로","화물차","소형","원동기장치자전거","원동기장치자전거","910263","1674139","126.51591642","35.05832694"
"2016","2016-05-09 20:00","07","야간","월","1","1","0","0","0","전남","목포시","차대사람","횡단중","횡단중","운전자법규위반","안전운전 의무 불이행","단일로","기타단일로","승용차","경형","보행자","보행자","898738","1644846","126.39310236","34.79313431"
"2016","2016-05-08 15:00","40","주간","일","1","1","0","0","0","경기","가평군","차량단독","기타","기타","운전자법규위반","안전운전 의무 불이행","단일로","기타단일로","이륜차","사발이","","","1000580","1979581","127.50658969","37.81596252"
"2016","2016-05-08 10:00","20","주간","일","1","1","0","0","0","충북","청주시","차량단독","전도전복","전도전복","운전자법규위반","안전운전 의무 불이행","단일로","기타단일로","이륜차","소형","","","1003447","1840658","127.53852177","36.56368518"
"2016","2016-05-14 14:00","40","주간","토","1","1","0","0","0","전남","나주시","차대차","측면직각충돌","측면직각충돌","운전자법규위반","안전운전 의무 불이행","교차로","교차로내","자전거","자전거","승용차","소형","928683","1671948","126.71808524","35.04004224"
"2016","2016-05-14 01:00","15","야간","토","1","1","0","0","0","대구","달성군","차대차","측면직각충돌","측면직각충돌","운전자법규위반","과속","교차로","교차로내","승용차","경형","이륜차","소형","1086652","1745123","128.45779056","35.69856164"
"2016","2016-05-11 07:00","50","주간","수","1","2","1","0","0","충남","서산시","차대차","측면직각충돌","측면직각충돌","운전자법규위반","과속","교차로","교차로내","화물차","소형","승용차","중형","915716","1861006","126.55590953","36.74338265"
"2016","2016-05-10 20:00","50","야간","화","1","1","0","0","0","인천","연수구","차대사람","횡단중","횡단중","운전자법규위반","보행자 보호의무 위반","교차로","교차로부근","승용차","대형","보행자","보행자","929077","1936287","126.69844263","37.42301548"
"2016","2016-05-14 15:00","10","주간","토","1","1","0","0","0","전북","익산시","차대차","측면직각충돌","측면직각충돌","운전자법규위반","부당한 회전","단일로","기타단일로","자전거","자전거","승용차","중형","952946","1771393","126.97832777","35.93809478"
"2016","2016-05-14 10:00","50","주간","토","1","1","0","0","0","충북","충주시","차대사람","횡단중","횡단중","운전자법규위반","보행자 보호의무 위반","교차로","교차로부근","승용차","경형","보행자","보행자","1039166","1886714","127.94005818","36.97806044"
"2016","2016-05-14 10:00","25","주간","토","1","1","0","0","0","경남","하동군","차량단독","도로이탈","도로이탈 기타","운전자법규위반","안전운전 의무 불이행","단일로","기타단일로","원동기장치자전거","원동기장치자전거","","","1025901","1676469","127.78412822","35.08299636"
"2016","2016-05-15 08:00","35","주간","일","2","3","1","0","0","서울","성북구","차대차","측면직각충돌","측면직각충돌","운전자법규위반","안전운전 의무 불이행","단일로","기타단일로","이륜차","소형","화물차","중형","959728","1957766","127.04366262","37.61845447"
"2016","2016-05-15 04:00","10","야간","일","1","1","0","0","0","경기","고양시","차량단독","전도전복","전도전복","운전자법규위반","안전운전 의무 불이행","단일로","횡단보도상","이륜차","소형","","","942327","1958586","126.84643055","37.62491783"
"2016","2016-05-15 10:00","50","주간","일","1","1","0","0","0","충북","보은군","차량단독","전도전복","전도전복","운전자법규위반","안전운전 의무 불이행","단일로","기타단일로","농기계","농기계","","","1020604","1842255","127.73030085","36.57786603"
"2016","2016-05-20 07:00","30","주간","금","1","1","0","0","0","경기","고양시","차량단독","공작물충돌","공작물충돌","운전자법규위반","안전운전 의무 불이행","단일로","기타단일로","승용차","중형","","","936360","1959207","126.77876113","37.63012085"
"2016","2016-05-24 22:00","15","야간","화","1","1","0","0","0","부산","남구","차대사람","횡단중","횡단중","운전자법규위반","신호위반","단일로","횡단보도상","승용차","경형","보행자","보행자","1146544","1682546","129.10835855","35.12745369"
"2016","2016-05-26 20:00","01","야간","목","1","1","0","0","0","울산","남구","차대차","측면직각충돌","측면직각충돌","운전자법규위반","신호위반","교차로","교차로내","이륜차","소형","승용차","중형","1165985","1727499","129.33075251","35.52956762"
"2016","2016-07-20 13:00","26","주간","수","1","1","0","0","0","충남","당진시","차대차","측면직각충돌","측면직각충돌","운전자법규위반","교차로 통행방법 위반","교차로","교차로내","화물차","소형","이륜차","소형","927505","1886623","126.68550179","36.97526174"
"2016","2016-07-21 14:00","00","주간","목","1","1","0","0","0","전남","여수시","차대사람","횡단중","횡단중","운전자법규위반","안전운전 의무 불이행","단일로","기타단일로","승용차","중형","보행자","보행자","1005663","1641517","127.56188508","34.768132"
"2016","2016-07-21 15:00","20","주간","목","1","1","0","0","0","충남","아산시","차량단독","전도전복","전도전복","운전자법규위반","신호위반","교차로","교차로내","승용차","경형","","","956360","1864445","127.0109564","36.77712434"
"2016","2016-07-01 13:00","35","주간","금","1","1","0","0","0","경기","이천시","차대차","정면충돌","정면충돌","운전자법규위반","중앙선 침범","단일로","기타단일로","원동기장치자전거","원동기장치자전거","화물차","소형","1004069","1899505","127.54578793","37.09417001"
"2016","2016-07-01 06:00","48","주간","금","1","1","0","0","0","경기","시흥시","차대차","측면직각충돌","측면직각충돌","운전자법규위반","신호위반","교차로","교차로내","승용차","중형","원동기장치자전거","원동기장치자전거","932862","1927413","126.74202194","37.34331594"
"2016","2016-06-30 06:00","00","주간","목","1","1","0","0","0","경기","고양시","차대차","측면직각충돌","측면직각충돌","운전자법규위반","신호위반","교차로","교차로내","건설기계","건설기계","이륜차","중형","933240","1963961","126.74296977","37.67274554"
"2016","2016-06-09 00:00","46","야간","목","1","1","0","0","0","경남","의령군","차대사람","기타","기타","운전자법규위반","안전운전 의무 불이행","단일로","기타단일로","승용차","소형","보행자","보행자","1074983","1719780","128.32647132","35.47103585"
"2016","2016-06-09 09:00","20","주간","목","1","1","0","0","0","강원","춘천시","차대사람","횡단중","횡단중","운전자법규위반","안전운전 의무 불이행","교차로","교차로부근","승용차","소형","보행자","보행자","1020467","1986319","127.73272641","37.8764632"
"2016","2016-06-06 13:00","23","주간","월","1","1","0","0","0","전북","전주시","차대차","측면직각충돌","측면직각충돌","운전자법규위반","신호위반","교차로","교차로부근","이륜차","소형","승용차","중형","969216","1759358","127.15916952","35.83023609"
"2016","2016-06-10 18:00","30","야간","금","1","4","2","1","0","강원","속초시","차대차","추돌","진행중 추돌","운전자법규위반","안전운전 의무 불이행","단일로","기타단일로","화물차","소형","승용차","경형","1094454","2021903","128.57862841","38.19245148"
"2016","2016-06-10 16:00","10","주간","금","1","1","0","0","0","충북","괴산군","차량단독","전도전복","전도전복","운전자법규위반","안전운전 의무 불이행","단일로","기타단일로","이륜차","소형","","","1033572","1874729","127.87667506","36.87023979"
"2016","2016-06-11 08:00","55","주간","토","1","1","0","0","0","경남","김해시","차량단독","전도전복","전도전복","운전자법규위반","안전운전 의무 불이행","교차로","교차로내","화물차","소형","","","1124633","1702884","128.87102647","35.31374369"
"2016","2016-06-13 20:00","10","야간","월","1","1","0","0","0","충남","당진시","차대차","측면직각충돌","측면직각충돌","운전자법규위반","중앙선 침범","교차로","교차로내","농기계","농기계","승용차","대형","913471","1893318","126.52707678","37.03441827"
"2016","2016-06-21 00:00","02","야간","화","1","1","0","0","0","대구","북구","차량단독","전도전복","전도전복","운전자법규위반","안전운전 의무 불이행","단일로","기타단일로","이륜차","소형","","","1093722","1770157","128.53886969","35.92342823"
"2016","2016-06-21 02:00","30","야간","화","1","2","1","0","0","서울","관악구","차대차","정면충돌","정면충돌","운전자법규위반","중앙선 침범","단일로","기타단일로","이륜차","소형","이륜차","소형","948784","1943555","126.92064962","37.48982429"
"2016","2016-08-17 08:00","30","주간","수","1","2","1","0","0","서울","금천구","차대차","측면직각충돌","측면직각충돌","운전자법규위반","안전운전 의무 불이행","교차로","교차로내","화물차","소형","이륜차","대형","947183","1940767","126.90274017","37.46460526"
"2016","2016-08-17 21:00","30","야간","수","1","1","0","0","0","경남","고성군","차대사람","횡단중","횡단중","운전자법규위반","안전운전 의무 불이행","교차로","교차로부근","화물차","소형","보행자","보행자","1064939","1666901","128.21159747","34.99496534"
"2016","2016-08-17 23:00","55","야간","수","1","1","0","0","0","서울","강서구","차대사람","횡단중","횡단중","운전자법규위반","안전운전 의무 불이행","교차로","교차로부근","승용차","경형","보행자","보행자","942520","1951190","126.8491983","37.5582702"
"2016","2016-08-16 12:00","10","주간","화","1","2","1","0","0","경남","통영시","차대차","정면충돌","정면충돌","운전자법규위반","중앙선 침범","단일로","기타단일로","승용차","대형","승용차","중형","1081665","1663502","128.39452877","34.96310612"
"2016","2016-08-25 17:00","35","주간","목","1","3","0","2","0","광주","북구","차대차","추돌","진행중 추돌","운전자법규위반","안전운전 의무 불이행","교차로","교차로부근","승용차","경형","승용차","소형","949518","1692526","126.9452502","35.2268474"
"2016","2016-08-24 17:00","47","주간","수","1","1","0","0","0","전남","고흥군","차대사람","횡단중","횡단중","운전자법규위반","안전운전 의무 불이행","교차로","교차로내","화물차","중형","보행자","보행자","987605","1612382","127.36497443","34.50533423"
"2016","2016-08-23 09:00","40","주간","화","1","1","0","0","0","강원","강릉시","차량단독","전도전복","전도전복","운전자법규위반","안전운전 의무 불이행","단일로","기타단일로","화물차","중형","","","1112309","1956675","128.77232319","37.60264424"
"2016","2016-08-24 09:00","40","주간","수","1","1","0","0","0","전북","남원시","차량단독","전도전복","전도전복","운전자법규위반","안전운전 의무 불이행","기타/불명","기타/불명","원동기장치자전거","원동기장치자전거","","","980299","1710729","127.2830629","35.39205984"
"2016","2016-08-23 10:00","50","주간","화","1","1","0","0","0","경기","남양주시","차대차","측면직각충돌","측면직각충돌","운전자법규위반","안전운전 의무 불이행","교차로","교차로내","승용차","중형","이륜차","소형","985641","1961870","127.33720995","37.65621574"
"2016","2016-08-23 05:00","15","야간","화","1","1","0","0","0","경기","수원시","차대사람","횡단중","횡단중","운전자법규위반","안전운전 의무 불이행","기타/불명","기타/불명","승용차","경형","보행자","보행자","955990","1921392","127.00347942","37.29042982"
"2016","2016-08-24 05:00","47","야간","수","1","1","0","0","0","제주","서귀포시","차대사람","횡단중","횡단중","운전자법규위반","안전운전 의무 불이행","교차로","교차로내","승용차","소형","보행자","보행자","896125","1475321","126.38475564","33.26428914"
"2016","2016-08-23 18:00","40","야간","화","1","1","0","0","0","충남","공주시","차량단독","기타","기타","운전자법규위반","안전운전 의무 불이행","단일로","기타단일로","이륜차","소형","","","971935","1823243","127.18699534","36.40628132"
"2016","2016-08-27 05:00","30","야간","토","1","1","0","0","0","제주","제주시","차대사람","차도통행중","차도통행중","운전자법규위반","안전운전 의무 불이행","교차로","교차로내","승용차","소형","보행자","보행자","900032","1500524","126.42386036","33.49203837"
"2016","2016-08-26 21:00","55","야간","금","1","1","0","0","0","경남","창원시(통합)","차대사람","기타","기타","운전자법규위반","안전운전 의무 불이행","단일로","기타단일로","승용차","대형","보행자","보행자","1095810","1688379","128.55232233","35.18615251"
"2016","2016-08-29 21:00","20","야간","월","1","1","0","0","0","전북","완주군","차대사람","길가장자리구역통행중","길가장자리구역통행중","운전자법규위반","안전운전 의무 불이행","단일로","기타단일로","화물차","소형","보행자","보행자","964102","1738397","127.10346625","35.64147365"
"2016","2016-08-28 05:00","18","야간","일","1","3","2","0","0","부산","진구","차대차","정면충돌","정면충돌","운전자법규위반","중앙선 침범","고가도로위","고가도로위","화물차","소형","승용차","중형","1141433","1687200","129.05307968","35.17013571"
"2016","2016-08-27 15:00","25","주간","토","1","1","0","0","0","충남","태안군","차량단독","전도전복","전도전복","운전자법규위반","안전운전 의무 불이행","단일로","기타단일로","화물차","소형","","","883392","1870259","126.19249612","36.82335175"
"2016","2016-09-09 10:00","49","주간","금","2","2","0","0","0","경기","부천시","차대차","측면직각충돌","측면직각충돌","운전자법규위반","신호위반","교차로","교차로내","이륜차","중형","승용차","중형","936206","1944155","126.77832579","37.4944487"
"2016","2016-09-09 09:00","55","주간","금","1","6","1","2","2","서울","중구","차대사람","기타","기타","운전자법규위반","안전운전 의무 불이행","단일로","기타단일로","화물차","소형","보행자","보행자","954510","1951786","126.98490915","37.5643123"
"2016","2016-09-13 05:00","25","야간","화","1","1","0","0","0","경북","경주시","차대사람","기타","기타","운전자법규위반","안전운전 의무 불이행","단일로","기타단일로","승용차","중형","보행자","보행자","1166184","1743710","129.33628204","35.67562629"
"2016","2016-09-13 09:00","40","주간","화","1","1","0","0","0","제주","제주시","차대차","측면직각충돌","측면직각충돌","운전자법규위반","차로위반(진로변경 위반)","단일로","기타단일로","원동기장치자전거","원동기장치자전거","승용차","중형","910096","1502820","126.53196521","33.51349735"
"2016","2016-07-21 19:00","10","야간","목","1","3","2","0","0","대구","중구","차대차","측면직각충돌","측면직각충돌","운전자법규위반","중앙선 침범","교차로","교차로내","이륜차","소형","화물차","소형","1098190","1764697","128.5877059","35.87393197"
"2016","2016-07-18 05:00","00","야간","월","1","1","0","0","0","경기","오산시","차대사람","횡단중","횡단중","운전자법규위반","안전운전 의무 불이행","단일로","기타단일로","승용차","대형","보행자","보행자","961302","1905722","127.06422101","37.14941929"
"2016","2016-07-23 20:00","50","야간","토","1","1","0","0","0","전북","전주시","차대차","측면직각충돌","측면직각충돌","운전자법규위반","부당한 회전","단일로","기타단일로","자전거","자전거","승용차","소형","966525","1760435","127.12933101","35.83985814"
"2016","2016-07-24 04:00","03","야간","일","1","2","1","0","0","경남","창원시(통합)","차량단독","전도전복","전도전복","운전자법규위반","안전운전 의무 불이행","단일로","기타단일로","승용차","경형","","","1103786","1693273","128.64052819","35.22948081"
"2016","2016-07-23 10:00","30","주간","토","1","1","0","0","0","충북","제천시","차대차","측면직각충돌","측면직각충돌","운전자법규위반","중앙선 침범","단일로","기타단일로","자전거","자전거","승용차","경형","1061774","1905729","128.1956247","37.14824215"
"2016","2016-07-28 17:00","16","주간","목","1","1","0","0","0","충북","음성군","차대차","측면직각충돌","측면직각충돌","운전자법규위반","교차로 통행방법 위반","교차로","교차로내","화물차","경형","이륜차","소형","1013084","1900373","127.64724749","37.10191183"
"2016","2016-07-28 14:00","10","주간","목","1","1","0","0","0","서울","노원구","차량단독","전도전복","전도전복","운전자법규위반","안전운전 의무 불이행","단일로","터널안","승용차","중형","","","963562","1964087","127.08679054","37.67558696"
"2016","2016-08-05 12:00","25","주간","금","1","1","0","0","0","강원","화천군","차대사람","횡단중","횡단중","운전자법규위반","안전운전 의무 불이행","단일로","기타단일로","승용차","중형","보행자","보행자","1009575","2019346","127.60931723","38.17431009"
"2016","2016-08-04 03:00","50","야간","목","1","1","0","0","0","경기","수원시","차량단독","공작물충돌","공작물충돌","운전자법규위반","안전운전 의무 불이행","단일로","기타단일로","이륜차","소형","","","957223","1916958","127.0176447","37.25052062"
"2016","2016-08-13 17:00","35","주간","토","1","1","0","0","0","경남","사천시","차대사람","횡단중","횡단중","운전자법규위반","안전운전 의무 불이행","교차로","교차로부근","승용차","소형","보행자","보행자","1053264","1660566","128.0832651","34.93852497"
"2016","2016-08-13 10:00","20","주간","토","1","1","0","0","0","경남","김해시","차대차","측면직각충돌","측면직각충돌","운전자법규위반","안전운전 의무 불이행","교차로","교차로내","건설기계","건설기계","이륜차","소형","1118570","1704315","128.80455339","35.32738137"
"2016","2016-08-16 20:00","15","야간","화","1","1","0","0","0","경북","군위군","차대사람","길가장자리구역통행중","길가장자리구역통행중","운전자법규위반","안전운전 의무 불이행","단일로","기타단일로","승용차","경형","보행자","보행자","1104057","1785239","128.6553813","36.05849487"
"2016","2016-08-15 19:00","30","야간","월","1","1","0","0","0","경기","가평군","차량단독","공작물충돌","공작물충돌","운전자법규위반","안전운전 의무 불이행","단일로","기타단일로","승용차","경형","","","987627","1978431","127.35944359","37.80551369"
"2016","2016-08-16 10:00","50","주간","화","1","1","0","0","0","강원","삼척시","차대사람","길가장자리구역통행중","길가장자리구역통행중","운전자법규위반","안전운전 의무 불이행","단일로","기타단일로","화물차","소형","보행자","보행자","1122275","1922490","128.87952766","37.29332819"
"2016","2016-08-22 11:00","25","주간","월","1","1","0","0","0","전남","보성군","차대차","측면직각충돌","측면직각충돌","운전자법규위반","안전운전 의무 불이행","교차로","교차로내","화물차","소형","이륜차","소형","986353","1650186","127.35072532","34.84623081"
"2016","2016-08-26 10:00","00","주간","금","1","2","0","1","0","충남","서산시","차대차","정면충돌","정면충돌","운전자법규위반","신호위반","교차로","교차로내","특수차","대형","승용차","경형","907676","1873637","126.46433192","36.85648065"
"2016","2016-08-27 04:00","20","야간","토","1","1","0","0","0","경북","영덕군","차대사람","차도통행중","차도통행중","운전자법규위반","안전운전 의무 불이행","단일로","기타단일로","화물차","대형","보행자","보행자","1167691","1823177","129.36978065","36.39145811"
"2016","2016-08-26 23:00","25","야간","금","1","1","0","0","0","전남","목포시","차대차","기타","기타","운전자법규위반","안전운전 의무 불이행","단일로","기타단일로","화물차","소형","승합차","중형","901926","1647115","126.42768005","34.81390386"
"2016","2016-08-29 06:00","33","주간","월","1","1","0","0","0","부산","동구","차대사람","횡단중","횡단중","운전자법규위반","신호위반","단일로","횡단보도상","건설기계","건설기계","보행자","보행자","1140292","1681098","129.03943748","35.11520696"
"2016","2016-08-29 12:00","55","주간","월","1","3","0","2","0","전북","완주군","차대차","정면충돌","정면충돌","운전자법규위반","중앙선 침범","단일로","교량위","승합차","대형","화물차","소형","968845","1748965","127.15546658","35.73651998"
"2016","2016-08-28 07:00","18","주간","일","1","1","0","0","0","울산","중구","차량단독","공작물충돌","공작물충돌","운전자법규위반","안전운전 의무 불이행","교차로","교차로부근","원동기장치자전거","원동기장치자전거","","","1167033","1731804","129.34319421","35.56818806"
"2016","2016-08-27 05:00","37","야간","토","1","1","0","0","0","경기","화성시","차대사람","횡단중","횡단중","운전자법규위반","안전운전 의무 불이행","교차로","교차로내","승용차","중형","보행자","보행자","953128","1914400","126.97163197","37.22726653"
"2016","2016-08-28 05:00","45","야간","일","1","1","0","0","0","전북","전주시","차대사람","횡단중","횡단중","운전자법규위반","안전운전 의무 불이행","단일로","기타단일로","승용차","중형","보행자","보행자","967658","1760812","127.14186123","35.84329522"
"2016","2016-09-11 10:00","15","주간","일","1","1","0","0","0","대구","수성구","차대사람","횡단중","횡단중","운전자법규위반","보행자 보호의무 위반","단일로","횡단보도상","승용차","대형","보행자","보행자","1102977","1762723","128.64046998","35.85564582"
"2016","2016-09-10 05:00","15","야간","토","1","1","0","0","0","경기","수원시","차대차","측면직각충돌","측면직각충돌","운전자법규위반","안전운전 의무 불이행","교차로","교차로내","자전거","자전거","승용차","중형","957299","1916916","127.01850406","37.25014553"
"2016","2016-09-13 08:00","20","주간","화","1","1","0","0","0","부산","남구","차대사람","횡단중","횡단중","운전자법규위반","신호위반","교차로","교차로내","화물차","대형","보행자","보행자","1144007","1681528","129.08034653","35.11864389"
"2016","2016-09-07 21:00","30","야간","수","1","1","0","0","0","대구","남구","차대사람","횡단중","횡단중","운전자법규위반","안전운전 의무 불이행","단일로","횡단보도상","승용차","중형","보행자","보행자","1098212","1762798","128.5877156","35.8568112"
"2016","2016-09-09 00:00","10","야간","금","1","1","0","0","0","충남","서산시","차대차","추돌","진행중 추돌","운전자법규위반","안전운전 의무 불이행","단일로","기타단일로","승용차","대형","자전거","자전거","905099","1866756","126.43628713","36.79420589"
"2016","2016-09-08 20:00","00","야간","목","1","1","0","0","0","전남","영암군","차량단독","도로이탈","도로이탈 추락","운전자법규위반","안전운전 의무 불이행","단일로","기타단일로","원동기장치자전거","원동기장치자전거","","","918025","1644068","126.60397944","34.78785404"
"2016","2016-07-19 06:00","50","주간","화","1","1","0","0","0","경남","거제시","차량단독","공작물충돌","공작물충돌","운전자법규위반","안전운전 의무 불이행","단일로","기타단일로","화물차","소형","","","1108435","1666009","128.68803495","34.98319465"