"발생년","발생년월일시","발생분","주야","요일","사망자수","사상자수","중상자수","경상자수","부상신고자수","발생지시도","발생지시군구","사고유형_대분류","사고유형_중분류","사고유형","법규위반_대분류","법규위반","도로형태_대분류","도로형태","당사자종별_1당_대분류","당사자종별_1당","당사자종별_2당_대분류","당사자종별_2당","발생위치X_UTMK","발생위치Y_UTMK","경도","위도"
"2016","2016-07-23 19:00","15","야간","토","1","1","0","0","0","충북","청주시","차대차","정면충돌","정면충돌","운전자법규위반","안전운전 의무 불이행","교차로","교차로내","이륜차","소형","승용차","경형","1013892","1848411","127.65538918","36.63348367"
"2016","2016-07-24 05:00","25","야간","일","1","1","0","0","0","경북","경주시","차대사람","길가장자리구역통행중","길가장자리구역통행중","운전자법규위반","안전운전 의무 불이행","단일로","기타단일로","승용차","경형","보행자","보행자","1176451","1742611","129.44943125","35.66393966"
"2016","2016-07-27 05:00","50","야간","수","1","1","0","0","0","전남","순천시","차량단독","전도전복","전도전복","운전자법규위반","안전운전 의무 불이행","단일로","기타단일로","승용차","중형","","","1005456","1655588","127.55971453","34.895021"
"2016","2016-07-25 21:00","40","야간","월","1","1","0","0","0","울산","남구","차대차","측면직각충돌","측면직각충돌","운전자법규위반","중앙선 침범","단일로","기타단일로","승용차","소형","화물차","대형","1164110","1725987","129.3097752","35.51625335"
"2016","2016-07-26 21:00","03","야간","화","1","2","1","0","0","경기","양주시","차대차","정면충돌","정면충돌","운전자법규위반","중앙선 침범","단일로","기타단일로","승용차","경형","승용차","경형","958553","1976167","127.02930112","37.78425144"
"2016","2016-07-30 15:00","30","주간","토","1","1","0","0","0","부산","동래구","차대차","측면직각충돌","측면직각충돌","운전자법규위반","부당한 회전","단일로","횡단보도상","자전거","자전거","승용차","중형","1145295","1690337","129.09602682","35.19786049"
"2016","2016-07-30 03:00","53","야간","토","1","2","1","0","0","강원","원주시","차대차","추돌","진행중 추돌","운전자법규위반","안전운전 의무 불이행","단일로","기타단일로","승용차","소형","화물차","소형","1024556","1921788","127.77705702","37.29471651"
"2016","2016-08-06 10:00","10","주간","토","1","1","0","0","0","경남","창원시(통합)","차대사람","기타","기타","운전자법규위반","안전운전 의무 불이행","단일로","기타단일로","승용차","경형","보행자","보행자","1111644","1680444","128.72512824","35.11298152"
"2016","2016-08-04 05:00","29","야간","목","1","2","1","0","0","서울","성동구","차량단독","전도전복","전도전복","운전자법규위반","안전운전 의무 불이행","단일로","기타단일로","이륜차","대형","","","959685","1948851","127.04366605","37.53809937"
"2016","2016-08-04 20:00","00","야간","목","1","1","0","0","0","경남","밀양시","차량단독","전도전복","전도전복","운전자법규위반","안전운전 의무 불이행","단일로","기타단일로","자전거","자전거","","","1131688","1719476","128.95129063","35.46239871"
"2016","2016-08-02 13:00","55","주간","화","1","1","0","0","0","전북","전주시","차대사람","기타","기타","운전자법규위반","안전운전 의무 불이행","교차로","교차로내","승합차","소형","보행자","보행자","964737","1759689","127.10956583","35.83306953"
"2016","2016-08-09 20:00","10","야간","화","1","1","0","0","0","충남","예산군","차량단독","전도전복","전도전복","운전자법규위반","안전운전 의무 불이행","단일로","기타단일로","이륜차","소형","","","933685","1862727","126.75701871","36.76032236"
"2016","2016-08-11 06:00","50","주간","목","1","1","0","0","0","전남","목포시","차대차","기타","기타","운전자법규위반","과속","교차로","교차로부근","승합차","대형","화물차","대형","895569","1641786","126.35884792","34.76522549"
"2016","2016-08-06 04:00","30","야간","토","1","1","0","0","0","경기","김포시","차량단독","전도전복","전도전복","운전자법규위반","안전운전 의무 불이행","단일로","기타단일로","이륜차","소형","","","923988","1964085","126.63805329","37.67314307"
"2016","2016-08-07 05:00","58","야간","일","1","2","1","0","0","경기","안성시","차량단독","기타","기타","운전자법규위반","안전운전 의무 불이행","단일로","기타단일로","이륜차","소형","","","976245","1890585","127.23297125","37.01347047"
"2016","2016-08-14 10:00","35","주간","일","1","2","1","0","0","전북","전주시","차대차","기타","기타","운전자법규위반","안전운전 의무 불이행","단일로","기타단일로","승용차","대형","승용차","중형","960382","1764226","127.06112282","35.87380835"
"2016","2016-08-13 05:00","30","야간","토","1","1","0","0","0","인천","서구","차대사람","횡단중","횡단중","운전자법규위반","안전운전 의무 불이행","단일로","기타단일로","승용차","경형","보행자","보행자","925546","1956136","126.65676029","37.60170894"
"2016","2016-08-15 08:00","10","주간","월","1","1","0","0","0","전북","정읍시","차량단독","도로이탈","도로이탈 기타","운전자법규위반","안전운전 의무 불이행","단일로","기타단일로","농기계","농기계","","","930503","1732018","126.73383842","35.57951148"
"2016","2016-08-16 08:00","43","주간","화","1","1","0","0","0","제주","서귀포시","차량단독","전도전복","전도전복","운전자법규위반","안전운전 의무 불이행","단일로","기타단일로","승용차","중형","","","941248","1486510","126.86843638","33.36856147"
"2016","2016-05-25 21:00","34","야간","수","1","1","0","0","0","전북","전주시","차량단독","전도전복","전도전복","운전자법규위반","안전운전 의무 불이행","단일로","기타단일로","승용차","소형","","","966149","1759672","127.1252","35.83296603"
"2016","2016-05-24 01:00","20","야간","화","1","1","0","0","0","충북","청주시","차대차","기타","기타","운전자법규위반","안전운전 의무 불이행","단일로","기타단일로","승용차","경형","자전거","자전거","997826","1851088","127.47567506","36.65771559"
"2016","2016-05-21 20:00","30","야간","토","1","1","0","0","0","인천","강화군","차대차","정면충돌","정면충돌","운전자법규위반","중앙선 침범","단일로","기타단일로","화물차","소형","이륜차","소형","908692","1974255","126.46334996","37.76339862"
"2016","2016-05-22 02:00","30","야간","일","1","1","0","0","0","인천","서구","차량단독","전도전복","전도전복","운전자법규위반","중앙선 침범","단일로","기타단일로","이륜차","소형","","","926908","1946674","126.67290045","37.5164624"
"2016","2016-05-22 19:00","34","야간","일","2","2","0","0","0","경기","평택시","차대사람","기타","기타","운전자법규위반","안전운전 의무 불이행","단일로","기타단일로","승용차","중형","보행자","보행자","963740","1895710","127.09215886","37.05926847"
"2016","2016-05-28 08:00","15","주간","토","1","2","0","1","0","전남","영암군","차대차","측면직각충돌","측면직각충돌","운전자법규위반","안전운전 의무 불이행","교차로","교차로내","원동기장치자전거","원동기장치자전거","승용차","대형","919392","1644240","126.61890324","34.78951398"
"2016","2016-05-25 10:00","12","주간","수","1","1","0","0","0","충북","충주시","차대사람","횡단중","횡단중","운전자법규위반","안전운전 의무 불이행","기타/불명","기타/불명","화물차","소형","보행자","보행자","1036486","1887620","127.90999099","36.98633512"
"2016","2016-05-04 17:00","15","주간","수","1","1","0","0","0","서울","동작구","차대차","측면직각충돌","측면직각충돌","운전자법규위반","안전운전 의무 불이행","교차로","교차로내","승용차","중형","이륜차","중형","948955","1944670","126.92250648","37.49988349"
"2016","2016-05-11 13:00","17","주간","수","1","3","0","2","0","서울","서대문구","차대사람","차도통행중","차도통행중","운전자법규위반","안전운전 의무 불이행","단일로","기타단일로","승용차","중형","보행자","보행자","950118","1953537","126.93506072","37.57986683"
"2016","2016-05-09 16:00","20","주간","월","1","1","0","0","0","충북","진천군","차대사람","횡단중","횡단중","운전자법규위반","신호위반","교차로","교차로내","건설기계","건설기계","보행자","보행자","995434","1872393","127.44878342","36.84976745"
"2016","2016-05-14 11:00","07","주간","토","1","1","0","0","0","전북","전주시","차대차","정면충돌","정면충돌","운전자법규위반","안전운전 의무 불이행","교차로","교차로내","이륜차","소형","승용차","중형","972760","1753662","127.1986011","35.77898517"
"2016","2016-05-14 13:00","13","주간","토","1","2","1","0","0","강원","영월군","차량단독","전도전복","전도전복","운전자법규위반","안전운전 의무 불이행","기타/불명","기타/불명","승용차","경형","","","1061098","1923635","128.18948087","37.30968102"
"2016","2016-05-12 03:00","54","야간","목","1","1","0","0","0","경기","화성시","차량단독","전도전복","전도전복","운전자법규위반","안전운전 의무 불이행","단일로","기타단일로","승용차","대형","","","950654","1913031","126.94383541","37.21479912"
"2016","2016-05-14 20:00","15","야간","토","1","2","0","1","0","경기","부천시","차대사람","횡단중","횡단중","운전자법규위반","과속","교차로","교차로부근","원동기장치자전거","원동기장치자전거","보행자","보행자","935445","1945774","126.76957542","37.50898773"
"2016","2016-05-21 14:00","00","주간","토","1","1","0","0","0","경기","평택시","차량단독","전도전복","전도전복","운전자법규위반","안전운전 의무 불이행","단일로","기타단일로","승용차","중형","","","950651","1889644","126.94534112","37.00399232"
"2016","2016-05-21 15:00","00","주간","토","1","2","1","0","0","전남","고흥군","차량단독","전도전복","전도전복","운전자법규위반","안전운전 의무 불이행","단일로","기타단일로","화물차","소형","","","983171","1628858","127.3163461","34.65385219"
"2016","2016-05-21 07:00","17","주간","토","1","1","0","0","0","전남","완도군","차량단독","전도전복","전도전복","운전자법규위반","안전운전 의무 불이행","단일로","기타단일로","화물차","소형","","","946327","1596856","126.91629742","34.36399931"
"2016","2016-05-19 10:00","50","주간","목","1","1","0","0","0","충남","홍성군","차대차","측면직각충돌","측면직각충돌","운전자법규위반","차로위반(진로변경 위반)","단일로","기타단일로","이륜차","소형","승용차","경형","923435","1839828","126.64447741","36.55313964"
"2016","2016-05-24 07:00","50","주간","화","1","8","3","4","0","경기","파주시","차대차","정면충돌","정면충돌","운전자법규위반","중앙선 침범","단일로","기타단일로","화물차","중형","승용차","중형","939602","1987797","126.81312206","37.8880106"
"2016","2016-05-23 08:00","10","주간","월","1","1","0","0","0","강원","속초시","차대차","측면직각충돌","측면직각충돌","운전자법규위반","안전운전 의무 불이행","교차로","교차로부근","자전거","자전거","화물차","소형","1092632","2021566","128.55778125","38.18960404"
"2016","2016-05-22 20:00","05","야간","일","1","1","0","0","0","충남","공주시","차대사람","횡단중","횡단중","운전자법규위반","보행자 보호의무 위반","교차로","교차로내","화물차","소형","보행자","보행자","967240","1828179","127.13442503","36.4506312"
"2016","2016-05-22 09:00","15","주간","일","1","1","0","0","0","충남","부여군","차대차","측면직각충돌","측면직각충돌","운전자법규위반","안전운전 의무 불이행","교차로","교차로내","화물차","소형","자전거","자전거","952407","1802826","126.97045553","36.22145096"
"2016","2016-05-23 07:00","40","주간","월","1","1","0","0","0","경기","양평군","차량단독","전도전복","전도전복","운전자법규위반","안전운전 의무 불이행","기타/불명","기타/불명","승용차","대형","","","1002563","1945076","127.52899838","37.50495105"
"2016","2016-05-29 00:00","57","야간","일","1","1","0","0","0","경기","의정부시","차대사람","기타","기타","운전자법규위반","안전운전 의무 불이행","교차로","교차로내","승용차","중형","보행자","보행자","959507","1969354","127.04051494","37.72288874"
"2016","2016-05-28 16:00","20","주간","토","1","2","1","0","0","충남","천안시","차대차","측면직각충돌","측면직각충돌","운전자법규위반","안전운전 의무 불이행","교차로","교차로내","승용차","중형","이륜차","소형","970640","1861824","127.17108053","36.75404719"
"2016","2016-05-27 04:00","01","야간","금","1","1","0","0","0","서울","성북구","차대사람","횡단중","횡단중","운전자법규위반","안전운전 의무 불이행","교차로","교차로부근","화물차","소형","보행자","보행자","958835","1955813","127.03365393","37.60081213"
"2016","2016-05-26 09:00","30","주간","목","1","1","0","0","0","경북","안동시","차대차","측면직각충돌","측면직각충돌","운전자법규위반","안전운전 의무 불이행","단일로","기타단일로","이륜차","사발이","화물차","소형","1096332","1845360","128.57705596","36.60121306"
"2016","2016-05-30 09:00","40","주간","월","1","1","0","0","0","부산","금정구","차대사람","기타","기타","운전자법규위반","안전운전 의무 불이행","단일로","기타단일로","건설기계","건설기계","보행자","보행자","1144390","1694995","129.08688968","35.23997237"
"2016","2016-05-30 02:00","45","야간","월","1","1","0","0","0","경기","광주시","차대사람","횡단중","횡단중","운전자법규위반","신호위반","교차로","교차로부근","승용차","대형","보행자","보행자","986821","1927266","127.35120794","37.34432559"
"2016","2016-05-06 03:00","40","야간","금","1","1","0","0","0","부산","북구","차량단독","공작물충돌","공작물충돌","운전자법규위반","안전운전 의무 불이행","단일로","기타단일로","원동기장치자전거","원동기장치자전거","","","1136966","1691220","129.00471075","35.20699107"
"2016","2016-05-04 17:00","00","주간","수","1","1","0","0","0","충남","서천군","차량단독","기타","기타","운전자법규위반","안전운전 의무 불이행","단일로","기타단일로","화물차","소형","","","909997","1796121","126.49939866","36.15799196"
"2016","2016-05-09 00:00","52","야간","월","1","1","0","0","0","전북","완주군","차량단독","전도전복","전도전복","운전자법규위반","안전운전 의무 불이행","단일로","기타단일로","승용차","중형","","","968971","1765390","127.15622228","35.88461286"
"2016","2016-05-09 16:00","10","주간","월","1","1","0","0","0","부산","연제구","차대사람","차도통행중","차도통행중","운전자법규위반","중앙선 침범","단일로","기타단일로","승용차","중형","보행자","보행자","1143173","1689450","129.07257098","35.19017024"
"2016","2016-05-14 11:00","30","주간","토","1","1","0","0","0","경북","상주시","차량단독","전도전복","전도전복","운전자법규위반","안전운전 의무 불이행","기타/불명","기타/불명","농기계","농기계","","","1057196","1842022","128.1392743","36.57427391"
"2016","2016-05-12 21:00","07","야간","목","1","1","0","0","0","경기","수원시","차대사람","기타","기타","운전자법규위반","보행자 보호의무 위반","단일로","기타단일로","승용차","중형","보행자","보행자","956899","1919731","127.01383073","37.27550068"
"2016","2016-05-11 13:00","20","주간","수","1","1","0","0","0","경기","광명시","차대사람","횡단중","횡단중","운전자법규위반","안전운전 의무 불이행","단일로","기타단일로","승합차","경형","보행자","보행자","942465","1941157","126.84936112","37.4678387"
"2016","2016-05-16 10:00","35","주간","월","1","1","0","0","0","경기","이천시","차대차","측면직각충돌","측면직각충돌","운전자법규위반","안전운전 의무 불이행","단일로","기타단일로","이륜차","소형","화물차","소형","1003943","1900790","127.54437682","37.1057539"
"2016","2016-05-15 15:00","50","주간","일","1","1","0","0","0","전북","김제시","차대차","측면직각충돌","측면직각충돌","운전자법규위반","안전운전 의무 불이행","교차로","교차로내","화물차","소형","원동기장치자전거","원동기장치자전거","947138","1763188","126.91058012","35.86769493"
"2016","2016-05-19 21:00","40","야간","목","1","7","0","6","0","경기","안산시","차대차","추돌","진행중 추돌","운전자법규위반","신호위반","교차로","교차로내","승용차","중형","이륜차","소형","943214","1926057","126.85899107","37.33178491"
"2016","2016-05-21 07:00","00","주간","토","1","1","0","0","0","경기","고양시","차량단독","공작물충돌","공작물충돌","운전자법규위반","안전운전 의무 불이행","단일로","기타단일로","원동기장치자전거","원동기장치자전거","","","941591","1959161","126.8380445","37.63005374"
"2016","2016-05-22 23:00","38","야간","일","1","1","0","0","0","서울","은평구","차량단독","공작물충돌","공작물충돌","운전자법규위반","안전운전 의무 불이행","단일로","기타단일로","원동기장치자전거","원동기장치자전거","","","946131","1954100","126.88986674","37.58471643"
"2016","2016-05-21 05:00","55","야간","토","1","1","0","0","0","서울","강북구","차량단독","전도전복","전도전복","운전자법규위반","안전운전 의무 불이행","단일로","기타단일로","이륜차","소형","","","959336","1959305","127.03913522","37.6323085"
"2016","2016-05-25 15:00","36","주간","수","1","1","0","0","0","부산","사하구","차대사람","기타","기타","운전자법규위반","안전운전 의무 불이행","단일로","기타단일로","승합차","중형","보행자","보행자","1136216","1679609","128.98379589","35.0988882"
"2016","2016-05-29 13:00","44","주간","일","1","1","0","0","0","경북","상주시","차대차","추돌","진행중 추돌","운전자법규위반","안전운전 의무 불이행","교차로","교차로부근","원동기장치자전거","원동기장치자전거","승용차","소형","1059253","1823360","128.1608332","36.40591792"
"2016","2016-05-29 18:00","00","야간","일","1","1","0","0","0","세종","세종","차량단독","전도전복","전도전복","운전자법규위반","안전운전 의무 불이행","단일로","기타단일로","승용차","경형","","","987427","1838086","127.35953324","36.54042182"
"2016","2016-05-29 17:00","26","주간","일","1","1","0","0","0","서울","관악구","차대사람","차도통행중","차도통행중","운전자법규위반","기타(운전자법규위반)","교차로","교차로부근","승합차","대형","보행자","보행자","948757","1941794","126.92046682","37.47395049"
"2016","2016-06-04 16:00","55","주간","토","1","3","0","2","0","울산","남구","차대차","측면직각충돌","측면직각충돌","운전자법규위반","중앙선 침범","단일로","기타단일로","승용차","중형","특수차","대형","1167080","1724812","129.34227085","35.50516849"
"2016","2016-05-05 09:00","58","주간","목","1","1","0","0","0","대전","유성구","차대차","기타","기타","운전자법규위반","안전운전 의무 불이행","교차로","교차로부근","승용차","대형","자전거","자전거","985730","1817275","127.34095766","36.35278193"
"2016","2016-05-04 19:00","35","야간","수","1","3","0","2","0","전북","고창군","차대차","측면직각충돌","측면직각충돌","운전자법규위반","안전운전 의무 불이행","교차로","교차로내","화물차","소형","승용차","소형","919209","1720748","126.60942265","35.47930768"
"2016","2016-05-09 13:00","35","주간","월","1","1","0","0","0","경북","경산시","차대사람","횡단중","횡단중","운전자법규위반","안전운전 의무 불이행","교차로","교차로내","화물차","소형","보행자","보행자","1120667","1756055","128.83533512","35.79352303"
"2016","2016-05-09 12:00","26","주간","월","1","1","0","0","0","경기","남양주시","차대사람","횡단중","횡단중","운전자법규위반","과속","기타/불명","기타/불명","화물차","소형","보행자","보행자","973423","1963731","127.19862626","37.67271699"
"2016","2016-05-09 08:00","05","주간","월","1","1","0","0","0","경기","부천시","차대사람","횡단중","횡단중","운전자법규위반","안전운전 의무 불이행","교차로","교차로부근","화물차","중형","보행자","보행자","938874","1944060","126.80851357","37.49377298"
"2016","2016-05-10 10:00","53","주간","화","1","1","0","0","0","강원","강릉시","차대사람","횡단중","횡단중","운전자법규위반","보행자 보호의무 위반","단일로","횡단보도상","승용차","경형","보행자","보행자","1122419","1972075","128.90503328","37.76140338"
"2016","2016-05-10 14:00","18","주간","화","1","1","0","0","0","경북","김천시","차량단독","전도전복","전도전복","운전자법규위반","안전운전 의무 불이행","단일로","기타단일로","화물차","소형","","","1055849","1790019","128.12048991","36.10555197"
"2016","2016-05-08 13:00","10","주간","일","1","2","1","0","0","경북","구미시","차량단독","전도전복","전도전복","운전자법규위반","안전운전 의무 불이행","단일로","기타단일로","원동기장치자전거","원동기장치자전거","","","1082527","1795275","128.41740868","36.15103128"
"2016","2016-05-13 11:00","04","주간","금","1","1","0","0","0","충북","영동군","차대사람","기타","기타","운전자법규위반","안전운전 의무 불이행","기타/불명","기타/불명","승합차","대형","보행자","보행자","1044843","1801759","127.99888654","36.21196316"
"2016","2016-05-13 17:00","15","주간","금","1","1","0","0","0","서울","노원구","차대차","추돌","진행중 추돌","운전자법규위반","안전운전 의무 불이행","교차로","교차로부근","승용차","중형","자전거","자전거","962164","1962902","127.07099901","37.66484976"
"2016","2016-05-12 01:00","40","야간","목","1","3","2","0","0","부산","금정구","차대사람","기타","기타","운전자법규위반","기타(운전자법규위반)","단일로","기타단일로","승용차","중형","보행자","보행자","1144230","1698809","129.08581272","35.27438665"
"2016","2016-05-16 21:00","10","야간","월","1","1","0","0","0","경기","안성시","차대차","측면직각충돌","측면직각충돌","운전자법규위반","안전운전 의무 불이행","교차로","교차로내","자전거","자전거","승용차","경형","979613","1889543","127.27085867","37.00415667"
"2016","2016-05-20 17:00","55","주간","금","1","1","0","0","0","광주","광산구","차대사람","횡단중","횡단중","운전자법규위반","과속","단일로","기타단일로","승용차","중형","보행자","보행자","940726","1691088","126.8487431","35.21340033"
"2016","2016-05-24 20:00","53","야간","화","1","1","0","0","0","충북","청주시","차대사람","기타","기타","운전자법규위반","과속","단일로","기타단일로","승용차","중형","보행자","보행자","1002751","1858143","127.53080636","36.72131422"
"2016","2016-05-23 19:00","18","야간","월","1","1","0","0","0","경북","경산시","차대사람","횡단중","횡단중","운전자법규위반","과속","단일로","기타단일로","승용차","경형","보행자","보행자","1114348","1763751","128.76652496","35.86365095"
"2016","2016-05-24 20:00","51","야간","화","1","1","0","0","0","충남","천안시","차대사람","횡단중","횡단중","운전자법규위반","안전운전 의무 불이행","단일로","횡단보도상","승용차","경형","보행자","보행자","966634","1872628","127.12572857","36.85130773"
"2016","2016-05-24 17:00","25","주간","화","2","4","0","2","0","경기","시흥시","차대차","정면충돌","정면충돌","운전자법규위반","중앙선 침범","단일로","기타단일로","승합차","중형","승용차","중형","938470","1935243","126.80467972","37.4142779"
"2016","2016-05-27 07:00","25","주간","금","1","1","0","0","0","인천","연수구","차대차","측면직각충돌","측면직각충돌","운전자법규위반","안전운전 의무 불이행","교차로","교차로부근","승용차","대형","자전거","자전거","923600","1932689","126.63692097","37.39015159"
"2016","2016-05-29 11:00","20","주간","일","1","1","0","0","0","전북","완주군","차대차","추돌","진행중 추돌","운전자법규위반","안전운전 의무 불이행","단일로","터널안","승용차","경형","원동기장치자전거","원동기장치자전거","971268","1772208","127.18142455","35.94615362"
"2016","2016-05-29 21:00","00","야간","일","1","4","2","1","0","경남","진주시","차대차","측면직각충돌","측면직각충돌","운전자법규위반","과속","단일로","기타단일로","승용차","중형","화물차","경형","1053483","1701883","128.08833613","35.31105978"
"2016","2016-05-29 17:00","21","주간","일","1","1","0","0","0","충남","아산시","차대차","추돌","진행중 추돌","운전자법규위반","중앙선 침범","단일로","기타단일로","자전거","자전거","승용차","경형","955446","1865128","127.00067424","36.78323865"
"2016","2016-06-05 04:00","02","야간","일","1","1","0","0","0","경기","평택시","차대사람","기타","기타","운전자법규위반","안전운전 의무 불이행","교차로","교차로부근","승용차","소형","보행자","보행자","962582","1889968","127.07941988","37.00746381"
"2016","2016-06-04 08:00","38","주간","토","1","1","0","0","0","경기","남양주시","차량단독","공작물충돌","공작물충돌","운전자법규위반","안전운전 의무 불이행","교차로","교차로부근","승용차","경형","","","965622","1960769","127.11030693","37.64576065"
"2016","2016-06-04 14:00","30","주간","토","1","3","1","1","0","경남","하동군","차대차","측면직각충돌","측면직각충돌","운전자법규위반","안전운전 의무 불이행","교차로","교차로내","승용차","경형","승용차","경형","1036708","1670171","127.90239771","35.02587073"
"2016","2016-05-05 12:00","29","주간","목","1","1","0","0","0","경북","경산시","차대사람","횡단중","횡단중","운전자법규위반","안전운전 의무 불이행","교차로","교차로내","화물차","소형","보행자","보행자","1111719","1749872","128.73547319","35.73884715"
"2016","2016-05-09 22:00","45","야간","월","1","1","0","0","0","경남","남해군","차대사람","기타","기타","운전자법규위반","안전운전 의무 불이행","단일로","기타단일로","승용차","경형","보행자","보행자","1036484","1649674","127.89904616","34.84105082"
"2016","2016-05-10 08:00","00","주간","화","1","2","1","0","0","강원","속초시","차대차","측면직각충돌","측면직각충돌","운전자법규위반","중앙선 침범","단일로","기타단일로","승용차","중형","승용차","대형","1096482","2020703","128.6016206","38.18142333"
"2016","2016-05-14 08:00","47","주간","토","1","1","0","0","0","충북","청주시","차대차","측면직각충돌","측면직각충돌","운전자법규위반","신호위반","교차로","교차로내","승용차","소형","이륜차","대형","994214","1849598","127.43527157","36.6442682"
"2016","2016-05-11 22:00","40","야간","수","1","1","0","0","0","전북","군산시","차량단독","전도전복","전도전복","운전자법규위반","안전운전 의무 불이행","단일로","기타단일로","승용차","중형","","","938937","1769859","126.82310846","35.92341833"
"2016","2016-05-12 12:00","50","주간","목","1","2","0","1","0","경남","창녕군","차대차","측면직각충돌","측면직각충돌","운전자법규위반","안전운전 의무 불이행","교차로","교차로내","승합차","소형","이륜차","중형","1087147","1711077","128.45959736","35.39158122"
"2016","2016-05-18 10:00","30","주간","수","1","1","0","0","0","충북","청주시","차대사람","기타","기타","운전자법규위반","안전운전 의무 불이행","지하도로내","지하도로내","화물차","소형","보행자","보행자","999248","1855621","127.4915814","36.69858241"
"2016","2016-05-20 21:00","20","야간","금","1","1","0","0","0","경북","구미시","차대사람","횡단중","횡단중","운전자법규위반","안전운전 의무 불이행","교차로","교차로내","화물차","중형","보행자","보행자","1074587","1792203","128.32886136","36.12398146"
"2016","2016-05-18 00:00","15","야간","수","1","1","0","0","0","경북","안동시","차대사람","차도통행중","차도통행중","운전자법규위반","안전운전 의무 불이행","단일로","기타단일로","승용차","중형","보행자","보행자","1110529","1841605","128.73521721","36.56582933"
"2016","2016-05-24 20:00","35","야간","화","1","1","0","0","0","전북","김제시","차대차","측면직각충돌","측면직각충돌","운전자법규위반","중앙선 침범","단일로","기타단일로","자전거","자전거","화물차","소형","949659","1768174","126.94209127","35.90890957"
"2016","2016-05-23 23:00","00","야간","월","1","2","1","0","0","충남","예산군","차대차","정면충돌","정면충돌","운전자법규위반","직진 및 우회전차의 통행방해","교차로","교차로내","화물차","소형","승용차","대형","941009","1856724","126.83953391","36.70669401"
"2016","2016-06-03 21:00","30","야간","금","1","1","0","0","0","서울","강남구","차대차","측면직각충돌","측면직각충돌","운전자법규위반","신호위반","교차로","교차로부근","승용차","중형","이륜차","중형","960852","1946825","127.05698321","37.51988863"
"2016","2016-06-04 05:00","19","야간","토","1","1","0","0","0","전북","익산시","차량단독","전도전복","전도전복","운전자법규위반","안전운전 의무 불이행","단일로","기타단일로","이륜차","사발이","","","949139","1788157","126.93504507","36.08903954"
"2016","2016-06-04 13:00","50","주간","토","1","3","2","0","0","강원","양양군","차대차","정면충돌","정면충돌","운전자법규위반","중앙선 침범","교차로","교차로부근","승용차","경형","승용차","대형","1104355","2004523","128.6891303","38.03475117"
"2016","2016-07-29 10:00","30","주간","금","1","1","0","0","0","제주","서귀포시","차량단독","전도전복","전도전복","운전자법규위반","안전운전 의무 불이행","교차로","교차로내","농기계","농기계","","","888297","1477885","126.3003809","33.28658193"
"2016","2016-07-25 13:00","50","주간","월","1","1","0","0","0","경남","합천군","차량단독","전도전복","전도전복","운전자법규위반","안전운전 의무 불이행","단일로","기타단일로","건설기계","건설기계","","","1073020","1728517","128.30562333","35.54995299"
"2016","2016-07-31 09:00","10","주간","일","1","1","0","0","0","강원","강릉시","차대사람","횡단중","횡단중","운전자법규위반","안전운전 의무 불이행","교차로","교차로부근","승용차","경형","보행자","보행자","1116368","1988215","128.82334713","37.88634312"
"2016","2016-07-31 07:00","25","주간","일","1","1","0","0","0","경남","창녕군","차대차","정면충돌","정면충돌","운전자법규위반","안전운전 의무 불이행","단일로","기타단일로","화물차","소형","이륜차","소형","1082270","1734364","128.40826188","35.60194132"
"2016","2016-07-31 08:00","10","주간","일","1","1","0","0","0","전남","고흥군","차대사람","횡단중","횡단중","운전자법규위반","안전운전 의무 불이행","단일로","기타단일로","화물차","소형","보행자","보행자","977012","1618075","127.24942605","34.55649198"
"2016","2016-07-31 02:00","55","야간","일","1","1","0","0","0","인천","남구","차대사람","횡단중","횡단중","운전자법규위반","안전운전 의무 불이행","단일로","횡단보도상","승용차","중형","보행자","보행자","928767","1940113","126.69456986","37.4574749"
"2016","2016-08-06 14:00","35","주간","토","1","3","1","0","1","충남","부여군","차대차","측면직각충돌","측면직각충돌","운전자법규위반","중앙선 침범","단일로","기타단일로","화물차","소형","화물차","소형","944350","1801988","126.88087306","36.21346605"
"2016","2016-08-05 20:00","35","야간","금","1","4","2","1","0","전남","목포시","차대차","정면충돌","정면충돌","운전자법규위반","직진 및 우회전차의 통행방해","교차로","교차로내","승용차","중형","승용차","중형","895574","1640646","126.35904398","34.75494775"
"2016","2016-08-10 08:00","00","주간","수","1","1","0","0","0","경북","상주시","차대차","측면직각충돌","측면직각충돌","운전자법규위반","교차로 통행방법 위반","단일로","기타단일로","원동기장치자전거","원동기장치자전거","화물차","소형","1058574","1830548","128.15380427","36.4707572"
"2016","2016-08-06 12:00","15","주간","토","1","2","1","0","0","전남","신안군","차량단독","도로이탈","도로이탈 추락","운전자법규위반","안전운전 의무 불이행","단일로","기타단일로","이륜차","사발이","","","861898","1634636","125.99218418","34.6967667"