"발생년","발생년월일시","발생분","주야","요일","사망자수","사상자수","중상자수","경상자수","부상신고자수","발생지시도","발생지시군구","사고유형_대분류","사고유형_중분류","사고유형","법규위반_대분류","법규위반","도로형태_대분류","도로형태","당사자종별_1당_대분류","당사자종별_1당","당사자종별_2당_대분류","당사자종별_2당","발생위치X_UTMK","발생위치Y_UTMK","경도","위도"
"2016","2016-11-16 06:00","00","주간","수","1","1","0","0","0","강원","동해시","차대차","측면직각충돌","측면직각충돌","운전자법규위반","안전운전 의무 불이행","단일로","기타단일로","승용차","중형","화물차","대형","1141053","1950174","129.09665603","37.53972167"
"2016","2016-11-26 00:00","10","야간","토","1","1","0","0","0","경남","김해시","차량단독","공작물충돌","공작물충돌","운전자법규위반","안전운전 의무 불이행","단일로","기타단일로","승용차","소형","","","1131989","1701957","128.95177437","35.3044432"
"2016","2016-11-26 20:00","05","야간","토","1","1","0","0","0","충남","홍성군","차대사람","횡단중","횡단중","운전자법규위반","안전운전 의무 불이행","교차로","교차로내","화물차","소형","보행자","보행자","907967","1838665","126.47180289","36.54129152"
"2016","2016-11-26 16:00","55","주간","토","1","3","0","2","0","전남","무안군","차대차","정면충돌","정면충돌","운전자법규위반","안전운전 의무 불이행","교차로","교차로내","화물차","소형","승용차","경형","901503","1653232","126.42233712","34.86901437"
"2016","2016-11-21 20:00","12","야간","월","1","1","0","0","0","경남","김해시","차대차","정면충돌","정면충돌","운전자법규위반","중앙선 침범","단일로","기타단일로","승용차","중형","화물차","소형","1134318","1701345","128.97728371","35.29861644"
"2016","2016-11-21 18:00","17","야간","월","2","3","1","0","0","경기","포천시","차대차","추돌","진행중 추돌","운전자법규위반","안전운전 의무 불이행","단일로","기타단일로","화물차","중형","건설기계","건설기계","982879","1994946","127.30511507","37.95428722"
"2016","2016-11-27 06:00","15","주간","일","2","2","0","0","0","경북","영천시","차대사람","기타","기타","운전자법규위반","안전운전 의무 불이행","단일로","기타단일로","화물차","소형","보행자","보행자","1125568","1779125","128.89319649","36.00084844"
"2016","2016-11-01 10:00","00","주간","화","1","1","0","0","0","대구","달성군","차대사람","횡단중","횡단중","운전자법규위반","안전운전 의무 불이행","단일로","기타단일로","승용차","대형","보행자","보행자","1090641","1756998","128.50297495","35.80520844"
"2016","2016-10-29 18:00","00","야간","토","1","2","0","1","0","전남","광양시","차대차","측면직각충돌","측면직각충돌","운전자법규위반","교차로 통행방법 위반","교차로","교차로내","승용차","경형","원동기장치자전거","원동기장치자전거","1019854","1663186","127.71747705","34.96335628"
"2016","2016-10-31 06:00","40","주간","월","1","1","0","0","0","인천","계양구","차대사람","횡단중","횡단중","운전자법규위반","안전운전 의무 불이행","기타/불명","기타/불명","화물차","중형","보행자","보행자","932367","1947920","126.7345538","37.52810879"
"2016","2016-11-02 12:00","48","주간","수","1","1","0","0","0","광주","서구","차대차","측면직각충돌","측면직각충돌","운전자법규위반","안전운전 의무 불이행","단일로","기타단일로","승합차","소형","자전거","자전거","943950","1682965","126.88471619","35.14034339"
"2016","2016-11-02 14:00","40","주간","수","1","1","0","0","0","전남","해남군","차대차","기타","기타","운전자법규위반","안전운전 의무 불이행","단일로","기타단일로","농기계","농기계","승합차","대형","918258","1615063","126.60932847","34.5263389"
"2016","2016-11-02 10:00","15","주간","수","1","2","1","0","0","인천","강화군","차대사람","차도통행중","차도통행중","운전자법규위반","부당한 회전","단일로","기타단일로","화물차","소형","보행자","보행자","912579","1967889","126.50823978","37.70640845"
"2016","2016-11-03 05:00","00","야간","목","1","1","0","0","0","경기","이천시","차대차","기타","기타","운전자법규위반","신호위반","교차로","교차로부근","자전거","자전거","승합차","중형","987235","1920061","127.35600594","37.27938604"
"2016","2016-10-30 21:00","50","야간","일","1","1","0","0","0","충남","천안시","차대차","측면직각충돌","측면직각충돌","운전자법규위반","안전운전 의무 불이행","단일로","기타단일로","승용차","경형","승용차","경형","973209","1880565","127.19919974","36.92306496"
"2016","2016-10-30 12:00","58","주간","일","1","2","0","1","0","경기","화성시","차대차","추돌","진행중 추돌","운전자법규위반","안전운전 의무 불이행","단일로","기타단일로","승용차","중형","승용차","중형","950317","1911418","126.94014476","37.20024216"
"2016","2016-06-07 23:00","26","야간","화","1","2","1","0","0","경기","화성시","차대차","정면충돌","정면충돌","운전자법규위반","중앙선 침범","고가도로위","고가도로위","승용차","중형","승용차","중형","945720","1916168","126.888","37.24280052"
"2016","2016-06-06 21:00","00","야간","월","1","1","0","0","0","광주","서구","차대사람","횡단중","횡단중","운전자법규위반","안전운전 의무 불이행","단일로","기타단일로","승용차","중형","보행자","보행자","943863","1685462","126.88359143","35.16285322"
"2016","2016-06-07 11:00","40","주간","화","1","6","2","3","0","강원","횡성군","차대차","정면충돌","정면충돌","운전자법규위반","중앙선 침범","단일로","기타단일로","승용차","경형","승합차","대형","1048812","1954325","128.05287403","37.58702654"
"2016","2016-06-12 00:00","35","야간","일","1","1","0","0","0","서울","종로구","차대사람","기타","기타","운전자법규위반","안전운전 의무 불이행","교차로","교차로부근","승용차","중형","보행자","보행자","953822","1953045","126.97703977","37.57562566"
"2016","2016-06-11 18:00","57","야간","토","1","1","0","0","0","부산","사하구","차대차","기타","기타","운전자법규위반","신호위반","교차로","교차로내","승용차","소형","원동기장치자전거","원동기장치자전거","1133668","1680134","128.99052841","35.06668513"
"2016","2016-06-16 22:00","10","야간","목","1","1","0","0","0","전북","전주시","차대사람","차도통행중","차도통행중","운전자법규위반","안전운전 의무 불이행","단일로","기타단일로","승용차","중형","보행자","보행자","966406","1766207","127.12777008","35.89189417"
"2016","2016-06-14 18:00","12","야간","화","1","1","0","0","0","광주","북구","차대사람","횡단중","횡단중","운전자법규위반","안전운전 의무 불이행","단일로","기타단일로","승용차","대형","보행자","보행자","944336","1686213","126.88873424","35.16965106"
"2016","2016-06-23 16:00","50","주간","목","1","1","0","0","0","경북","경산시","차량단독","전도전복","전도전복","운전자법규위반","안전운전 의무 불이행","단일로","기타단일로","화물차","소형","","","1116676","1754540","128.79095892","35.78034921"
"2016","2016-06-24 16:00","15","주간","금","1","1","0","0","0","충남","금산군","차대사람","횡단중","횡단중","운전자법규위반","보행자 보호의무 위반","교차로","교차로내","승용차","경형","보행자","보행자","999142","1790177","127.49046708","36.10858276"
"2016","2016-06-22 11:00","55","주간","수","1","3","0","1","1","경기","평택시","차대차","추돌","진행중 추돌","운전자법규위반","안전운전 의무 불이행","교차로","교차로부근","화물차","소형","화물차","소형","949123","1895440","126.92777609","37.05615559"
"2016","2016-07-01 18:00","48","야간","금","1","5","3","0","1","경기","용인시","차대사람","기타","기타","운전자법규위반","과속","교차로","교차로부근","승용차","중형","보행자","보행자","974134","1915473","127.20838245","37.23775817"
"2016","2016-06-29 12:00","15","주간","수","1","1","0","0","0","강원","화천군","차량단독","전도전복","전도전복","운전자법규위반","안전운전 의무 불이행","단일로","기타단일로","농기계","농기계","","","1029175","2006223","127.83255026","38.05561662"
"2016","2016-06-30 11:00","50","주간","목","1","1","0","0","0","강원","영월군","차량단독","기타","기타","운전자법규위반","안전운전 의무 불이행","단일로","기타단일로","농기계","농기계","","","1084405","1910265","128.45095234","37.1873553"
"2016","2016-06-30 08:00","10","주간","목","1","1","0","0","0","충남","홍성군","차량단독","전도전복","전도전복","운전자법규위반","안전운전 의무 불이행","단일로","기타단일로","화물차","소형","","","929045","1838444","126.70728424","36.54109718"
"2016","2016-06-28 22:00","13","야간","화","1","1","0","0","0","경북","구미시","차대차","측면직각충돌","측면직각충돌","운전자법규위반","안전운전 의무 불이행","단일로","기타단일로","승용차","중형","이륜차","중형","1079864","1789819","128.38725506","36.10207036"
"2016","2016-07-06 01:00","40","야간","수","1","1","0","0","0","경북","포항시","차대사람","횡단중","횡단중","운전자법규위반","안전운전 의무 불이행","교차로","교차로부근","승용차","경형","보행자","보행자","1164999","1783756","129.33147839","36.03670227"
"2016","2016-07-03 22:00","40","야간","일","1","1","0","0","0","울산","남구","차대사람","횡단중","횡단중","운전자법규위반","안전운전 의무 불이행","교차로","교차로부근","승용차","중형","보행자","보행자","1167024","1728667","129.34244775","35.53991913"
"2016","2016-07-05 07:00","19","주간","화","1","1","0","0","0","전남","순천시","차량단독","기타","기타","운전자법규위반","안전운전 의무 불이행","교차로","교차로부근","승용차","중형","","","999693","1659606","127.49663849","34.93126822"
"2016","2016-07-10 11:00","45","주간","일","1","1","0","0","0","경북","상주시","차대차","측면직각충돌","측면직각충돌","운전자법규위반","교차로 통행방법 위반","교차로","교차로내","화물차","소형","이륜차","소형","1047635","1822362","128.0312051","36.39756768"
"2016","2016-07-09 09:00","00","주간","토","1","1","0","0","0","강원","평창군","차대차","추돌","진행중 추돌","운전자법규위반","안전운전 의무 불이행","단일로","기타단일로","이륜차","소형","화물차","소형","1081455","1936122","128.42055655","37.42066144"
"2016","2016-07-08 20:00","30","야간","금","1","2","1","0","0","전북","임실군","차대차","측면직각충돌","측면직각충돌","운전자법규위반","직진 및 우회전차의 통행방해","교차로","교차로내","이륜차","사발이","승용차","대형","988154","1730726","127.36926614","35.5724911"
"2016","2016-07-08 20:00","15","야간","금","1","1","0","0","0","경남","고성군","차대사람","횡단중","횡단중","운전자법규위반","보행자 보호의무 위반","단일로","횡단보도상","승용차","경형","보행자","보행자","1073949","1666963","128.31032576","34.99490554"
"2016","2016-07-08 19:00","49","야간","금","1","1","0","0","0","인천","서구","차대사람","보도통행중","보도통행중","운전자법규위반","안전운전 의무 불이행","단일로","기타단일로","자전거","자전거","보행자","보행자","926116","1953441","126.66349772","37.57739129"
"2016","2016-06-07 22:00","20","야간","화","1","1","0","0","0","경북","경주시","차대사람","횡단중","횡단중","운전자법규위반","안전운전 의무 불이행","단일로","기타단일로","승용차","경형","보행자","보행자","1155102","1761790","129.21737924","35.84037294"
"2016","2016-07-07 23:00","40","야간","목","1","1","0","0","0","대전","동구","차대사람","횡단중","횡단중","운전자법규위반","안전운전 의무 불이행","단일로","기타단일로","승용차","중형","보행자","보행자","993901","1815030","127.43204277","36.33262881"
"2016","2016-07-07 22:00","06","야간","목","1","1","0","0","0","충남","서천군","차대사람","차도통행중","차도통행중","운전자법규위반","안전운전 의무 불이행","단일로","기타단일로","승용차","중형","보행자","보행자","928700","1783202","126.70847662","36.04308502"
"2016","2016-06-09 10:00","40","주간","목","1","1","0","0","0","충남","부여군","차대차","측면직각충돌","측면직각충돌","운전자법규위반","안전운전 의무 불이행","교차로","교차로내","화물차","소형","이륜차","소형","951001","1813088","126.95416881","36.31389399"
"2016","2016-06-05 20:00","42","야간","일","1","1","0","0","0","충남","아산시","차대사람","횡단중","횡단중","운전자법규위반","보행자 보호의무 위반","교차로","교차로내","승합차","경형","보행자","보행자","954013","1851266","126.98544908","36.6582113"
"2016","2016-06-06 15:00","15","주간","월","1","1","0","0","0","경기","김포시","차대차","기타","기타","운전자법규위반","안전운전 의무 불이행","단일로","기타단일로","이륜차","소형","특수차","중형","926282","1964407","126.66403123","37.6762323"
"2016","2016-06-12 15:00","40","주간","일","1","7","2","2","2","서울","영등포구","차대차","측면직각충돌","측면직각충돌","운전자법규위반","신호위반","단일로","기타단일로","승용차","중형","승용차","중형","949936","1946922","126.93345105","37.52023497"
"2016","2016-06-13 14:00","03","주간","월","1","2","0","1","0","경기","용인시","차대차","추돌","진행중 추돌","운전자법규위반","안전운전 의무 불이행","지하도로내","지하도로내","승합차","중형","승용차","중형","969254","1918833","127.15322659","37.26789655"
"2016","2016-06-12 12:00","40","주간","일","1","2","1","0","0","울산","남구","차량단독","공작물충돌","공작물충돌","운전자법규위반","안전운전 의무 불이행","단일로","기타단일로","승용차","소형","","","1162700","1729037","129.29484506","35.54397285"
"2016","2016-06-13 12:00","55","주간","월","1","2","1","0","0","전남","여수시","차대사람","횡단중","횡단중","운전자법규위반","보행자 보호의무 위반","단일로","기타단일로","승용차","소형","보행자","보행자","1021489","1638427","127.73475142","34.74005648"
"2016","2016-06-15 20:00","50","야간","수","1","1","0","0","0","경기","김포시","차대사람","횡단중","횡단중","운전자법규위반","보행자 보호의무 위반","교차로","교차로부근","자전거","자전거","보행자","보행자","929550","1958789","126.70162952","37.6258566"
"2016","2016-06-16 05:00","15","야간","목","1","1","0","0","0","인천","연수구","차대사람","차도통행중","차도통행중","운전자법규위반","안전운전 의무 불이행","단일로","기타단일로","승용차","중형","보행자","보행자","925428","1936767","126.65713604","37.42728721"
"2016","2016-06-14 19:00","00","야간","화","1","1","0","0","0","전남","순천시","차대사람","기타","기타","운전자법규위반","안전운전 의무 불이행","단일로","기타단일로","화물차","대형","보행자","보행자","1000913","1665686","127.51000361","34.98609427"
"2016","2016-06-13 23:00","11","야간","월","1","1","0","0","0","강원","홍천군","차대사람","횡단중","횡단중","운전자법규위반","안전운전 의무 불이행","교차로","교차로부근","승용차","중형","보행자","보행자","1044256","1980318","128.0028522","37.82153205"
"2016","2016-06-18 21:00","50","야간","토","1","1","0","0","0","강원","태백시","차대사람","횡단중","횡단중","운전자법규위반","안전운전 의무 불이행","단일로","기타단일로","승용차","중형","보행자","보행자","1132329","1907864","128.99032846","37.16015671"
"2016","2016-06-20 12:00","20","주간","월","1","1","0","0","0","경남","통영시","차량단독","공작물충돌","공작물충돌","운전자법규위반","안전운전 의무 불이행","단일로","기타단일로","승용차","소형","","","1084679","1652523","128.42642638","34.86386757"
"2016","2016-06-17 11:00","44","주간","금","1","1","0","0","0","충북","영동군","차대사람","횡단중","횡단중","운전자법규위반","안전운전 의무 불이행","교차로","교차로내","화물차","중형","보행자","보행자","1025163","1797743","127.77981738","36.17646915"
"2016","2016-06-24 04:00","36","야간","금","1","1","0","0","0","서울","광진구","차량단독","전도전복","전도전복","운전자법규위반","안전운전 의무 불이행","교차로","교차로내","화물차","소형","","","962909","1952556","127.07997085","37.57162918"
"2016","2016-06-24 08:00","38","주간","금","1","7","4","1","1","부산","사하구","차대차","기타","기타","운전자법규위반","중앙선 침범","교차로","교차로부근","특수차","대형","화물차","소형","1135522","1677767","128.98664431","35.08591947"
"2016","2016-08-13 22:00","50","야간","토","1","1","0","0","0","경기","수원시","차대사람","횡단중","횡단중","운전자법규위반","과속","교차로","교차로부근","승용차","중형","보행자","보행자","954073","1917050","126.98212076","37.25119986"
"2016","2016-08-12 17:00","10","주간","금","1","1","0","0","0","경남","함안군","차량단독","도로이탈","도로이탈 추락","운전자법규위반","안전운전 의무 불이행","교차로","교차로부근","이륜차","소형","","","1088930","1709624","128.47906958","35.3783241"
"2016","2016-08-12 19:00","45","야간","금","1","2","1","0","0","경남","밀양시","차대차","추돌","진행중 추돌","운전자법규위반","안전운전 의무 불이행","단일로","기타단일로","승용차","경형","농기계","농기계","1107791","1726463","128.68891351","35.52826391"
"2016","2016-08-14 22:00","07","야간","일","1","1","0","0","0","전북","임실군","차대사람","차도통행중","차도통행중","운전자법규위반","안전운전 의무 불이행","단일로","기타단일로","승용차","중형","보행자","보행자","974483","1741418","127.21805438","35.66863648"
"2016","2016-08-20 18:00","40","야간","토","1","1","0","0","0","충남","청양군","차량단독","전도전복","전도전복","운전자법규위반","안전운전 의무 불이행","단일로","기타단일로","이륜차","사발이","","","943314","1839577","126.86660556","36.55226379"
"2016","2016-08-22 17:00","00","주간","월","1","1","0","0","0","충남","천안시","차대사람","횡단중","횡단중","운전자법규위반","안전운전 의무 불이행","단일로","횡단보도부근","승용차","경형","보행자","보행자","970143","1865074","127.16538545","36.78332921"
"2016","2016-08-23 01:00","20","야간","화","1","3","1","1","0","대전","유성구","차대차","정면충돌","정면충돌","운전자법규위반","신호위반","교차로","교차로내","승용차","소형","승용차","중형","990446","1819658","127.39348916","36.37432397"
"2016","2016-08-26 13:00","08","주간","금","2","2","0","0","0","울산","울주군","차량단독","전도전복","전도전복","운전자법규위반","안전운전 의무 불이행","교차로","교차로내","승용차","중형","","","1145116","1726895","129.10055315","35.52739777"
"2016","2016-08-27 04:00","58","야간","토","1","1","0","0","0","충남","아산시","차대차","추돌","진행중 추돌","운전자법규위반","안전운전 의무 불이행","교차로","교차로부근","원동기장치자전거","원동기장치자전거","화물차","중형","955023","1863513","126.99602907","36.76866036"
"2016","2016-08-27 08:00","24","주간","토","1","1","0","0","0","서울","마포구","차대사람","횡단중","횡단중","운전자법규위반","안전운전 의무 불이행","단일로","기타단일로","승용차","경형","보행자","보행자","950693","1949809","126.94182336","37.54629683"
"2016","2016-09-08 01:00","50","야간","목","1","2","1","0","0","부산","연제구","차대사람","차도통행중","차도통행중","운전자법규위반","기타(운전자법규위반)","단일로","기타단일로","승용차","대형","보행자","보행자","1143957","1689194","129.08113458","35.18775062"
"2016","2016-07-22 14:00","40","주간","금","1","1","0","0","0","경남","거제시","차대차","정면충돌","정면충돌","운전자법규위반","중앙선 침범","단일로","기타단일로","승용차","경형","화물차","소형","1098571","1653773","128.57853609","34.87388487"
"2016","2016-07-22 08:00","51","주간","금","1","1","0","0","0","서울","성북구","차대사람","횡단중","횡단중","운전자법규위반","보행자 보호의무 위반","교차로","교차로내","승용차","중형","보행자","보행자","957920","1953577","127.02341702","37.58061717"
"2016","2016-07-22 20:00","10","야간","금","1","1","0","0","0","광주","북구","차대차","측면직각충돌","측면직각충돌","운전자법규위반","과속","단일로","기타단일로","화물차","소형","자전거","자전거","945957","1694368","126.90599889","35.24327034"
"2016","2016-07-22 21:00","03","야간","금","1","2","0","1","0","충북","음성군","차대사람","횡단중","횡단중","운전자법규위반","신호위반","교차로","교차로내","승용차","경형","보행자","보행자","1016862","1881047","127.68933228","36.92763993"
"2016","2016-07-29 07:00","07","주간","금","1","1","0","0","0","강원","강릉시","차대차","기타","기타","운전자법규위반","안전운전 의무 불이행","단일로","기타단일로","화물차","소형","원동기장치자전거","원동기장치자전거","1125774","1972130","128.92748973","37.7401603"
"2016","2016-07-27 16:00","40","주간","수","1","1","0","0","0","충남","천안시","차대차","측면직각충돌","측면직각충돌","운전자법규위반","중앙선 침범","단일로","기타단일로","화물차","소형","원동기장치자전거","원동기장치자전거","982798","1863366","127.30725062","36.76824647"
"2016","2016-07-26 15:00","10","주간","화","1","2","0","1","0","경기","김포시","차대차","정면충돌","정면충돌","운전자법규위반","중앙선 침범","단일로","기타단일로","승용차","중형","화물차","소형","917119","1964999","126.56006679","37.68078528"
"2016","2016-07-27 10:00","15","주간","수","1","1","0","0","0","전남","담양군","차대사람","기타","기타","운전자법규위반","안전운전 의무 불이행","단일로","기타단일로","승용차","중형","보행자","보행자","949877","1695382","126.94902096","35.25261701"
"2016","2016-07-27 15:00","31","주간","수","1","1","0","0","0","경남","창원시(통합)","차대차","측면직각충돌","측면직각충돌","운전자법규위반","안전운전 의무 불이행","교차로","교차로내","승용차","경형","자전거","자전거","1102442","1696633","128.62618002","35.25991057"
"2016","2016-08-01 21:00","45","야간","월","1","1","0","0","0","부산","서구","차대사람","횡단중","횡단중","운전자법규위반","보행자 보호의무 위반","단일로","기타단일로","승용차","대형","보행자","보행자","1138339","1681231","129.0181155","35.11676163"
"2016","2016-08-05 06:00","20","주간","금","1","1","0","0","0","경남","창녕군","차대차","측면직각충돌","측면직각충돌","운전자법규위반","안전운전 의무 불이행","교차로","교차로내","자전거","자전거","화물차","소형","1088217","1726608","128.47306284","35.53150604"
"2016","2016-08-02 09:00","45","주간","화","1","1","0","0","0","경북","의성군","차대차","기타","기타","운전자법규위반","안전운전 의무 불이행","교차로","교차로부근","승용차","경형","이륜차","소형","1076293","1828537","128.35136848","36.45138223"
"2016","2016-08-09 12:00","00","주간","화","1","2","0","1","0","충남","보령시","차대사람","기타","기타","운전자법규위반","중앙선 침범","단일로","기타단일로","승용차","중형","보행자","보행자","915144","1828377","126.55310406","36.44922024"
"2016","2016-08-07 10:00","00","주간","일","1","1","0","0","0","충남","천안시","차대사람","횡단중","횡단중","운전자법규위반","보행자 보호의무 위반","단일로","횡단보도상","승용차","경형","보행자","보행자","973425","1875155","127.20181468","36.87430284"
"2016","2016-08-14 03:00","00","야간","일","1","2","0","1","0","광주","광산구","차대차","정면충돌","정면충돌","운전자법규위반","차로위반(진로변경 위반)","단일로","기타단일로","승용차","중형","승용차","경형","934291","1679419","126.77897415","35.10778602"
"2016","2016-08-11 09:00","38","주간","목","1","1","0","0","0","강원","속초시","차대차","추돌","진행중 추돌","운전자법규위반","안전운전 의무 불이행","단일로","기타단일로","원동기장치자전거","원동기장치자전거","승합차","경형","1096774","2019767","128.60482668","38.17295776"
"2016","2016-08-22 17:00","10","주간","월","1","1","0","0","0","강원","평창군","차대사람","기타","기타","운전자법규위반","안전운전 의무 불이행","단일로","기타단일로","화물차","소형","보행자","보행자","1080065","1930632","128.40425472","37.371303"
"2016","2016-08-20 20:00","30","야간","토","1","1","0","0","0","경남","남해군","차량단독","전도전복","전도전복","운전자법규위반","안전운전 의무 불이행","단일로","기타단일로","승용차","경형","","","1036254","1648696","127.89648828","34.83223996"
"2016","2016-08-22 14:00","10","주간","월","1","1","0","0","0","경북","군위군","차대사람","횡단중","횡단중","운전자법규위반","안전운전 의무 불이행","교차로","교차로내","화물차","중형","보행자","보행자","1108988","1797910","128.71187502","36.17216797"
"2016","2016-08-19 08:00","16","주간","금","1","1","0","0","0","경기","수원시","차대차","측면직각충돌","측면직각충돌","운전자법규위반","안전거리 미확보","단일로","기타단일로","승합차","대형","이륜차","소형","955844","1918524","127.00200264","37.26457171"
"2016","2016-08-19 07:00","20","주간","금","1","1","0","0","0","경북","영천시","차대사람","횡단중","횡단중","운전자법규위반","안전운전 의무 불이행","단일로","기타단일로","승용차","중형","보행자","보행자","1135530","1778352","129.0035612","35.99254704"
"2016","2016-08-25 21:00","50","야간","목","1","1","0","0","0","충남","예산군","차대사람","횡단중","횡단중","운전자법규위반","안전운전 의무 불이행","단일로","기타단일로","승용차","중형","보행자","보행자","938141","1854331","126.80761919","36.68494048"
"2016","2016-08-24 07:00","05","주간","수","1","1","0","0","0","전북","군산시","차량단독","전도전복","전도전복","운전자법규위반","안전운전 의무 불이행","교차로","교차로부근","승용차","경형","","","931118","1775085","126.73602373","35.97008341"
"2016","2016-08-26 23:00","50","야간","금","1","1","0","0","0","충북","제천시","차대사람","횡단중","횡단중","운전자법규위반","안전운전 의무 불이행","단일로","기타단일로","화물차","소형","보행자","보행자","1062282","1904689","128.20125825","37.13883437"
"2016","2016-08-29 19:00","40","야간","월","1","1","0","0","0","전북","부안군","차대사람","횡단중","횡단중","운전자법규위반","과속","단일로","기타단일로","승용차","경형","보행자","보행자","925145","1741357","126.67294257","35.66557625"
"2016","2016-08-27 14:00","24","주간","토","1","1","0","0","0","경기","성남시","차대차","추돌","진행중 추돌","운전자법규위반","중앙선 침범","단일로","기타단일로","승용차","중형","이륜차","소형","962294","1928664","127.07422953","37.35625433"
"2016","2016-09-08 17:00","20","주간","목","1","1","0","0","0","충북","청주시","차량단독","전도전복","전도전복","운전자법규위반","안전운전 의무 불이행","단일로","기타단일로","자전거","자전거","","","996351","1829295","127.4592745","36.46124508"
"2016","2016-09-18 10:00","15","주간","일","1","1","0","0","0","경남","창원시(통합)","차대차","측면직각충돌","측면직각충돌","운전자법규위반","안전운전 의무 불이행","교차로","교차로부근","자전거","자전거","승용차","중형","1099008","1693764","128.5880894","35.23439071"
"2016","2016-09-21 14:00","35","주간","수","1","1","0","0","0","충남","태안군","차대사람","횡단중","횡단중","운전자법규위반","안전운전 의무 불이행","교차로","교차로내","승합차","중형","보행자","보행자","897021","1835943","126.34989808","36.51564027"
"2016","2016-09-20 19:00","45","야간","화","1","1","0","0","0","경기","파주시","차대사람","횡단중","횡단중","운전자법규위반","보행자 보호의무 위반","교차로","교차로부근","승합차","대형","보행자","보행자","941933","1981251","126.84015593","37.82916635"
"2016","2016-07-24 11:00","30","주간","일","1","1","0","0","0","경북","영천시","차량단독","전도전복","전도전복","운전자법규위반","안전운전 의무 불이행","단일로","기타단일로","화물차","소형","","","1119982","1782412","128.83173275","36.03117951"
"2016","2016-07-28 08:00","25","주간","목","1","1","0","0","0","경북","포항시","차대차","기타","기타","운전자법규위반","안전운전 의무 불이행","교차로","교차로내","화물차","소형","자전거","자전거","1166548","1780828","129.34804774","36.01005365"
"2016","2016-08-21 00:00","35","야간","일","2","3","1","0","0","대구","달성군","차대차","추돌","진행중 추돌","운전자법규위반","과속","단일로","기타단일로","이륜차","소형","원동기장치자전거","원동기장치자전거","1083860","1748765","128.42736356","35.73154511"
"2016","2016-08-26 00:00","50","야간","금","1","2","1","0","0","경기","안성시","차대사람","횡단중","횡단중","운전자법규위반","보행자 보호의무 위반","교차로","교차로내","승용차","대형","보행자","보행자","970734","1889080","127.17108168","36.99974845"
"2016","2016-08-28 17:00","20","주간","일","1","1","0","0","0","전북","전주시","차대사람","횡단중","횡단중","운전자법규위반","보행자 보호의무 위반","교차로","교차로내","승합차","대형","보행자","보행자","966830","1755501","127.13291306","35.79538341"
"2016","2016-08-28 18:00","50","야간","일","1","1","0","0","0","경북","경산시","차대사람","횡단중","횡단중","운전자법규위반","보행자 보호의무 위반","단일로","횡단보도상","승용차","경형","보행자","보행자","1111781","1760002","128.73757352","35.83015356"
"2016","2016-08-28 21:00","08","야간","일","1","1","0","0","0","대구","동구","차대사람","횡단중","횡단중","운전자법규위반","보행자 보호의무 위반","단일로","횡단보도상","승용차","중형","보행자","보행자","1108590","1764706","128.69407845","35.98813705"
"2016","2016-08-29 07:00","50","주간","월","1","1","0","0","0","부산","동래구","차대사람","차도통행중","차도통행중","운전자법규위반","안전운전 의무 불이행","교차로","교차로내","승합차","중형","보행자","보행자","1145420","1689936","129.09732319","35.19428479"
"2016","2016-09-12 10:00","10","주간","월","1","1","0","0","0","전남","영광군","차량단독","전도전복","전도전복","운전자법규위반","안전운전 의무 불이행","단일로","기타단일로","이륜차","소형","","","915558","1701232","126.57120115","35.30305423"
"2016","2016-09-08 05:00","30","야간","목","1","1","0","0","0","인천","부평구","차대차","기타","기타","운전자법규위반","신호위반","교차로","교차로부근","승용차","중형","자전거","자전거","931502","1943437","126.72518261","37.48764043"
"2016","2016-09-13 09:00","53","주간","화","1","1","0","0","0","광주","북구","차대차","추돌","진행중 추돌","운전자법규위반","안전운전 의무 불이행","단일로","기타단일로","화물차","소형","자전거","자전거","945695","1685298","126.90371739","35.16147516"
"2016","2016-09-07 21:00","15","야간","수","1","1","0","0","0","울산","북구","차대사람","횡단중","횡단중","운전자법규위반","안전운전 의무 불이행","단일로","기타단일로","승용차","중형","보행자","보행자","1168223","1732705","129.356507","35.57610627"
"2016","2016-09-11 20:00","40","야간","일","1","1","0","0","0","전남","여수시","차대사람","횡단중","횡단중","운전자법규위반","안전운전 의무 불이행","단일로","기타단일로","승용차","중형","보행자","보행자","1005221","1646232","127.55708421","34.81065305"
"2016","2016-09-09 03:00","35","야간","금","1","1","0","0","0","충북","청주시","차량단독","기타","기타","운전자법규위반","안전운전 의무 불이행","단일로","기타단일로","승용차","중형","","","1001093","1848767","127.5122263","36.63679371"
"2016","2016-09-09 09:00","00","주간","금","1","1","0","0","0","경북","청도군","차량단독","전도전복","전도전복","운전자법규위반","안전운전 의무 불이행","단일로","기타단일로","농기계","농기계","","","1123643","1743646","128.86634752","35.681301"