"발생년","발생년월일시","발생분","주야","요일","사망자수","사상자수","중상자수","경상자수","부상신고자수","발생지시도","발생지시군구","사고유형_대분류","사고유형_중분류","사고유형","법규위반_대분류","법규위반","도로형태_대분류","도로형태","당사자종별_1당_대분류","당사자종별_1당","당사자종별_2당_대분류","당사자종별_2당","발생위치X_UTMK","발생위치Y_UTMK","경도","위도"
"2016","2016-02-29 04:00","20","야간","월","1","2","0","1","0","인천","서구","차대차","측면직각충돌","측면직각충돌","운전자법규위반","신호위반","교차로","교차로내","승용차","경형","승합차","경형","925435","1955042","126.65538303","37.59176197"
"2016","2016-02-27 04:00","48","야간","토","1","1","0","0","0","대구","서구","차대사람","횡단중","횡단중","운전자법규위반","안전운전 의무 불이행","단일로","횡단보도상","화물차","소형","보행자","보행자","1095225","1764506","128.55485569","35.87244436"
"2016","2016-02-27 00:00","50","야간","토","1","1","0","0","0","충북","진천군","차대차","추돌","진행중 추돌","운전자법규위반","안전운전 의무 불이행","지하도로내","지하도로내","승용차","경형","화물차","소형","1003884","1878488","127.54780422","36.91610916"
"2016","2016-02-25 23:00","37","야간","목","1","1","0","0","0","서울","도봉구","차대사람","기타","기타","운전자법규위반","안전운전 의무 불이행","단일로","기타단일로","승용차","중형","보행자","보행자","959936","1965624","127.04558808","37.68928887"
"2016","2016-03-10 23:00","30","야간","목","1","1","0","0","0","경북","안동시","차량단독","전도전복","전도전복","운전자법규위반","안전운전 의무 불이행","단일로","기타단일로","승용차","중형","","","1124854","1839966","128.8950002","36.54929208"
"2016","2016-03-11 11:00","25","주간","금","1","7","6","0","0","경기","안산시","차대차","측면직각충돌","측면직각충돌","운전자법규위반","직진 및 우회전차의 통행방해","교차로","교차로내","승합차","소형","특수차","소형","920687","1915989","126.60580163","37.23939229"
"2016","2016-03-10 17:00","10","주간","목","1","1","0","0","0","서울","관악구","차대사람","길가장자리구역통행중","길가장자리구역통행중","운전자법규위반","안전운전 의무 불이행","교차로","교차로부근","승합차","소형","보행자","보행자","952012","1942492","126.95723221","37.48041658"
"2016","2016-02-17 18:00","40","야간","수","1","1","0","0","0","전북","김제시","차대사람","횡단중","횡단중","운전자법규위반","안전운전 의무 불이행","단일로","기타단일로","승용차","소형","보행자","보행자","952295","1750530","126.98355832","35.74336853"
"2016","2016-02-23 20:00","10","야간","화","1","2","0","1","0","경북","김천시","차대차","정면충돌","정면충돌","운전자법규위반","중앙선 침범","단일로","교량위","화물차","소형","승용차","대형","1060064","1797817","128.167912","36.17560021"
"2016","2016-02-06 19:00","00","야간","토","1","1","0","0","0","대전","대덕구","차대사람","횡단중","횡단중","운전자법규위반","안전운전 의무 불이행","교차로","교차로내","승용차","중형","보행자","보행자","993787","1818568","127.4307443","36.36452461"
"2016","2016-02-16 04:00","34","야간","화","1","1","0","0","0","전남","목포시","차대사람","횡단중","횡단중","운전자법규위반","안전운전 의무 불이행","단일로","기타단일로","승용차","경형","보행자","보행자","897032","1646232","126.37428732","34.80545947"
"2016","2016-02-17 06:00","00","주간","수","1","1","0","0","0","대전","대덕구","차대사람","횡단중","횡단중","운전자법규위반","보행자 보호의무 위반","단일로","기타단일로","화물차","중형","보행자","보행자","995111","1817732","127.44550805","36.35699538"
"2016","2016-02-25 07:00","45","주간","목","1","1","0","0","0","경남","창원시(통합)","차대사람","횡단중","횡단중","운전자법규위반","안전운전 의무 불이행","단일로","기타단일로","건설기계","건설기계","보행자","보행자","1104602","1695037","128.64971822","35.24529892"
"2016","2016-02-24 06:00","13","주간","수","1","1","0","0","0","충북","청주시","차대사람","횡단중","횡단중","운전자법규위반","안전운전 의무 불이행","단일로","기타단일로","승용차","경형","보행자","보행자","1000978","1846119","127.51093653","36.61292212"
"2016","2016-02-20 23:00","50","야간","토","1","3","2","0","0","강원","춘천시","차량단독","공작물충돌","공작물충돌","운전자법규위반","안전운전 의무 불이행","단일로","기타단일로","승용차","경형","","","1025166","1972892","127.78569055","37.75532696"
"2016","2016-02-21 11:00","12","주간","일","1","1","0","0","0","전남","장흥군","차량단독","전도전복","전도전복","운전자법규위반","안전운전 의무 불이행","단일로","기타단일로","농기계","농기계","","","950803","1613812","126.96399708","34.51712886"
"2016","2016-02-27 09:00","45","주간","토","1","1","0","0","0","전북","군산시","차대사람","기타","기타","운전자법규위반","안전운전 의무 불이행","단일로","기타단일로","화물차","소형","보행자","보행자","920845","1772799","126.62232428","35.9486958"
"2016","2016-02-26 22:00","16","야간","금","1","1","0","0","0","서울","금천구","차대사람","기타","기타","운전자법규위반","안전운전 의무 불이행","단일로","기타단일로","승용차","중형","보행자","보행자","946082","1942148","126.89018948","37.47698891"
"2016","2016-03-04 05:00","40","야간","금","1","3","1","1","0","부산","수영구","차대사람","기타","기타","운전자법규위반","안전운전 의무 불이행","단일로","기타단일로","원동기장치자전거","원동기장치자전거","보행자","보행자","1147469","1686589","129.11922889","35.1637606"
"2016","2016-03-02 15:00","18","주간","수","1","2","0","1","0","대전","중구","차대차","측면직각충돌","측면직각충돌","운전자법규위반","신호위반","교차로","교차로내","원동기장치자전거","원동기장치자전거","승합차","소형","995294","1812152","127.44758144","36.30669014"
"2016","2016-03-03 03:00","20","야간","목","1","1","0","0","0","충북","청주시","차량단독","전도전복","전도전복","운전자법규위반","안전운전 의무 불이행","교차로","교차로부근","승용차","경형","","","996551","1848162","127.47991901","36.63206339"
"2016","2016-03-03 15:00","55","주간","목","1","1","0","0","0","전남","나주시","차량단독","공작물충돌","공작물충돌","운전자법규위반","안전운전 의무 불이행","단일로","기타단일로","화물차","소형","","","931710","1660132","126.75223993","34.93371036"
"2016","2016-03-03 14:00","10","주간","목","1","1","0","0","0","경북","청도군","차량단독","전도전복","전도전복","운전자법규위반","안전운전 의무 불이행","단일로","기타단일로","이륜차","사발이","","","1100176","1740361","128.60665921","35.65435127"
"2016","2016-03-02 11:00","05","주간","수","1","6","1","3","1","서울","강남구","차대차","측면직각충돌","측면직각충돌","운전자법규위반","신호위반","교차로","교차로내","승용차","중형","승용차","중형","962227","1943661","127.07270552","37.49142755"
"2016","2016-03-01 01:00","25","야간","화","1","1","0","0","0","경기","시흥시","차대사람","횡단중","횡단중","운전자법규위반","신호위반","교차로","교차로부근","승합차","중형","보행자","보행자","931905","1928168","126.73114905","37.35005111"
"2016","2016-03-01 09:00","25","주간","화","1","1","0","0","0","경남","남해군","차량단독","전도전복","전도전복","운전자법규위반","안전운전 의무 불이행","단일로","기타단일로","이륜차","소형","","","1030184","1646862","127.83003943","34.81590001"
"2016","2016-02-16 03:00","27","야간","화","1","1","0","0","0","대전","대덕구","차대사람","횡단중","횡단중","운전자법규위반","안전운전 의무 불이행","단일로","횡단보도상","화물차","소형","보행자","보행자","992854","1817942","127.42035","36.35887449"
"2016","2016-02-16 09:00","20","주간","화","1","1","0","0","0","경남","고성군","차량단독","전도전복","전도전복","운전자법규위반","안전운전 의무 불이행","단일로","기타단일로","승용차","경형","","","1067418","1666202","128.2387036","34.98850041"
"2016","2016-02-08 18:00","25","야간","월","1","1","0","0","0","경남","양산시","차대사람","횡단중","횡단중","운전자법규위반","안전운전 의무 불이행","교차로","교차로내","승용차","중형","보행자","보행자","1146847","1704205","129.11554859","35.32263334"
"2016","2016-02-15 15:00","14","주간","월","1","1","0","0","0","경기","김포시","차대사람","횡단중","횡단중","운전자법규위반","보행자 보호의무 위반","단일로","횡단보도상","건설기계","건설기계","보행자","보행자","927238","1961525","126.67515879","37.65033468"
"2016","2016-02-23 18:00","55","야간","화","1","1","0","0","0","전북","무주군","차대사람","횡단중","횡단중","운전자법규위반","안전운전 의무 불이행","교차로","교차로부근","승용차","중형","보행자","보행자","1015317","1771225","127.66981413","35.93759352"
"2016","2016-03-03 19:00","05","야간","목","1","1","0","0","0","충남","예산군","차대사람","횡단중","횡단중","운전자법규위반","안전운전 의무 불이행","단일로","기타단일로","승용차","경형","보행자","보행자","940243","1859950","126.830706","36.73572605"
"2016","2016-03-03 21:00","10","야간","목","1","2","1","0","0","제주","제주시","차대사람","횡단중","횡단중","운전자법규위반","보행자 보호의무 위반","단일로","횡단보도상","화물차","소형","보행자","보행자","910942","1501921","126.54110127","33.50557024"
"2016","2016-03-02 09:00","15","주간","수","1","3","1","1","0","경남","의령군","차대차","측면직각충돌","측면직각충돌","운전자법규위반","과속","교차로","교차로내","승용차","중형","이륜차","사발이","1070760","1704905","128.27863807","35.33723257"
"2016","2016-03-01 23:00","25","야간","화","1","3","0","2","0","전남","나주시","차대차","추돌","진행중 추돌","운전자법규위반","안전운전 의무 불이행","단일로","기타단일로","승용차","경형","화물차","중형","934512","1671633","126.78201419","35.03759699"
"2016","2016-03-02 06:00","40","주간","수","1","1","0","0","0","경남","진주시","차량단독","기타","기타","운전자법규위반","안전운전 의무 불이행","단일로","기타단일로","원동기장치자전거","원동기장치자전거","","","1056279","1692334","128.11843712","35.22480753"
"2016","2016-03-01 18:00","56","야간","화","1","2","1","0","0","경남","남해군","차대차","정면충돌","정면충돌","운전자법규위반","중앙선 침범","단일로","기타단일로","승용차","중형","화물차","소형","1046676","1652435","128.01067215","34.86553082"
"2016","2016-03-02 05:00","50","야간","수","1","1","0","0","0","전북","전주시","차대사람","횡단중","횡단중","운전자법규위반","안전운전 의무 불이행","단일로","기타단일로","승용차","소형","보행자","보행자","966108","1760785","127.12469879","35.84299941"
"2016","2016-03-01 01:00","55","야간","화","1","1","0","0","0","경기","안양시","차대차","추돌","진행중 추돌","운전자법규위반","신호위반","교차로","교차로내","승합차","소형","이륜차","소형","951983","1930259","126.95770007","37.37015445"
"2016","2016-02-13 17:00","51","주간","토","1","1","0","0","0","부산","해운대구","차대사람","횡단중","횡단중","운전자법규위반","안전운전 의무 불이행","단일로","기타단일로","승용차","중형","보행자","보행자","1150031","1686028","129.14724226","35.1583249"
"2016","2016-02-13 02:00","40","야간","토","1","1","0","0","0","경기","안양시","차량단독","공작물충돌","공작물충돌","운전자법규위반","안전운전 의무 불이행","단일로","기타단일로","승용차","중형","","","948918","1934398","126.92279983","37.40729705"
"2016","2016-02-06 23:00","14","야간","토","1","1","0","0","0","전남","순천시","차대사람","횡단중","횡단중","운전자법규위반","안전운전 의무 불이행","교차로","교차로부근","승용차","소형","보행자","보행자","1002304","1659290","127.52522691","34.9284161"
"2016","2016-03-02 16:00","30","주간","수","1","1","0","0","0","경기","김포시","차대사람","횡단중","횡단중","운전자법규위반","안전운전 의무 불이행","교차로","교차로내","특수차","대형","보행자","보행자","923706","1969257","126.63431403","37.71973145"
"2016","2016-03-01 07:00","16","주간","화","1","1","0","0","0","서울","동대문구","차대사람","횡단중","횡단중","운전자법규위반","안전운전 의무 불이행","단일로","횡단보도상","승용차","경형","보행자","보행자","959889","1953575","127.04571666","37.58068706"
"2016","2016-03-01 20:00","16","야간","화","1","1","0","0","0","전북","전주시","차대사람","횡단중","횡단중","운전자법규위반","안전운전 의무 불이행","교차로","교차로부근","화물차","경형","보행자","보행자","970601","1759570","127.17449576","35.83219"
"2016","2016-03-02 06:00","10","주간","수","1","1","0","0","0","전남","영암군","차대사람","횡단중","횡단중","운전자법규위반","신호위반","교차로","교차로내","승용차","소형","보행자","보행자","918627","1635850","126.61135295","34.71380287"
"2016","2016-03-08 13:00","20","주간","화","1","2","0","1","0","경남","사천시","차대차","추돌","진행중 추돌","운전자법규위반","안전운전 의무 불이행","단일로","기타단일로","승용차","중형","승용차","중형","1050476","1667154","128.05313568","34.99807215"
"2016","2016-02-15 08:00","30","주간","월","1","3","0","2","0","충남","공주시","차대차","정면충돌","정면충돌","운전자법규위반","신호위반","교차로","교차로내","건설기계","건설기계","승용차","경형","966404","1830550","127.12499322","36.47197696"
"2016","2016-02-15 12:00","55","주간","월","1","1","0","0","0","경북","포항시","차대차","측면직각충돌","측면직각충돌","운전자법규위반","안전운전 의무 불이행","교차로","교차로내","이륜차","소형","화물차","대형","1167849","1776823","129.3616286","35.9737406"
"2016","2016-02-12 21:00","55","야간","금","1","4","0","3","0","전북","고창군","차대차","측면직각충돌","측면직각충돌","운전자법규위반","신호위반","교차로","교차로내","승용차","경형","승용차","중형","928377","1715738","126.71091566","35.43484146"
"2016","2016-02-14 19:00","40","야간","일","1","1","0","0","0","경남","창원시(통합)","차량단독","전도전복","전도전복","운전자법규위반","안전운전 의무 불이행","단일로","기타단일로","이륜차","중형","","","1108272","1689160","128.6892757","35.19192689"
"2016","2016-12-07 09:00","35","주간","수","1","1","0","0","0","충북","충주시","차대사람","기타","기타","운전자법규위반","안전운전 의무 불이행","단일로","기타단일로","화물차","소형","보행자","보행자","1041384","1878643","127.9645364","36.90521167"
"2016","2016-04-25 02:00","10","야간","월","1","2","1","0","0","경남","창녕군","차대차","추돌","진행중 추돌","운전자법규위반","안전운전 의무 불이행","단일로","기타단일로","승용차","대형","승용차","경형","1091627","1717727","128.50966895","35.45113182"
"2016","2016-12-01 12:00","30","주간","목","1","2","0","1","0","경기","의왕시","차대차","추돌","진행중 추돌","운전자법규위반","안전운전 의무 불이행","단일로","기타단일로","화물차","소형","화물차","대형","956325","1932293","126.84257287","37.40139245"
"2016","2016-09-25 01:00","08","야간","일","1","1","0","0","0","대전","대덕구","차대사람","기타","기타","운전자법규위반","안전운전 의무 불이행","단일로","기타단일로","화물차","소형","보행자","보행자","995112","1819029","127.44551104","36.36868835"
"2016","2016-10-12 03:00","35","야간","수","1","2","0","1","0","경북","군위군","차대차","추돌","진행중 추돌","운전자법규위반","안전운전 의무 불이행","단일로","기타단일로","화물차","중형","화물차","대형","1096283","1807591","128.57181722","36.2607794"
"2016","2016-01-23 18:00","44","야간","토","1","1","0","0","0","경북","포항시","차대사람","횡단중","횡단중","운전자법규위반","안전운전 의무 불이행","단일로","기타단일로","화물차","소형","보행자","보행자","1168897","1785661","129.3751325","36.05319972"
"2016","2016-01-29 08:00","50","주간","금","2","2","0","0","0","울산","울주군","차대차","추돌","진행중 추돌","운전자법규위반","안전운전 의무 불이행","단일로","기타단일로","화물차","경형","화물차","중형","1147904","1732257","129.13132706","35.57579668"
"2016","2016-01-29 19:00","20","야간","금","1","1","0","0","0","충남","천안시","차대차","정면충돌","정면충돌","운전자법규위반","중앙선 침범","단일로","기타단일로","이륜차","소형","화물차","소형","967414","1881213","127.13410863","36.92872369"
"2016","2016-01-29 19:00","17","야간","금","1","1","0","0","0","서울","마포구","차대사람","차도통행중","차도통행중","운전자법규위반","과속","단일로","기타단일로","승용차","중형","보행자","보행자","947291","1952911","126.90309008","37.57406709"
"2016","2016-01-27 15:00","30","주간","수","1","3","0","2","0","경기","안산시","차대차","측면직각충돌","측면직각충돌","운전자법규위반","신호위반","교차로","교차로내","이륜차","중형","승용차","중형","941681","1924164","126.84183619","37.31462764"
"2016","2016-01-28 19:00","00","야간","목","1","1","0","0","0","부산","중구","차대차","기타","기타","운전자법규위반","안전운전 의무 불이행","단일로","기타단일로","화물차","중형","승용차","대형","1140180","1679378","129.03798972","35.09906746"
"2016","2016-01-27 14:00","00","주간","수","1","1","0","0","0","경북","군위군","차량단독","공작물충돌","공작물충돌","운전자법규위반","안전운전 의무 불이행","교차로","교차로부근","승용차","중형","","","1109350","1798135","128.71593074","36.17415523"
"2016","2016-02-03 10:00","50","주간","수","1","1","0","0","0","서울","성북구","차대사람","기타","기타","운전자법규위반","과속","단일로","기타단일로","화물차","소형","보행자","보행자","959322","1955434","127.03919191","37.59741779"
"2016","2016-02-10 10:00","40","주간","수","1","1","0","0","0","경남","김해시","차대사람","횡단중","횡단중","운전자법규위반","안전운전 의무 불이행","단일로","기타단일로","화물차","소형","보행자","보행자","1112248","1701566","128.73463435","35.30332996"
"2016","2016-02-10 05:00","10","야간","수","1","4","3","0","0","서울","광진구","차대차","측면직각충돌","측면직각충돌","운전자법규위반","신호위반","교차로","교차로내","승용차","중형","승용차","중형","962601","1951739","127.07652475","37.56425284"
"2016","2016-02-11 16:00","25","주간","목","1","1","0","0","0","충남","금산군","차량단독","전도전복","전도전복","운전자법규위반","안전운전 의무 불이행","교차로","교차로내","농기계","농기계","","","1006956","1785462","127.5772439","36.0660487"
"2016","2016-02-09 20:00","00","야간","화","1","1","0","0","0","전남","화순군","차대사람","횡단중","횡단중","운전자법규위반","안전운전 의무 불이행","단일로","기타단일로","승용차","경형","보행자","보행자","946061","1672861","126.90854665","35.0493529"
"2016","2016-02-10 19:00","00","야간","수","1","1","0","0","0","경기","시흥시","차대사람","횡단중","횡단중","운전자법규위반","안전운전 의무 불이행","교차로","교차로내","승용차","중형","보행자","보행자","941007","1939624","126.83299698","37.45392966"
"2016","2016-02-09 19:00","15","야간","화","1","1","0","0","0","충남","논산시","차대차","추돌","진행중 추돌","운전자법규위반","안전거리 미확보","단일로","기타단일로","승용차","중형","자전거","자전거","961346","1801845","127.06996108","36.21300569"
"2016","2016-01-04 23:00","40","야간","월","3","3","0","0","0","인천","서구","차량단독","공작물충돌","공작물충돌","운전자법규위반","안전운전 의무 불이행","단일로","기타단일로","승용차","소형","","","924785","1950935","126.64844266","37.55469449"
"2016","2016-02-04 11:00","23","주간","목","1","1","0","0","0","전북","장수군","차대차","추돌","진행중 추돌","운전자법규위반","안전운전 의무 불이행","단일로","기타단일로","승용차","대형","화물차","소형","1004379","1748721","127.54842505","35.73480353"
"2016","2016-05-08 15:00","10","주간","일","1","4","1","1","1","경기","평택시","차대차","추돌","진행중 추돌","운전자법규위반","안전운전 의무 불이행","단일로","기타단일로","승용차","대형","승합차","중형","954190","1893125","126.98490447","37.03554938"
"2016","2016-06-28 06:00","10","주간","화","1","1","0","0","0","대전","대덕구","차대차","추돌","진행중 추돌","운전자법규위반","안전운전 의무 불이행","기타/불명","기타/불명","화물차","대형","화물차","중형","992677","1825428","127.41830656","36.42636202"
"2016","2016-06-02 21:00","58","야간","목","1","1","0","0","0","전남","함평군","차대차","추돌","진행중 추돌","운전자법규위반","기타(운전자법규위반)","단일로","기타단일로","승용차","경형","화물차","소형","916073","1674875","126.57954863","35.06546298"
"2016","2016-05-24 21:00","27","야간","화","1","1","0","0","0","전북","고창군","차대사람","기타","기타","운전자법규위반","안전운전 의무 불이행","단일로","기타단일로","승합차","대형","보행자","보행자","926120","1724990","126.68521083","35.51809075"
"2016","2016-07-01 16:00","30","주간","금","1","1","0","0","0","충북","음성군","차대차","기타","기타","운전자법규위반","안전운전 의무 불이행","단일로","기타단일로","화물차","중형","화물차","소형","1015656","1902710","127.68695369","37.1201584"
"2016","2016-12-02 13:00","35","주간","금","1","2","0","1","0","경남","창녕군","차대차","추돌","진행중 추돌","운전자법규위반","안전운전 의무 불이행","단일로","기타단일로","화물차","중형","화물차","중형","1091555","1722538","128.50941766","35.49451122"
"2016","2016-11-10 01:00","12","야간","목","1","2","0","1","0","충북","괴산군","차대차","추돌","진행중 추돌","운전자법규위반","안전운전 의무 불이행","단일로","기타단일로","승용차","중형","화물차","중형","1040807","1870960","127.95764644","36.83597966"
"2016","2016-11-29 06:00","50","주간","화","1","1","0","0","0","전북","완주군","차대차","추돌","진행중 추돌","운전자법규위반","안전운전 의무 불이행","단일로","기타단일로","화물차","대형","승용차","경형","958052","1759343","127.03556927","35.82968679"
"2016","2016-08-22 16:00","10","주간","월","1","1","0","0","0","경기","성남시","차량단독","공작물충돌","공작물충돌","운전자법규위반","안전운전 의무 불이행","단일로","기타단일로","승용차","중형","","","964745","1934345","127.10163443","37.40755713"
"2016","2016-09-08 00:00","01","야간","목","2","2","0","0","0","경기","고양시","차대차","추돌","진행중 추돌","운전자법규위반","안전운전 의무 불이행","단일로","기타단일로","특수차","대형","승용차","소형","941290","1963377","126.83429435","37.66803264"
"2016","2016-08-18 23:00","15","야간","목","1","2","0","1","0","충북","충주시","차대차","추돌","진행중 추돌","운전자법규위반","안전운전 의무 불이행","단일로","기타단일로","화물차","소형","화물차","중형","1030800","1887047","127.84607551","36.98137339"
"2016","2016-05-13 00:00","40","야간","금","1","2","0","1","0","충북","충주시","차대차","기타","기타","운전자법규위반","안전운전 의무 불이행","단일로","기타단일로","화물차","중형","화물차","중형","1029859","1891840","127.83569231","37.02460914"
"2016","2016-06-30 03:00","20","야간","목","1","1","0","0","0","경북","성주군","차대차","추돌","진행중 추돌","운전자법규위반","안전운전 의무 불이행","단일로","기타단일로","화물차","소형","화물차","대형","1068384","1779141","128.25880342","36.00668397"
"2016","2016-06-28 23:00","45","야간","화","3","6","2","1","0","경기","광주시","차대차","기타","기타","운전자법규위반","안전운전 의무 불이행","단일로","기타단일로","승용차","중형","건설기계","건설기계","984076","1928377","127.3201929","37.35429694"
"2016","2016-06-07 03:00","25","야간","화","1","2","0","1","0","충남","서천군","차대차","추돌","진행중 추돌","운전자법규위반","안전운전 의무 불이행","단일로","기타단일로","화물차","대형","화물차","대형","921619","1792736","126.62892833","36.12848718"
"2016","2016-01-18 11:00","04","주간","월","1","1","0","0","0","충남","청양군","차대사람","횡단중","횡단중","운전자법규위반","과속","단일로","기타단일로","승용차","중형","보행자","보행자","951344","1823523","126.95733683","36.40798284"
"2016","2016-01-19 05:00","56","야간","화","1","1","0","0","0","서울","은평구","차대사람","횡단중","횡단중","운전자법규위반","안전운전 의무 불이행","단일로","횡단보도부근","승합차","대형","보행자","보행자","948814","1958512","126.91994488","37.62463514"
"2016","2016-01-23 22:00","40","야간","토","1","1","0","0","0","서울","강동구","차대사람","횡단중","횡단중","운전자법규위반","신호위반","교차로","교차로내","승합차","대형","보행자","보행자","970962","1950933","127.17122807","37.55728964"
"2016","2016-01-22 19:00","25","야간","금","1","1","0","0","0","대구","북구","차대차","측면직각충돌","측면직각충돌","운전자법규위반","안전운전 의무 불이행","교차로","교차로내","화물차","중형","원동기장치자전거","원동기장치자전거","1096128","1767101","128.56500561","35.89586665"
"2016","2016-01-22 18:00","00","야간","금","1","1","0","0","0","경북","경주시","차대사람","횡단중","횡단중","운전자법규위반","안전운전 의무 불이행","교차로","교차로부근","승합차","경형","보행자","보행자","1154145","1762698","129.20696239","35.84870693"
"2016","2016-01-27 18:00","45","야간","수","1","1","0","0","0","전북","익산시","차대사람","횡단중","횡단중","운전자법규위반","안전운전 의무 불이행","단일로","기타단일로","승용차","경형","보행자","보행자","944991","1770649","126.89018899","35.93097157"
"2016","2016-01-27 19:00","00","야간","수","1","1","0","0","0","충남","당진시","차대사람","횡단중","횡단중","운전자법규위반","안전운전 의무 불이행","단일로","기타단일로","화물차","소형","보행자","보행자","923392","1870378","126.64093899","36.82851044"
"2016","2016-01-27 18:00","15","야간","수","1","1","0","0","0","경남","거창군","차대차","추돌","진행중 추돌","운전자법규위반","안전운전 의무 불이행","단일로","기타단일로","화물차","소형","농기계","농기계","1037715","1751467","127.91719454","35.75884862"
"2016","2016-02-02 18:00","55","야간","화","1","1","0","0","0","강원","원주시","차대사람","횡단중","횡단중","운전자법규위반","안전운전 의무 불이행","교차로","교차로내","승용차","경형","보행자","보행자","1040600","1927448","127.95838152","37.34517165"
"2016","2016-02-03 07:00","10","주간","수","1","1","0","0","0","전남","완도군","차량단독","전도전복","전도전복","운전자법규위반","안전운전 의무 불이행","단일로","기타단일로","농기계","농기계","","","935760","1600540","126.80111053","34.39661856"
"2016","2016-02-03 10:00","50","주간","수","1","5","2","2","0","경기","고양시","차대차","측면직각충돌","측면직각충돌","운전자법규위반","신호위반","교차로","교차로내","승합차","소형","승용차","대형","937433","1961760","126.79070195","37.65320412"
"2016","2016-01-31 14:00","57","주간","일","1","1","0","0","0","부산","사상구","차량단독","도로이탈","도로이탈 추락","운전자법규위반","안전운전 의무 불이행","단일로","기타단일로","건설기계","건설기계","","","1134153","1683367","128.97253366","35.13658273"
"2016","2016-01-31 15:00","46","주간","일","1","1","0","0","0","전남","보성군","차대사람","기타","기타","운전자법규위반","안전운전 의무 불이행","단일로","기타단일로","건설기계","건설기계","보행자","보행자","959398","1630403","127.05684342","34.66711779"
"2016","2016-01-30 23:00","20","야간","토","1","1","0","0","0","경기","성남시","차대사람","기타","기타","운전자법규위반","안전운전 의무 불이행","교차로","교차로내","승용차","중형","보행자","보행자","967256","1938070","127.12984178","37.44122496"
"2016","2016-01-30 22:00","10","야간","토","1","1","0","0","0","경기","시흥시","차대사람","횡단중","횡단중","운전자법규위반","보행자 보호의무 위반","교차로","교차로내","화물차","소형","보행자","보행자","937106","1939100","126.78893813","37.44894967"
"2016","2016-01-30 20:00","45","야간","토","1","1","0","0","0","울산","울주군","차대사람","횡단중","횡단중","운전자법규위반","안전운전 의무 불이행","단일로","횡단보도부근","승용차","경형","보행자","보행자","1150239","1739912","129.15945586","35.64395418"
"2016","2016-01-30 07:00","00","주간","토","1","1","0","0","0","대전","서구","차대사람","횡단중","횡단중","운전자법규위반","안전운전 의무 불이행","교차로","교차로내","승합차","대형","보행자","보행자","989253","1812878","127.38028286","36.31318692"
"2016","2016-11-12 21:00","39","야간","토","1","3","0","2","0","충남","금산군","차대차","정면충돌","정면충돌","운전자법규위반","안전운전 의무 불이행","단일로","기타단일로","승용차","경형","화물차","소형","1003244","1787607","127.5360323","36.08540712"
"2016","2016-01-02 18:00","12","야간","토","1","1","0","0","0","광주","동구","차대사람","횡단중","횡단중","운전자법규위반","안전운전 의무 불이행","단일로","기타단일로","승용차","경형","보행자","보행자","948291","1681062","126.93248603","35.12341699"
"2016","2016-01-09 23:00","50","야간","토","2","2","0","0","0","강원","원주시","차대차","기타","기타","운전자법규위반","과속","교차로","교차로부근","승용차","중형","승용차","중형","1039339","1926288","127.94408342","37.33477013"
"2016","2016-01-08 10:00","50","주간","금","1","1","0","0","0","대구","북구","차대차","측면직각충돌","측면직각충돌","운전자법규위반","기타(운전자법규위반)","단일로","기타단일로","화물차","소형","자전거","자전거","1096250","1766433","128.56620763","35.89023475"
"2016","2016-01-06 13:00","20","주간","수","1","1","0","0","0","경기","이천시","차량단독","전도전복","전도전복","운전자법규위반","안전운전 의무 불이행","단일로","교량위","원동기장치자전거","원동기장치자전거","","","996193","1926182","127.45702414","37.33464027"
"2016","2016-01-16 15:00","15","주간","토","1","2","0","1","0","충북","음성군","차대차","기타","기타","운전자법규위반","안전운전 의무 불이행","단일로","기타단일로","승용차","경형","승용차","경형","1011849","1873683","127.63292961","36.86133305"
"2016","2016-01-22 01:00","05","야간","금","1","1","0","0","0","경북","칠곡군","차량단독","기타","기타","운전자법규위반","안전운전 의무 불이행","단일로","기타단일로","이륜차","대형","","","1082183","1782696","128.41227345","36.03766518"
"2016","2016-01-18 17:00","40","주간","월","1","3","1","1","0","광주","광산구","차량단독","공작물충돌","공작물충돌","운전자법규위반","안전운전 의무 불이행","단일로","기타단일로","화물차","소형","","","932507","1678354","126.75948657","35.09806541"
"2016","2016-01-25 16:00","10","주간","월","1","1","0","0","0","경기","포천시","차대사람","횡단중","횡단중","운전자법규위반","안전운전 의무 불이행","단일로","기타단일로","화물차","소형","보행자","보행자","976140","1974447","127.22908421","37.76937744"
"2016","2016-01-30 03:00","10","야간","토","1","1","0","0","0","대구","달서구","차대사람","횡단중","횡단중","운전자법규위반","안전운전 의무 불이행","단일로","기타단일로","승용차","대형","보행자","보행자","1091169","1762130","128.50964803","35.85147013"
"2016","2016-01-28 22:00","41","야간","목","1","1","0","0","0","서울","강서구","차대차","추돌","진행중 추돌","운전자법규위반","기타(운전자법규위반)","단일로","기타단일로","화물차","소형","화물차","소형","939583","1954330","126.81568813","37.58638277"