"발생년","발생년월일시","발생분","주야","요일","사망자수","사상자수","중상자수","경상자수","부상신고자수","발생지시도","발생지시군구","사고유형_대분류","사고유형_중분류","사고유형","법규위반_대분류","법규위반","도로형태_대분류","도로형태","당사자종별_1당_대분류","당사자종별_1당","당사자종별_2당_대분류","당사자종별_2당","발생위치X_UTMK","발생위치Y_UTMK","경도","위도"
"2016","2016-01-30 00:00","56","야간","토","1","1","0","0","0","경남","진주시","차대사람","횡단중","횡단중","운전자법규위반","신호위반","단일로","횡단보도부근","승용차","중형","보행자","보행자","1054008","1687227","128.09314793","35.17888438"
"2016","2016-01-27 15:00","40","주간","수","1","1","0","0","0","대전","대덕구","차대사람","횡단중","횡단중","운전자법규위반","보행자 보호의무 위반","교차로","교차로내","화물차","소형","보행자","보행자","993411","1826814","127.42648308","36.43886252"
"2016","2016-01-28 10:00","40","주간","목","1","1","0","0","0","전북","임실군","차대차","측면직각충돌","측면직각충돌","운전자법규위반","안전운전 의무 불이행","교차로","교차로내","화물차","소형","화물차","소형","981470","1725730","127.29561542","35.52734179"
"2016","2016-02-03 12:00","50","주간","수","1","1","0","0","0","경북","김천시","차대차","측면직각충돌","측면직각충돌","운전자법규위반","안전운전 의무 불이행","교차로","교차로내","화물차","소형","이륜차","소형","1055695","1798592","128.11938635","36.18284812"
"2016","2016-02-02 05:00","50","야간","화","1","1","0","0","0","부산","수영구","차대사람","횡단중","횡단중","운전자법규위반","안전운전 의무 불이행","단일로","기타단일로","승용차","중형","보행자","보행자","1147092","1684609","129.11473809","35.14596889"
"2016","2016-02-01 21:00","00","야간","월","1","1","0","0","0","경북","경주시","차대사람","횡단중","횡단중","운전자법규위반","안전운전 의무 불이행","단일로","기타단일로","승용차","경형","보행자","보행자","1141986","1758937","129.07169537","35.81664695"
"2016","2016-02-03 07:00","40","주간","수","1","1","0","0","0","경남","창원시(통합)","차대차","측면직각충돌","측면직각충돌","운전자법규위반","신호위반","교차로","교차로부근","이륜차","소형","승용차","경형","1103568","1691471","128.63790615","35.21325773"
"2016","2016-02-10 16:00","01","주간","수","1","4","0","3","0","충남","예산군","차대차","측면직각충돌","측면직각충돌","운전자법규위반","신호위반","교차로","교차로내","승용차","중형","승용차","대형","941997","1858615","126.85045147","36.72380087"
"2016","2016-02-06 05:00","24","야간","토","1","2","0","1","0","경북","포항시","차대차","추돌","진행중 추돌","운전자법규위반","안전운전 의무 불이행","교차로","교차로부근","승용차","중형","화물차","대형","1169662","1780041","129.38241601","36.00242466"
"2016","2016-02-06 02:00","45","야간","토","1","2","1","0","0","광주","서구","차대사람","횡단중","횡단중","운전자법규위반","과속","교차로","교차로내","승용차","중형","보행자","보행자","941665","1682110","126.85969454","35.13250418"
"2016","2016-02-05 06:00","48","주간","금","1","1","0","0","0","경기","부천시","차대사람","횡단중","횡단중","운전자법규위반","안전운전 의무 불이행","단일로","횡단보도상","승용차","대형","보행자","보행자","935513","1947013","126.77023604","37.52015949"
"2016","2016-06-22 21:00","21","야간","수","1","2","0","1","0","충북","영동군","차대차","추돌","진행중 추돌","운전자법규위반","안전운전 의무 불이행","단일로","기타단일로","화물차","대형","화물차","대형","1036025","1802636","127.90082744","36.2202384"
"2016","2016-06-22 13:00","05","주간","수","2","8","2","2","2","충북","보은군","차대차","추돌","진행중 추돌","운전자법규위반","안전운전 의무 불이행","단일로","기타단일로","특수차","대형","화물차","소형","1011388","1830883","127.62712164","36.47550052"
"2016","2016-09-21 22:00","35","야간","수","1","3","2","0","0","전북","김제시","차량단독","공작물충돌","공작물충돌","운전자법규위반","안전운전 의무 불이행","단일로","기타단일로","승용차","중형","","","940448","1760676","126.84057557","35.84079345"
"2016","2016-10-01 16:00","07","주간","토","1","8","3","4","0","경북","문경시","차대차","추돌","진행중 추돌","운전자법규위반","안전운전 의무 불이행","단일로","기타단일로","건설기계","건설기계","화물차","대형","1054598","1855440","128.11161153","36.69383137"
"2016","2016-11-02 10:00","10","주간","수","1","3","1","1","0","충북","청주시","차대차","추돌","진행중 추돌","운전자법규위반","안전운전 의무 불이행","단일로","기타단일로","승용차","중형","화물차","중형","993907","1839330","127.43191851","36.55169991"
"2016","2016-03-03 06:00","25","주간","목","1","1","0","0","0","경기","광명시","차대차","추돌","진행중 추돌","운전자법규위반","안전운전 의무 불이행","단일로","기타단일로","승용차","중형","건설기계","건설기계","945254","1936674","126.88123191","37.42760188"
"2016","2016-01-15 02:00","44","야간","금","1","1","0","0","0","경기","평택시","차대차","측면직각충돌","측면직각충돌","운전자법규위반","안전운전 의무 불이행","단일로","기타단일로","승합차","소형","승용차","소형","969100","1888950","127.1662571","36.97499224"
"2016","2016-02-27 06:00","30","주간","토","1","6","1","4","0","경기","이천시","차대차","측면직각충돌","측면직각충돌","운전자법규위반","과속","단일로","기타단일로","승용차","중형","승합차","소형","990044","1920173","127.38769097","37.28042991"
"2016","2016-02-07 04:00","33","야간","일","1","8","0","7","0","인천","연수구","차대차","추돌","진행중 추돌","운전자법규위반","안전운전 의무 불이행","단일로","교량위","승용차","소형","승용차","중형","915704","1936754","126.54726796","37.426103"
"2016","2016-04-04 10:00","55","주간","월","1","1","0","0","0","인천","남구","차대차","추돌","진행중 추돌","운전자법규위반","안전운전 의무 불이행","단일로","기타단일로","화물차","소형","화물차","대형","923445","1938798","126.63453675","37.44519776"
"2016","2016-03-21 17:00","15","주간","월","1","1","0","0","0","전북","남원시","차량단독","전도전복","전도전복","운전자법규위반","안전운전 의무 불이행","교차로","교차로내","농기계","농기계","","","1010527","1718287","127.61597836","35.4603939"
"2016","2016-10-14 01:00","27","야간","금","1","1","0","0","0","대구","북구","차량단독","공작물충돌","공작물충돌","운전자법규위반","안전운전 의무 불이행","단일로","기타단일로","승용차","중형","","","1092703","1769433","128.52748393","35.9171603"
"2016","2016-02-24 06:00","40","주간","수","1","2","0","1","0","경남","함안군","차대차","추돌","진행중 추돌","운전자법규위반","안전운전 의무 불이행","단일로","기타단일로","화물차","대형","화물차","대형","1094596","1699611","128.54028269","35.28753085"
"2016","2016-01-11 14:00","00","주간","월","1","7","0","6","0","전남","무안군","차대차","추돌","진행중 추돌","운전자법규위반","안전운전 의무 불이행","단일로","터널안","승합차","대형","승용차","대형","908561","1657254","126.4991087","34.90593749"
"2016","2016-05-04 09:00","40","주간","수","1","1","0","0","0","충남","당진시","차대차","추돌","진행중 추돌","운전자법규위반","안전운전 의무 불이행","단일로","기타단일로","화물차","소형","화물차","중형","921971","1873328","126.62470295","36.85498442"
"2016","2016-11-12 04:00","10","야간","토","2","5","2","1","0","충남","천안시","차대차","기타","기타","운전자법규위반","신호위반","기타/불명","기타/불명","화물차","중형","화물차","중형","971388","1872391","127.17906301","36.84932723"
"2016","2016-10-05 03:00","18","야간","수","1","5","1","3","0","경기","성남시","차대차","기타","기타","운전자법규위반","안전운전 의무 불이행","단일로","기타단일로","화물차","대형","승용차","중형","966863","1936530","127.12546833","37.42733006"
"2016","2016-07-19 20:00","17","야간","화","1","1","0","0","0","충남","서산시","차대차","추돌","진행중 추돌","운전자법규위반","안전거리 미확보","단일로","기타단일로","화물차","대형","화물차","대형","917023","1867540","126.56983658","36.80239265"
"2016","2016-05-07 11:00","34","주간","토","1","11","3","7","0","충남","논산시","차대차","추돌","진행중 추돌","운전자법규위반","안전운전 의무 불이행","기타/불명","기타/불명","승용차","중형","승용차","중형","962224","1789618","127.08056362","36.10276862"
"2016","2016-03-11 14:00","27","주간","금","1","10","4","5","0","경북","문경시","차대차","추돌","진행중 추돌","운전자법규위반","안전거리 미확보","단일로","터널안","승용차","경형","승용차","대형","1056495","1851974","128.13217178","36.66402756"
"2016","2016-06-03 13:00","10","주간","금","1","4","1","2","0","대구","북구","차대차","추돌","진행중 추돌","운전자법규위반","안전운전 의무 불이행","단일로","기타단일로","화물차","소형","화물차","중형","1097224","1768494","128.57747037","35.90825647"
"2016","2016-09-12 00:00","40","야간","월","1","3","1","1","0","대전","동구","차대차","정면충돌","정면충돌","운전자법규위반","중앙선 침범","단일로","기타단일로","화물차","소형","승용차","소형","996664","1810714","127.46284756","36.29373158"
"2016","2016-09-04 15:00","53","주간","일","1","3","1","1","0","경남","김해시","차량단독","공작물충돌","공작물충돌","운전자법규위반","안전운전 의무 불이행","단일로","기타단일로","화물차","소형","","","1126778","1693086","128.89310326","35.22515114"
"2016","2016-07-22 04:00","46","야간","금","1","1","0","0","0","충북","영동군","차대차","추돌","진행중 추돌","운전자법규위반","안전운전 의무 불이행","단일로","기타단일로","화물차","중형","화물차","대형","1031779","1805639","127.85370767","36.24746061"
"2016","2016-08-30 02:00","20","야간","화","1","2","0","1","0","경북","칠곡군","차대차","추돌","진행중 추돌","운전자법규위반","안전운전 의무 불이행","단일로","기타단일로","화물차","대형","화물차","대형","1088574","1770445","128.48171015","35.92694212"
"2016","2016-05-28 00:00","28","야간","토","1","1","0","0","0","경기","화성시","차대차","기타","기타","운전자법규위반","안전운전 의무 불이행","단일로","기타단일로","승용차","경형","화물차","대형","939649","1902246","126.8206791","37.11694077"
"2016","2016-06-30 02:00","30","야간","목","2","4","1","1","0","경기","평택시","차대차","기타","기타","운전자법규위반","안전운전 의무 불이행","단일로","기타단일로","화물차","대형","화물차","소형","941919","1884220","126.84762055","36.95460187"
"2016","2016-06-15 01:00","15","야간","수","1","2","0","1","0","경기","화성시","차대차","추돌","진행중 추돌","운전자법규위반","안전운전 의무 불이행","단일로","기타단일로","승용차","소형","화물차","대형","945252","1916484","126.8827004","37.24562141"
"2016","2016-06-02 06:00","06","주간","목","1","5","0","4","0","인천","남구","차대차","추돌","진행중 추돌","운전자법규위반","안전운전 의무 불이행","기타/불명","기타/불명","화물차","소형","화물차","중형","925079","1937860","126.65310273","37.4368776"
"2016","2016-05-12 00:00","28","야간","목","1","5","0","4","0","충북","충주시","차대차","정면충돌","정면충돌","운전자법규위반","안전운전 의무 불이행","단일로","터널안","화물차","대형","화물차","대형","1031642","1882088","127.85532848","36.93664344"
"2016","2016-05-16 09:00","45","주간","월","4","6","2","0","0","경남","함안군","차대차","추돌","진행중 추돌","운전자법규위반","안전거리 미확보","단일로","터널안","승합차","대형","승합차","대형","1097856","1699843","128.57615541","35.28930881"
"2016","2016-10-08 03:00","10","야간","토","1","1","0","0","0","충북","청주시","차대차","추돌","진행중 추돌","운전자법규위반","안전운전 의무 불이행","단일로","기타단일로","화물차","중형","화물차","중형","995430","1858424","127.44882236","36.72384038"
"2016","2016-09-09 14:00","28","주간","금","1","2","1","0","0","경기","안산시","차대차","추돌","진행중 추돌","운전자법규위반","안전운전 의무 불이행","단일로","기타단일로","화물차","중형","승용차","중형","943639","1927101","126.86370889","37.34122075"
"2016","2016-06-20 13:00","25","주간","월","1","1","0","0","0","경북","칠곡군","차대차","기타","기타","운전자법규위반","안전운전 의무 불이행","단일로","기타단일로","화물차","대형","화물차","중형","1094304","1779575","128.54678248","36.00785029"
"2016","2016-05-16 04:00","45","야간","월","1","1","0","0","0","경남","양산시","차량단독","공작물충돌","공작물충돌","운전자법규위반","안전운전 의무 불이행","단일로","기타단일로","승용차","중형","","","1138835","1704539","129.02748933","35.32678946"
"2016","2016-05-18 23:00","25","야간","수","1","1","0","0","0","충북","단양군","차량단독","공작물충돌","공작물충돌","운전자법규위반","안전운전 의무 불이행","단일로","기타단일로","화물차","소형","","","1072076","1883878","128.30952907","36.95055166"
"2016","2016-01-02 17:00","50","주간","토","1","3","2","0","0","충남","논산시","차량단독","공작물충돌","공작물충돌","운전자법규위반","안전운전 의무 불이행","단일로","기타단일로","승용차","중형","","","974796","1801564","127.2196039","36.21091648"
"2016","2016-01-09 11:00","40","주간","토","2","2","0","0","0","경기","파주시","차대차","측면직각충돌","측면직각충돌","운전자법규위반","신호위반","교차로","교차로내","승용차","중형","화물차","대형","939346","1971623","126.81156592","37.74222491"
"2016","2016-01-08 00:00","20","야간","금","1","1","0","0","0","서울","마포구","차량단독","공작물충돌","공작물충돌","운전자법규위반","안전운전 의무 불이행","단일로","기타단일로","이륜차","소형","","","945186","1953397","126.87921663","37.57832448"
"2016","2016-01-06 21:00","15","야간","수","1","4","0","2","1","경기","용인시","차대차","측면직각충돌","측면직각충돌","운전자법규위반","중앙선 침범","단일로","기타단일로","승용차","중형","승합차","대형","973642","1905677","127.20318149","37.14944311"
"2016","2016-01-07 04:00","50","야간","목","1","1","0","0","0","경북","안동시","차대사람","횡단중","횡단중","운전자법규위반","안전운전 의무 불이행","교차로","교차로부근","승용차","경형","보행자","보행자","1112061","1840840","128.75222311","36.55875584"
"2016","2016-01-12 05:00","40","야간","화","1","1","0","0","0","경기","군포시","차대사람","횡단중","횡단중","운전자법규위반","안전운전 의무 불이행","교차로","교차로내","승용차","중형","보행자","보행자","948954","1929338","126.92355585","37.3616913"
"2016","2016-01-17 21:00","50","야간","일","1","3","2","0","0","충북","보은군","차대차","기타","기타","운전자법규위반","안전운전 의무 불이행","단일로","기타단일로","승용차","중형","화물차","소형","1025695","1834853","127.7869581","36.51101343"
"2016","2016-01-18 05:00","20","야간","월","1","1","0","0","0","경기","포천시","차대차","측면직각충돌","측면직각충돌","운전자법규위반","안전운전 의무 불이행","단일로","기타단일로","원동기장치자전거","원동기장치자전거","화물차","중형","971981","1985753","127.18142424","37.87116081"
"2016","2016-01-16 02:00","05","야간","토","1","1","0","0","0","부산","금정구","차량단독","공작물충돌","공작물충돌","운전자법규위반","안전운전 의무 불이행","단일로","기타단일로","승용차","대형","","","1144798","1696081","129.09158012","35.24970655"
"2016","2016-01-15 23:00","30","야간","금","1","1","0","0","0","전남","보성군","차량단독","전도전복","전도전복","운전자법규위반","안전운전 의무 불이행","단일로","기타단일로","승용차","대형","","","967003","1648425","127.13914158","34.82990709"
"2016","2016-01-21 18:00","40","야간","목","1","3","0","2","0","전남","여수시","차대차","정면충돌","정면충돌","운전자법규위반","중앙선 침범","단일로","기타단일로","승용차","소형","승용차","중형","1021519","1637393","127.73505274","34.73073148"
"2016","2016-01-21 18:00","05","야간","목","1","1","0","0","0","경북","울진군","차대사람","횡단중","횡단중","운전자법규위반","안전운전 의무 불이행","단일로","기타단일로","승용차","대형","보행자","보행자","1172904","1853957","129.43477444","36.6678623"
"2016","2016-05-28 10:00","09","주간","토","1","1","0","0","0","경기","광주시","차대차","추돌","진행중 추돌","운전자법규위반","안전운전 의무 불이행","단일로","기타단일로","화물차","중형","건설기계","건설기계","983909","1929064","127.31829228","37.36048657"
"2016","2016-05-22 17:00","46","주간","일","1","5","3","1","0","경기","안양시","차대사람","차도통행중","차도통행중","운전자법규위반","안전운전 의무 불이행","단일로","기타단일로","승합차","중형","보행자","보행자","946707","1936226","126.89768598","37.42364876"
"2016","2016-11-15 06:00","21","주간","화","1","2","0","1","0","충남","천안시","차대차","기타","기타","운전자법규위반","안전운전 의무 불이행","단일로","기타단일로","화물차","대형","화물차","대형","970342","1866605","127.168377","36.79521266"
"2016","2016-01-04 22:00","50","야간","월","1","1","0","0","0","경북","경주시","차대사람","횡단중","횡단중","운전자법규위반","안전운전 의무 불이행","단일로","기타단일로","특수차","경형","보행자","보행자","1155745","1765162","129.22515444","35.87065968"
"2016","2016-01-04 10:00","30","주간","월","1","1","0","0","0","경기","파주시","차대차","측면직각충돌","측면직각충돌","운전자법규위반","안전거리 미확보","단일로","기타단일로","자전거","자전거","화물차","소형","939518","1971529","126.81352585","37.7413891"
"2016","2016-01-01 11:00","05","주간","금","1","1","0","0","0","전남","화순군","차대차","측면직각충돌","측면직각충돌","운전자법규위반","신호위반","교차로","교차로내","원동기장치자전거","원동기장치자전거","승용차","대형","952729","1673528","126.98162193","35.05570165"
"2016","2016-01-01 14:00","20","주간","금","1","2","0","1","0","전남","해남군","차대차","정면충돌","정면충돌","운전자법규위반","중앙선 침범","단일로","기타단일로","이륜차","사발이","승용차","중형","902266","1621029","126.4344163","34.57873674"
"2016","2016-01-07 08:00","30","주간","목","1","3","2","0","0","강원","춘천시","차대차","측면직각충돌","측면직각충돌","운전자법규위반","중앙선 침범","단일로","교량위","승용차","중형","화물차","소형","1014922","1995907","127.66987421","37.96298744"
"2016","2016-01-12 07:00","15","주간","화","1","1","0","0","0","충남","논산시","차대차","추돌","진행중 추돌","운전자법규위반","안전운전 의무 불이행","단일로","기타단일로","승용차","중형","자전거","자전거","976793","1793020","127.24207299","36.13393725"
"2016","2016-01-21 06:00","15","주간","목","1","1","0","0","0","경기","안산시","차대사람","횡단중","횡단중","운전자법규위반","안전운전 의무 불이행","교차로","교차로부근","화물차","소형","보행자","보행자","942186","1925825","126.84740562","37.32963038"
"2016","2016-01-18 12:00","00","주간","월","1","1","0","0","0","경북","구미시","차대차","측면직각충돌","측면직각충돌","운전자법규위반","안전운전 의무 불이행","교차로","교차로부근","승용차","경형","자전거","자전거","1083308","1790356","128.42556882","36.10662179"
"2016","2016-01-24 21:00","50","야간","일","1","1","0","0","0","강원","속초시","차대사람","횡단중","횡단중","운전자법규위반","안전운전 의무 불이행","교차로","교차로내","승용차","중형","보행자","보행자","1095477","2021596","128.59026749","38.18957722"
"2016","2016-01-24 12:00","59","주간","일","1","1","0","0","0","경남","창원시(통합)","차대차","추돌","진행중 추돌","운전자법규위반","안전운전 의무 불이행","교차로","교차로부근","승용차","경형","원동기장치자전거","원동기장치자전거","1103976","1694104","128.64272084","35.23695283"
"2016","2016-01-25 04:00","50","야간","월","1","1","0","0","0","대구","남구","차대사람","횡단중","횡단중","운전자법규위반","안전운전 의무 불이행","교차로","교차로내","승용차","중형","보행자","보행자","1095520","1760662","128.55765011","35.83782213"
"2016","2016-02-01 19:00","10","야간","월","1","1","0","0","0","충북","청주시","차대사람","기타","기타","운전자법규위반","안전운전 의무 불이행","기타/불명","기타/불명","승합차","경형","보행자","보행자","993968","1847092","127.43253925","36.62167513"
"2016","2016-01-30 11:00","55","주간","토","1","4","2","1","0","전남","나주시","차대차","정면충돌","정면충돌","운전자법규위반","중앙선 침범","단일로","기타단일로","승용차","중형","화물차","소형","926846","1670290","126.69809227","35.02496141"
"2016","2016-01-31 00:00","25","야간","일","1","3","2","0","0","전북","정읍시","차량단독","도로이탈","도로이탈 추락","운전자법규위반","과속","단일로","기타단일로","승용차","중형","","","943297","1732549","126.87694468","35.58526903"
"2016","2016-01-31 06:00","20","주간","일","1","5","2","2","0","경북","칠곡군","차량단독","전도전복","전도전복","운전자법규위반","안전운전 의무 불이행","단일로","기타단일로","승용차","중형","","","1080568","1776654","128.39373303","35.98333264"
"2016","2016-01-31 18:00","05","야간","일","1","1","0","0","0","충남","서천군","차대차","추돌","진행중 추돌","운전자법규위반","안전운전 의무 불이행","단일로","기타단일로","승용차","대형","화물차","소형","928995","1779877","126.7120498","36.01313157"
"2016","2016-02-05 13:00","40","주간","금","1","1","0","0","0","경기","파주시","차대사람","기타","기타","운전자법규위반","안전운전 의무 불이행","단일로","기타단일로","승용차","경형","보행자","보행자","936839","1971954","126.78308424","37.74503845"
"2016","2016-02-06 01:00","30","야간","토","1","1","0","0","0","경기","성남시","차대사람","횡단중","횡단중","운전자법규위반","안전운전 의무 불이행","단일로","기타단일로","승합차","경형","보행자","보행자","968164","1937616","127.14012578","37.4371645"
"2016","2016-02-06 14:00","20","주간","토","1","1","0","0","0","서울","송파구","차대차","추돌","진행중 추돌","운전자법규위반","안전운전 의무 불이행","지하도로내","지하도로내","화물차","소형","승용차","중형","964678","1944886","127.10037216","37.50256605"
"2016","2016-02-05 23:00","15","야간","금","1","1","0","0","0","경기","고양시","차대사람","차도통행중","차도통행중","운전자법규위반","과속","단일로","기타단일로","승용차","경형","보행자","보행자","944367","1959960","126.86944257","37.63742736"
"2016","2016-02-05 21:00","00","야간","금","1","1","0","0","0","충남","보령시","차대사람","기타","기타","운전자법규위반","안전운전 의무 불이행","단일로","기타단일로","화물차","중형","보행자","보행자","921097","1818731","126.62038203","36.36269864"
"2016","2016-02-06 01:00","10","야간","토","1","1","0","0","0","경기","광주시","차대사람","횡단중","횡단중","운전자법규위반","안전운전 의무 불이행","단일로","기타단일로","승용차","경형","보행자","보행자","981158","1932063","127.28715041","37.38746715"
"2016","2016-02-05 07:00","00","주간","금","1","1","0","0","0","경남","창녕군","차대사람","횡단중","횡단중","운전자법규위반","안전운전 의무 불이행","단일로","횡단보도부근","화물차","소형","보행자","보행자","1089088","1710537","128.48090848","35.38654119"
"2016","2016-02-05 08:00","25","주간","금","1","1","0","0","0","충남","천안시","차대차","기타","기타","운전자법규위반","신호위반","교차로","교차로내","건설기계","건설기계","자전거","자전거","969546","1864842","127.15870411","36.78121881"
"2016","2016-02-07 08:00","25","주간","일","1","3","2","0","0","경남","고성군","차량단독","공작물충돌","공작물충돌","운전자법규위반","안전운전 의무 불이행","교차로","교차로부근","승용차","중형","","","1068193","1665990","128.24717732","34.98653691"
"2016","2016-02-06 19:00","58","야간","토","1","1","0","0","0","경기","수원시","차대사람","기타","기타","운전자법규위반","안전운전 의무 불이행","단일로","기타단일로","승용차","중형","보행자","보행자","955982","1922677","127.00331302","37.30201197"
"2016","2016-02-04 00:00","50","야간","목","1","1","0","0","0","인천","강화군","차대사람","횡단중","횡단중","운전자법규위반","안전운전 의무 불이행","단일로","기타단일로","승용차","경형","보행자","보행자","911071","1971715","126.49025416","37.74036176"
"2016","2016-05-20 15:00","10","주간","금","1","4","1","2","0","경기","광주시","차대차","추돌","진행중 추돌","운전자법규위반","안전운전 의무 불이행","단일로","기타단일로","화물차","중형","승용차","중형","983945","1928857","127.3187033","37.35862133"
"2016","2016-01-02 02:00","40","야간","토","1","1","0","0","0","전북","부안군","차대사람","기타","기타","운전자법규위반","안전운전 의무 불이행","단일로","기타단일로","화물차","소형","보행자","보행자","930758","1747703","126.73440766","35.72319919"
"2016","2016-01-19 07:00","00","주간","화","1","1","0","0","0","서울","영등포구","차량단독","전도전복","전도전복","운전자법규위반","안전운전 의무 불이행","단일로","기타단일로","승용차","중형","","","947184","1948494","126.90219651","37.53425013"
"2016","2016-01-19 00:00","44","야간","화","1","3","0","2","0","서울","마포구","차대차","정면충돌","정면충돌","운전자법규위반","안전거리 미확보","단일로","기타단일로","승용차","중형","승용차","소형","947083","1950443","126.90091283","37.55181088"
"2016","2016-01-25 17:00","20","주간","월","1","1","0","0","0","서울","노원구","차대사람","횡단중","횡단중","운전자법규위반","신호위반","교차로","교차로내","화물차","소형","보행자","보행자","963297","1957946","127.08409426","37.62022632"
"2016","2016-01-24 21:00","15","야간","일","1","1","0","0","0","서울","관악구","차대사람","길가장자리구역통행중","길가장자리구역통행중","운전자법규위반","안전운전 의무 불이행","단일로","기타단일로","승합차","대형","보행자","보행자","952703","1942031","126.96522178","37.47630316"
"2016","2016-01-23 20:00","25","야간","토","1","1","0","0","0","경북","김천시","차대사람","차도통행중","차도통행중","운전자법규위반","안전운전 의무 불이행","단일로","기타단일로","승용차","소형","보행자","보행자","1056934","1792098","128.13269409","36.12423158"
"2016","2016-01-29 07:00","35","주간","금","1","1","0","0","0","경기","화성시","차대사람","횡단중","횡단중","운전자법규위반","안전운전 의무 불이행","교차로","교차로내","화물차","중형","보행자","보행자","954908","1903870","126.992332","37.13243902"
"2016","2016-02-02 15:00","38","주간","화","1","2","1","0","0","충남","공주시","차대차","추돌","진행중 추돌","운전자법규위반","안전운전 의무 불이행","단일로","기타단일로","화물차","소형","농기계","농기계","967603","1817110","127.13893767","36.35085474"
"2016","2016-02-03 21:00","15","야간","수","1","1","0","0","0","충남","서산시","차대사람","횡단중","횡단중","운전자법규위반","과속","단일로","기타단일로","승용차","소형","보행자","보행자","900408","1865674","126.38385764","36.78397197"
"2016","2016-02-03 16:00","05","주간","수","1","1","0","0","0","제주","제주시","차대사람","횡단중","횡단중","운전자법규위반","안전운전 의무 불이행","단일로","기타단일로","화물차","소형","보행자","보행자","906215","1498770","126.49073526","33.47684383"
"2016","2016-02-04 05:00","25","야간","목","1","2","1","0","0","경북","포항시","차량단독","전도전복","전도전복","운전자법규위반","안전운전 의무 불이행","단일로","기타단일로","승용차","경형","","","1170792","1794088","129.39798633","36.1288033"
"2016","2016-01-31 20:00","20","야간","일","1","1","0","0","0","경북","경주시","차대차","기타","기타","운전자법규위반","안전운전 의무 불이행","교차로","교차로내","승합차","대형","자전거","자전거","1154594","1761730","129.211745","35.83991246"
"2016","2016-02-01 01:00","00","야간","월","1","2","1","0","0","경기","동두천시","차대차","정면충돌","정면충돌","운전자법규위반","중앙선 침범","단일로","기타단일로","승용차","경형","승용차","경형","960021","1988896","127.04526834","37.89904154"
"2016","2016-01-30 08:00","11","주간","토","1","1","0","0","0","강원","원주시","차량단독","전도전복","전도전복","운전자법규위반","안전운전 의무 불이행","교차로","교차로부근","이륜차","소형","","","1038477","1928228","127.93483954","37.35225255"
"2016","2016-01-18 06:00","00","주간","월","1","7","1","5","0","경남","밀양시","차대차","측면직각충돌","측면직각충돌","운전자법규위반","안전거리 미확보","단일로","교량위","화물차","소형","승용차","중형","1115703","1721166","128.77540738","35.47962266"
"2016","2016-02-22 04:00","03","야간","월","1","4","3","0","0","강원","평창군","차대차","추돌","진행중 추돌","운전자법규위반","안전운전 의무 불이행","단일로","기타단일로","승용차","중형","승용차","소형","1091012","1961146","128.53167243","37.64519559"
"2016","2016-12-09 05:00","50","야간","금","1","8","2","5","0","경기","여주시","차대차","측면직각충돌","측면직각충돌","운전자법규위반","안전거리 미확보","단일로","교량위","화물차","대형","화물차","대형","1007727","1916155","127.58712302","37.24423277"
"2016","2016-12-20 02:00","12","야간","화","1","1","0","0","0","강원","원주시","차대사람","기타","기타","운전자법규위반","안전운전 의무 불이행","단일로","기타단일로","승용차","중형","보행자","보행자","1052181","1914178","128.08810409","37.22492617"
"2016","2016-09-12 05:00","05","야간","월","2","4","2","0","0","경기","광주시","차대차","기타","기타","운전자법규위반","안전운전 의무 불이행","단일로","기타단일로","승용차","중형","승용차","중형","982136","1936215","127.29809797","37.42491162"
"2016","2016-01-11 12:00","10","주간","월","1","1","0","0","0","경북","경주시","차대차","추돌","진행중 추돌","운전자법규위반","안전운전 의무 불이행","단일로","기타단일로","특수차","대형","승용차","중형","1153419","1753174","129.19709859","35.76298804"
"2016","2016-02-01 07:00","08","주간","월","1","2","0","1","0","경북","군위군","차대차","추돌","진행중 추돌","운전자법규위반","안전운전 의무 불이행","단일로","기타단일로","화물차","대형","화물차","중형","1095080","1805092","128.55812379","36.23837259"
"2016","2016-04-20 03:00","29","야간","수","1","3","2","0","0","전남","장성군","차량단독","기타","기타","운전자법규위반","안전운전 의무 불이행","단일로","기타단일로","승용차","중형","","","937635","1705607","126.81368009","35.34412169"
"2016","2016-01-04 12:00","40","주간","월","1","1","0","0","0","경남","창원시(통합)","차량단독","공작물충돌","공작물충돌","운전자법규위반","안전운전 의무 불이행","단일로","기타단일로","자전거","자전거","","","1108458","1685611","128.69085161","35.15991177"
"2016","2016-01-02 21:00","53","야간","토","1","1","0","0","0","부산","진구","차대사람","기타","기타","운전자법규위반","안전운전 의무 불이행","단일로","기타단일로","승용차","중형","보행자","보행자","1141885","1686005","129.05751896","35.15954343"
"2016","2016-01-03 20:00","45","야간","일","1","1","0","0","0","세종","세종","차대사람","보도통행중","보도통행중","운전자법규위반","안전운전 의무 불이행","단일로","기타단일로","승용차","소형","보행자","보행자","981862","1845128","127.2971949","36.60381617"