"발생년","발생년월일시","발생분","주야","요일","사망자수","사상자수","중상자수","경상자수","부상신고자수","발생지시도","발생지시군구","사고유형_대분류","사고유형_중분류","사고유형","법규위반_대분류","법규위반","도로형태_대분류","도로형태","당사자종별_1당_대분류","당사자종별_1당","당사자종별_2당_대분류","당사자종별_2당","발생위치X_UTMK","발생위치Y_UTMK","경도","위도"
"2016","2016-12-13 10:00","30","주간","화","1","1","0","0","0","전남","영광군","차량단독","전도전복","전도전복","운전자법규위반","안전운전 의무 불이행","단일로","기타단일로","이륜차","사발이","","","912561","1690938","126.53933627","35.20998808"
"2016","2016-10-02 19:00","25","야간","일","1","1","0","0","0","인천","서구","차대사람","횡단중","횡단중","운전자법규위반","신호위반","단일로","횡단보도상","화물차","소형","보행자","보행자","927381","1951995","126.67772583","37.5644562"
"2016","2016-09-30 11:00","11","주간","금","1","1","0","0","0","경남","통영시","차대사람","횡단중","횡단중","운전자법규위반","신호위반","교차로","교차로내","승용차","중형","보행자","보행자","1084090","1650091","128.41973912","34.84198838"
"2016","2016-11-10 14:00","55","주간","목","1","1","0","0","0","경남","거제시","차량단독","전도전복","전도전복","운전자법규위반","안전운전 의무 불이행","단일로","기타단일로","건설기계","건설기계","","","1100276","1650085","128.59674726","34.84046697"
"2016","2016-11-07 06:00","30","주간","월","1","1","0","0","0","충남","천안시","차대사람","횡단중","횡단중","운전자법규위반","안전운전 의무 불이행","단일로","기타단일로","승용차","경형","보행자","보행자","976536","1879302","127.23659294","36.91176842"
"2016","2016-11-07 21:00","35","야간","월","1","2","0","1","0","광주","동구","차대차","측면직각충돌","측면직각충돌","운전자법규위반","신호위반","교차로","교차로내","승합차","대형","원동기장치자전거","원동기장치자전거","948020","1683854","126.92933631","35.14935518"
"2016","2016-11-08 05:00","30","야간","화","1","1","0","0","0","경기","평택시","차대사람","기타","기타","운전자법규위반","안전운전 의무 불이행","단일로","기타단일로","승용차","소형","보행자","보행자","956592","1903448","127.01131512","37.12871483"
"2016","2016-11-08 18:00","15","야간","화","1","1","0","0","0","경남","합천군","차대사람","기타","기타","운전자법규위반","안전운전 의무 불이행","단일로","기타단일로","승용차","경형","보행자","보행자","1066898","1731639","128.23834323","35.57853281"
"2016","2016-11-05 06:00","00","주간","토","1","2","1","0","0","전남","신안군","차대차","측면직각충돌","측면직각충돌","운전자법규위반","중앙선 침범","단일로","기타단일로","승용차","소형","승용차","중형","892595","1652410","126.32499689","34.86070067"
"2016","2016-11-05 15:00","35","주간","토","1","1","0","0","0","서울","동대문구","차량단독","전도전복","전도전복","운전자법규위반","안전운전 의무 불이행","단일로","기타단일로","이륜차","소형","","","961632","1954729","127.06539627","37.5911627"
"2016","2016-10-24 19:00","25","야간","월","1","1","0","0","0","충남","서천군","차대사람","차도통행중","차도통행중","운전자법규위반","안전운전 의무 불이행","교차로","교차로내","승용차","경형","보행자","보행자","928275","1787734","126.70334718","36.08390965"
"2016","2016-10-25 03:00","30","야간","화","1","1","0","0","0","경기","김포시","차량단독","기타","기타","운전자법규위반","안전운전 의무 불이행","단일로","기타단일로","화물차","중형","","","930833","1957451","126.71629438","37.61389517"
"2016","2016-10-24 20:00","35","야간","월","1","1","0","0","0","전북","전주시","차대차","기타","기타","운전자법규위반","신호위반","교차로","교차로내","승합차","대형","자전거","자전거","967144","1755669","127.13638108","35.79690867"
"2016","2016-10-28 11:00","20","주간","금","1","1","0","0","0","서울","용산구","차대사람","횡단중","횡단중","운전자법규위반","안전운전 의무 불이행","교차로","교차로내","승용차","중형","보행자","보행자","952399","1949038","126.96118524","37.53943736"
"2016","2016-10-05 10:00","14","주간","수","2","7","3","2","0","경기","용인시","차대사람","보도통행중","보도통행중","운전자법규위반","기타(운전자법규위반)","단일로","기타단일로","화물차","소형","보행자","보행자","972794","1915217","127.19328461","37.23541244"
"2016","2016-10-06 05:00","17","야간","목","1","2","0","1","0","서울","구로구","차대차","정면충돌","정면충돌","운전자법규위반","중앙선 침범","단일로","기타단일로","이륜차","소형","승용차","경형","940713","1944426","126.82928639","37.49719169"
"2016","2016-10-02 01:00","45","야간","일","1","2","1","0","0","강원","동해시","차량단독","공작물충돌","공작물충돌","운전자법규위반","안전운전 의무 불이행","단일로","기타단일로","승용차","소형","","","1143676","1946865","129.12563417","37.50989168"
"2016","2016-09-18 00:00","47","야간","일","2","4","2","0","0","경기","안산시","차대사람","횡단중","횡단중","운전자법규위반","과속","교차로","교차로내","승용차","중형","보행자","보행자","939296","1923741","126.8149564","37.31066225"
"2016","2016-09-18 16:00","32","주간","일","1","3","2","0","0","서울","중구","차대차","측면직각충돌","측면직각충돌","운전자법규위반","안전거리 미확보","교차로","교차로부근","승용차","대형","승용차","중형","953127","1951258","126.96928358","37.55948398"
"2016","2016-09-15 02:00","50","야간","목","1","1","0","0","0","경북","청도군","차량단독","공작물충돌","공작물충돌","운전자법규위반","안전운전 의무 불이행","단일로","기타단일로","승용차","소형","","","1098143","1740224","128.5841873","35.65332051"
"2016","2016-09-14 21:00","40","야간","수","1","1","0","0","0","경기","오산시","차대사람","횡단중","횡단중","운전자법규위반","안전운전 의무 불이행","단일로","횡단보도상","승용차","경형","보행자","보행자","962111","1904821","127.07337656","37.14133086"
"2016","2016-09-20 03:00","00","야간","화","2","2","0","0","0","전북","완주군","차대차","추돌","진행중 추돌","운전자법규위반","안전운전 의무 불이행","교차로","교차로내","승용차","중형","화물차","대형","962066","1769279","127.0795364","35.91943218"
"2016","2016-09-29 21:00","40","야간","목","1","1","0","0","0","충남","아산시","차대차","추돌","진행중 추돌","운전자법규위반","안전운전 의무 불이행","단일로","기타단일로","승용차","중형","자전거","자전거","956685","1862200","127.01472587","36.7569018"
"2016","2016-09-25 16:00","30","주간","일","1","1","0","0","0","경기","여주시","차량단독","전도전복","전도전복","운전자법규위반","안전운전 의무 불이행","단일로","기타단일로","이륜차","소형","","","1013962","1921156","127.6575172","37.28923914"
"2016","2016-09-23 03:00","38","야간","금","1","1","0","0","0","대구","서구","차량단독","공작물충돌","공작물충돌","운전자법규위반","안전운전 의무 불이행","단일로","기타단일로","이륜차","소형","","","1092771","1763708","128.52757038","35.86554496"
"2016","2016-09-25 00:00","50","야간","일","1","1","0","0","0","경남","창원시(통합)","차량단독","전도전복","전도전복","운전자법규위반","안전운전 의무 불이행","단일로","기타단일로","승용차","경형","","","1106223","1698060","128.66792291","35.27238125"
"2016","2016-09-04 04:00","58","야간","일","1","1","0","0","0","충남","보령시","차대사람","기타","기타","운전자법규위반","안전운전 의무 불이행","단일로","기타단일로","승용차","중형","보행자","보행자","913064","1805108","126.53249497","36.23928403"
"2016","2016-08-30 04:00","40","야간","화","1","1","0","0","0","부산","중구","차량단독","공작물충돌","공작물충돌","운전자법규위반","안전운전 의무 불이행","단일로","기타단일로","이륜차","중형","","","1139630","1680807","129.03220672","35.11276144"
"2016","2016-09-03 00:00","40","야간","토","1","1","0","0","0","경기","용인시","차량단독","공작물충돌","공작물충돌","운전자법규위반","안전운전 의무 불이행","교차로","교차로부근","화물차","중형","","","977943","1927588","127.25096565","37.34705952"
"2016","2016-09-05 14:00","14","주간","월","1","1","0","0","0","충남","서산시","차량단독","전도전복","전도전복","운전자법규위반","안전운전 의무 불이행","단일로","기타단일로","이륜차","소형","","","901252","1868763","126.3929142","36.81190165"
"2016","2016-08-30 10:00","30","주간","화","1","1","0","0","0","충북","괴산군","차대차","측면직각충돌","측면직각충돌","운전자법규위반","안전운전 의무 불이행","단일로","기타단일로","이륜차","중형","화물차","소형","1013156","1868414","127.64750109","36.81381757"
"2016","2016-09-01 03:00","57","야간","목","1","1","0","0","0","대전","동구","차대사람","횡단중","횡단중","운전자법규위반","안전운전 의무 불이행","단일로","기타단일로","화물차","소형","보행자","보행자","993901","1815028","127.43204279","36.33261078"
"2016","2016-10-10 17:00","10","주간","월","1","1","0","0","0","충남","천안시","차대사람","차도통행중","차도통행중","운전자법규위반","안전운전 의무 불이행","단일로","기타단일로","승합차","소형","보행자","보행자","966344","1879364","127.12217662","36.91201854"
"2016","2016-10-14 01:00","30","야간","금","1","2","1","0","0","전남","무안군","차량단독","전도전복","전도전복","운전자법규위반","안전운전 의무 불이행","단일로","기타단일로","화물차","소형","","","893643","1677616","126.33324118","35.08805835"
"2016","2016-10-08 06:00","30","주간","토","1","5","3","1","0","경기","양평군","차대차","기타","기타","운전자법규위반","안전운전 의무 불이행","단일로","기타단일로","승용차","대형","승용차","중형","995037","1945802","127.44384256","37.51148518"
"2016","2016-10-13 17:00","50","주간","목","1","1","0","0","0","경기","평택시","차대차","추돌","진행중 추돌","운전자법규위반","안전운전 의무 불이행","단일로","기타단일로","승용차","중형","승용차","경형","961362","1897504","127.06532027","37.07534473"
"2016","2016-10-15 23:00","30","야간","토","1","1","0","0","0","경북","경주시","차대사람","기타","기타","운전자법규위반","안전운전 의무 불이행","교차로","교차로내","승용차","중형","승용차","중형","1160887","1762685","129.28158725","35.84750619"
"2016","2016-10-15 23:00","38","야간","토","1","1","0","0","0","세종","세종","차대사람","기타","기타","운전자법규위반","안전운전 의무 불이행","기타/불명","기타/불명","승용차","소형","보행자","보행자","981241","1844097","127.29027655","36.59450971"
"2016","2016-10-19 00:00","34","야간","수","1","1","0","0","0","경기","고양시","차대차","측면직각충돌","측면직각충돌","운전자법규위반","신호위반","교차로","교차로내","승용차","중형","이륜차","소형","944897","1953629","126.87592635","37.58039824"
"2016","2016-10-16 13:00","35","주간","일","1","1","0","0","0","울산","중구","차대사람","횡단중","횡단중","운전자법규위반","안전운전 의무 불이행","단일로","기타단일로","화물차","경형","보행자","보행자","1161178","1730245","129.27830264","35.55510837"
"2016","2016-10-17 11:00","10","주간","월","1","1","0","0","0","강원","동해시","차대사람","횡단중","횡단중","운전자법규위반","안전운전 의무 불이행","단일로","횡단보도상","승용차","중형","보행자","보행자","1142686","1948341","129.11472341","37.52334413"
"2016","2016-10-23 20:00","33","야간","일","1","1","0","0","0","전남","나주시","차대사람","차도통행중","차도통행중","운전자법규위반","안전운전 의무 불이행","단일로","기타단일로","화물차","소형","보행자","보행자","940049","1671796","126.8427043","35.03941075"
"2016","2016-10-25 06:00","43","주간","화","1","1","0","0","0","인천","중구","차대사람","횡단중","횡단중","운전자법규위반","안전운전 의무 불이행","교차로","교차로내","승합차","대형","보행자","보행자","920700","1939490","126.60343318","37.4512032"
"2016","2016-10-24 18:00","20","야간","월","1","1","0","0","0","경남","함양군","차대사람","차도통행중","차도통행중","운전자법규위반","안전운전 의무 불이행","단일로","기타단일로","승용차","경형","보행자","보행자","1022757","1720558","127.75086266","35.48061991"
"2016","2016-10-25 15:00","33","주간","화","1","1","0","0","0","부산","강서구","차대사람","횡단중","횡단중","운전자법규위반","신호위반","단일로","횡단보도상","승합차","대형","보행자","보행자","1129004","1679547","128.91969455","35.09575722"
"2016","2016-10-25 18:00","38","야간","화","1","2","1","0","0","충북","음성군","차대차","측면직각충돌","측면직각충돌","운전자법규위반","안전운전 의무 불이행","교차로","교차로내","이륜차","소형","화물차","중형","996898","1886783","127.46514605","36.97949288"
"2016","2016-10-27 13:00","00","주간","목","1","1","0","0","0","경남","창녕군","차대사람","횡단중","횡단중","운전자법규위반","안전운전 의무 불이행","교차로","교차로내","화물차","소형","보행자","보행자","1089079","1710773","128.48083516","35.38866966"
"2016","2016-10-24 17:00","51","주간","월","1","1","0","0","0","부산","금정구","차대사람","보도통행중","보도통행중","운전자법규위반","기타(운전자법규위반)","단일로","기타단일로","승용차","경형","보행자","보행자","1144508","1697692","129.08857993","35.26430845"
"2016","2016-10-21 18:00","28","야간","금","1","3","1","1","0","전북","정읍시","차대차","추돌","진행중 추돌","운전자법규위반","안전운전 의무 불이행","단일로","기타단일로","화물차","소형","농기계","농기계","943024","1743299","126.86944851","35.68488739"
"2016","2016-10-06 20:00","11","야간","목","1","1","0","0","0","경북","울릉군","차량단독","전도전복","전도전복","운전자법규위반","안전운전 의무 불이행","교차로","교차로부근","이륜차","사발이","","","1296967","1953740","130.86080948","37.53518822"
"2016","2016-09-14 05:00","05","야간","수","1","1","0","0","0","대구","수성구","차량단독","전도전복","전도전복","운전자법규위반","안전운전 의무 불이행","교차로","교차로내","승용차","소형","","","1103671","1763892","128.62706408","35.86674161"
"2016","2016-09-13 19:00","20","야간","화","1","1","0","0","0","경북","영주시","차대사람","횡단중","횡단중","운전자법규위반","안전운전 의무 불이행","단일로","기타단일로","승용차","경형","보행자","보행자","1099154","1870422","128.61185307","36.82681177"
"2016","2016-09-14 04:00","40","야간","수","1","1","0","0","0","제주","제주시","차량단독","공작물충돌","공작물충돌","운전자법규위반","안전운전 의무 불이행","단일로","기타단일로","이륜차","소형","","","903134","1500427","126.45722566","33.49128376"
"2016","2016-10-17 18:00","45","야간","월","1","1","0","0","0","경북","영천시","차대사람","횡단중","횡단중","운전자법규위반","보행자 보호의무 위반","교차로","교차로부근","원동기장치자전거","원동기장치자전거","보행자","보행자","1130429","1793740","128.94952981","36.13193434"
"2016","2016-10-18 20:00","05","야간","화","1","1","0","0","0","광주","광산구","차대사람","횡단중","횡단중","운전자법규위반","안전운전 의무 불이행","교차로","교차로부근","승용차","중형","보행자","보행자","936985","1685274","126.808087","35.16075032"
"2016","2016-10-18 13:00","45","주간","화","1","1","0","0","0","전북","진안군","차대사람","횡단중","횡단중","운전자법규위반","안전운전 의무 불이행","단일로","기타단일로","화물차","중형","보행자","보행자","988335","1748494","127.37100636","35.73269742"
"2016","2016-10-19 12:00","40","주간","수","1","1","0","0","0","전남","여수시","차량단독","전도전복","전도전복","운전자법규위반","안전운전 의무 불이행","단일로","기타단일로","농기계","농기계","","","1005080","1646090","127.55554172","34.80937324"
"2016","2016-10-21 06:00","05","주간","금","1","1","0","0","0","경남","창원시(통합)","차량단독","전도전복","전도전복","운전자법규위반","안전운전 의무 불이행","단일로","기타단일로","승용차","중형","","","1112526","1681511","128.73495007","35.1225025"
"2016","2016-10-19 10:00","00","주간","수","1","2","1","0","0","충북","청주시","차대차","측면직각충돌","측면직각충돌","운전자법규위반","중앙선 침범","단일로","기타단일로","화물차","소형","승용차","대형","999421","1852024","127.49352085","36.66615589"
"2016","2016-10-14 20:00","05","야간","금","1","1","0","0","0","경북","영천시","차대사람","횡단중","횡단중","운전자법규위반","보행자 보호의무 위반","단일로","횡단보도상","승용차","중형","보행자","보행자","1138728","1779368","129.03920619","36.00125408"
"2016","2016-10-14 18:00","25","야간","금","1","4","0","3","0","경기","김포시","차대차","기타","기타","운전자법규위반","안전운전 의무 불이행","단일로","기타단일로","승용차","소형","원동기장치자전거","원동기장치자전거","937356","1954570","126.79044527","37.58839693"
"2016","2016-10-27 00:00","14","야간","목","1","1","0","0","0","강원","원주시","차대사람","횡단중","횡단중","운전자법규위반","안전운전 의무 불이행","단일로","기타단일로","승용차","경형","보행자","보행자","1031676","1907028","127.85676097","37.16145595"
"2016","2016-10-22 16:00","45","주간","토","1","2","0","1","0","경기","광명시","차대차","측면직각충돌","측면직각충돌","운전자법규위반","신호위반","교차로","교차로내","승용차","중형","원동기장치자전거","원동기장치자전거","946008","1939223","126.88956697","37.45062095"
"2016","2016-10-05 17:00","50","주간","수","1","2","1","0","0","충북","진천군","차대차","정면충돌","정면충돌","운전자법규위반","중앙선 침범","교차로","교차로부근","원동기장치자전거","원동기장치자전거","화물차","경형","999439","1877990","127.49370315","36.90023314"
"2016","2016-10-06 06:00","14","주간","목","1","1","0","0","0","강원","속초시","차대차","측면직각충돌","측면직각충돌","운전자법규위반","안전운전 의무 불이행","교차로","교차로내","자전거","자전거","승용차","중형","1095094","2023657","128.58617057","38.20818936"
"2016","2016-10-06 19:00","45","야간","목","1","4","0","3","0","전남","장흥군","차대차","추돌","진행중 추돌","운전자법규위반","안전운전 의무 불이행","단일로","기타단일로","화물차","소형","화물차","소형","948714","1620215","126.94085224","34.57476711"
"2016","2016-10-02 03:00","50","야간","일","1","3","2","0","0","경기","김포시","차대차","측면직각충돌","측면직각충돌","운전자법규위반","신호위반","교차로","교차로내","이륜차","소형","승용차","소형","931317","1955432","126.72213878","37.59549445"
"2016","2016-10-02 18:00","35","야간","일","1","1","0","0","0","경남","창녕군","차량단독","기타","기타","운전자법규위반","안전운전 의무 불이행","단일로","기타단일로","이륜차","소형","","","1092037","1715006","128.51387861","35.42656313"
"2016","2016-10-04 20:00","00","야간","화","1","1","0","0","0","전남","완도군","차량단독","전도전복","전도전복","운전자법규위반","안전운전 의무 불이행","단일로","기타단일로","농기계","농기계","","","944415","1576910","126.89679115","34.18402507"
"2016","2016-10-04 19:00","00","야간","화","1","1","0","0","0","경기","부천시","차대차","정면충돌","정면충돌","운전자법규위반","신호위반","교차로","교차로내","승용차","중형","이륜차","대형","937402","1945250","126.79176146","37.50439979"
"2016","2016-10-05 14:00","20","주간","수","1","2","1","0","0","제주","제주시","차대차","측면직각충돌","측면직각충돌","운전자법규위반","직진 및 우회전차의 통행방해","교차로","교차로내","승용차","소형","화물차","소형","906340","1499552","126.49178654","33.48373669"
"2016","2016-10-05 13:00","05","주간","수","1","4","2","1","0","충남","당진시","차대차","추돌","진행중 추돌","운전자법규위반","안전운전 의무 불이행","단일로","기타단일로","승용차","경형","화물차","대형","936131","1885025","126.78254473","36.96148304"
"2016","2016-10-06 17:00","30","주간","목","1","1","0","0","0","전북","전주시","차대차","측면직각충돌","측면직각충돌","운전자법규위반","안전운전 의무 불이행","단일로","횡단보도상","승합차","중형","자전거","자전거","966977","1760043","127.13435214","35.8363392"
"2016","2016-10-06 21:00","16","야간","목","1","1","0","0","0","경남","고성군","차대사람","횡단중","횡단중","운전자법규위반","과속","단일로","기타단일로","승용차","중형","보행자","보행자","1074296","1664452","128.31390372","34.97223954"
"2016","2016-10-07 09:00","58","주간","금","1","1","0","0","0","제주","제주시","차대사람","횡단중","횡단중","운전자법규위반","안전운전 의무 불이행","단일로","기타단일로","승합차","경형","보행자","보행자","908662","1502577","126.5164391","33.51122038"
"2016","2016-09-20 09:00","30","주간","화","1","1","0","0","0","경북","안동시","차량단독","전도전복","전도전복","운전자법규위반","안전운전 의무 불이행","단일로","기타단일로","이륜차","사발이","","","1111500","1849662","128.74723493","36.63833331"
"2016","2016-09-17 09:00","35","주간","토","1","1","0","0","0","경기","수원시","차대차","기타","기타","운전자법규위반","신호위반","단일로","기타단일로","승합차","중형","자전거","자전거","957144","1919845","127.01658762","37.27653956"
"2016","2016-09-18 10:00","43","주간","일","1","2","0","1","0","강원","원주시","차대차","추돌","진행중 추돌","운전자법규위반","안전운전 의무 불이행","단일로","기타단일로","화물차","소형","이륜차","소형","1039625","1931812","127.94762118","37.3847618"
"2016","2016-09-18 21:00","01","야간","일","1","1","0","0","0","인천","서구","차대사람","기타","기타","운전자법규위반","안전운전 의무 불이행","단일로","기타단일로","승용차","소형","보행자","보행자","924756","1946638","126.64928964","37.5227023"
"2016","2016-09-16 00:00","02","야간","금","1","1","0","0","0","경남","고성군","차대사람","횡단중","횡단중","운전자법규위반","안전운전 의무 불이행","단일로","횡단보도부근","승용차","대형","보행자","보행자","1078681","1673129","128.36275736","35.05014341"
"2016","2016-09-23 11:00","30","주간","금","1","1","0","0","0","경남","김해시","차대차","추돌","진행중 추돌","운전자법규위반","안전운전 의무 불이행","단일로","기타단일로","건설기계","건설기계","이륜차","소형","1111606","1701944","128.72762581","35.30680947"
"2016","2016-09-22 21:00","50","야간","목","1","1","0","0","0","경기","부천시","차대사람","횡단중","횡단중","운전자법규위반","안전운전 의무 불이행","교차로","교차로부근","승용차","대형","보행자","보행자","936782","1944047","126.78485065","37.49351493"
"2016","2016-09-24 17:00","51","주간","토","1","1","0","0","0","전북","부안군","차량단독","전도전복","전도전복","운전자법규위반","안전운전 의무 불이행","단일로","기타단일로","자전거","자전거","","","908202","1738390","126.48610478","35.63739746"
"2016","2016-09-27 08:00","43","주간","화","1","1","0","0","0","전남","나주시","차대차","측면직각충돌","측면직각충돌","운전자법규위반","안전운전 의무 불이행","교차로","교차로부근","원동기장치자전거","원동기장치자전거","승합차","대형","928192","1667666","126.71307243","35.00139853"
"2016","2016-09-23 22:00","05","야간","금","1","3","0","2","0","광주","동구","차대사람","횡단중","횡단중","운전자법규위반","안전운전 의무 불이행","단일로","기타단일로","승용차","중형","보행자","보행자","946824","1683984","126.91619816","35.14968754"
"2016","2016-09-23 00:00","50","야간","금","1","1","0","0","0","부산","영도구","차대사람","횡단중","횡단중","운전자법규위반","안전운전 의무 불이행","단일로","기타단일로","승용차","중형","보행자","보행자","1140758","1678634","129.04421113","35.09301694"
"2016","2016-09-05 10:00","00","주간","월","1","1","0","0","0","서울","중구","차대사람","횡단중","횡단중","운전자법규위반","안전운전 의무 불이행","단일로","기타단일로","건설기계","건설기계","보행자","보행자","953770","1951742","126.9765331","37.56387887"
"2016","2016-09-02 17:00","45","주간","금","1","1","0","0","0","경북","포항시","차량단독","전도전복","전도전복","운전자법규위반","안전운전 의무 불이행","단일로","기타단일로","화물차","소형","","","1164963","1780706","129.33044297","36.00922392"
"2016","2016-09-03 23:00","35","야간","토","2","2","0","0","0","경남","함양군","차량단독","전도전복","전도전복","운전자법규위반","안전운전 의무 불이행","단일로","기타단일로","이륜차","소형","","","1021187","1723904","127.73364318","35.51082427"
"2016","2016-09-05 11:00","55","주간","월","1","1","0","0","0","경북","고령군","차대차","측면직각충돌","측면직각충돌","운전자법규위반","안전운전 의무 불이행","단일로","기타단일로","승용차","대형","자전거","자전거","1084069","1746153","128.42935107","35.70807108"
"2016","2016-10-10 08:00","40","주간","월","1","1","0","0","0","경기","수원시","차대사람","횡단중","횡단중","운전자법규위반","보행자 보호의무 위반","교차로","교차로내","화물차","소형","보행자","보행자","957296","1920581","127.01825983","37.28318062"
"2016","2016-10-10 09:00","20","주간","월","1","1","0","0","0","충남","부여군","차대차","측면직각충돌","측면직각충돌","운전자법규위반","과속","단일로","기타단일로","승용차","중형","자전거","자전거","946127","1808927","126.90016402","36.27612233"
"2016","2016-10-10 09:00","20","주간","월","1","3","2","0","0","광주","동구","차대차","기타","기타","운전자법규위반","과속","교차로","교차로부근","화물차","중형","승용차","중형","948908","1678726","126.93940169","35.10238517"
"2016","2016-10-09 15:00","58","주간","일","1","1","0","0","0","전남","광양시","차대차","측면직각충돌","측면직각충돌","운전자법규위반","신호위반","교차로","교차로내","원동기장치자전거","원동기장치자전거","화물차","경형","1020082","1669294","127.7201219","35.01842999"
"2016","2016-10-13 05:00","00","야간","목","1","1","0","0","0","부산","중구","차대사람","기타","기타","운전자법규위반","안전운전 의무 불이행","단일로","횡단보도상","승용차","경형","보행자","보행자","1139604","1679595","129.03171704","35.10184002"
"2016","2016-11-25 05:00","23","야간","금","1","1","0","0","0","부산","동구","차대사람","횡단중","횡단중","운전자법규위반","신호위반","교차로","교차로부근","건설기계","건설기계","보행자","보행자","1140548","1681846","129.04248072","35.12204308"
"2016","2016-10-21 12:00","05","주간","금","2","2","0","0","0","전남","여수시","차대차","측면직각충돌","측면직각충돌","운전자법규위반","신호위반","교차로","교차로내","이륜차","중형","화물차","중형","1013587","1642779","127.6484985","34.77943759"
"2016","2016-10-19 06:00","15","주간","수","2","2","0","0","0","충남","논산시","차대차","측면직각충돌","측면직각충돌","운전자법규위반","교차로 통행방법 위반","교차로","교차로내","화물차","경형","이륜차","소형","963862","1792733","127.0983712","36.13095411"
"2016","2016-10-18 12:00","00","주간","화","1","1","0","0","0","서울","광진구","차대사람","횡단중","횡단중","운전자법규위반","안전운전 의무 불이행","단일로","기타단일로","화물차","소형","보행자","보행자","963430","1948728","127.08606155","37.53714693"
"2016","2016-10-14 18:00","40","야간","금","1","1","0","0","0","충북","충주시","차대사람","횡단중","횡단중","운전자법규위반","안전운전 의무 불이행","단일로","기타단일로","승용차","경형","보행자","보행자","1039731","1886129","127.94637538","36.97276344"
"2016","2016-10-27 18:00","10","야간","목","1","1","0","0","0","전남","해남군","차대사람","횡단중","횡단중","운전자법규위반","안전운전 의무 불이행","단일로","기타단일로","승용차","대형","보행자","보행자","909937","1596938","126.52058231","34.36221205"
"2016","2016-10-28 08:00","15","주간","금","1","2","1","0","0","경북","고령군","차량단독","기타","기타","운전자법규위반","안전운전 의무 불이행","단일로","기타단일로","화물차","소형","","","1067526","1744020","128.24631083","35.69011388"
"2016","2016-09-30 14:00","45","주간","금","1","1","0","0","0","서울","금천구","차대차","측면직각충돌","측면직각충돌","운전자법규위반","안전거리 미확보","단일로","기타단일로","이륜차","소형","승합차","대형","946756","1941211","126.89795958","37.46878224"
"2016","2016-09-30 20:00","10","야간","금","1","1","0","0","0","전북","전주시","차대차","기타","기타","운전자법규위반","안전운전 의무 불이행","교차로","교차로내","승용차","중형","승용차","중형","970298","1759101","127.17115845","35.82795234"
"2016","2016-10-05 09:00","12","주간","수","1","1","0","0","0","서울","광진구","차대사람","횡단중","횡단중","운전자법규위반","보행자 보호의무 위반","교차로","교차로내","화물차","중형","보행자","보행자","962319","1948626","127.07349161","37.53618281"
"2016","2016-09-30 04:00","00","야간","금","1","1","0","0","0","경기","광주시","차량단독","전도전복","전도전복","운전자법규위반","안전운전 의무 불이행","교차로","교차로내","원동기장치자전거","원동기장치자전거","","","981224","1932301","127.28788994","37.38961376"
"2016","2016-09-19 09:00","45","주간","월","1","1","0","0","0","경기","고양시","차대차","기타","기타","운전자법규위반","안전운전 의무 불이행","교차로","교차로내","건설기계","건설기계","자전거","자전거","933253","1963964","126.7431169","37.67277353"
"2016","2016-09-20 22:00","20","야간","화","1","1","0","0","0","울산","중구","차대차","측면직각충돌","측면직각충돌","운전자법규위반","신호위반","교차로","교차로내","승용차","중형","자전거","자전거","1165121","1730048","129.32174679","35.55268362"
"2016","2016-09-29 11:00","30","주간","목","1","1","0","0","0","경기","수원시","차대사람","횡단중","횡단중","운전자법규위반","보행자 보호의무 위반","교차로","교차로내","승합차","대형","보행자","보행자","959636","1918475","127.0447707","37.2643022"
"2016","2016-09-22 20:00","05","야간","목","1","1","0","0","0","인천","서구","차대차","정면충돌","정면충돌","운전자법규위반","중앙선 침범","단일로","기타단일로","화물차","소형","승용차","소형","927536","1946973","126.67997665","37.51920675"
"2016","2016-09-22 19:00","10","야간","목","1","1","0","0","0","전북","군산시","차대차","측면직각충돌","측면직각충돌","운전자법규위반","안전운전 의무 불이행","단일로","기타단일로","승용차","경형","자전거","자전거","939051","1779035","126.8236996","36.00622187"
"2016","2016-09-28 14:00","05","주간","수","1","1","0","0","0","충남","논산시","차량단독","공작물충돌","공작물충돌","운전자법규위반","안전운전 의무 불이행","단일로","기타단일로","화물차","소형","","","964085","1787053","127.10110849","36.07975397"
"2016","2016-09-01 08:00","30","주간","목","1","1","0","0","0","전남","담양군","차량단독","전도전복","전도전복","운전자법규위반","안전운전 의무 불이행","기타/불명","기타/불명","승용차","중형","","","943610","1699502","126.87985106","35.28943177"
"2016","2016-09-01 09:00","50","주간","목","1","4","0","3","0","광주","광산구","차대차","측면직각충돌","측면직각충돌","운전자법규위반","안전운전 의무 불이행","단일로","교량위","화물차","소형","화물차","소형","933854","1678320","126.77609949","35.07113797"
"2016","2016-09-05 08:00","45","주간","월","1","1","0","0","0","전북","전주시","차대차","측면직각충돌","측면직각충돌","운전자법규위반","안전거리 미확보","단일로","기타단일로","이륜차","소형","승용차","경형","960104","1758859","127.06247941","35.82509848"