"발생년","발생년월일시","발생분","주야","요일","사망자수","사상자수","중상자수","경상자수","부상신고자수","발생지시도","발생지시군구","사고유형_대분류","사고유형_중분류","사고유형","법규위반_대분류","법규위반","도로형태_대분류","도로형태","당사자종별_1당_대분류","당사자종별_1당","당사자종별_2당_대분류","당사자종별_2당","발생위치X_UTMK","발생위치Y_UTMK","경도","위도"
"2016","2016-09-06 11:00","37","주간","화","1","1","0","0","0","충북","청주시","차대사람","기타","기타","운전자법규위반","부당한 회전","단일로","기타단일로","화물차","소형","보행자","보행자","994142","1847743","127.43448026","36.62754498"
"2016","2016-08-31 06:00","15","주간","수","1","2","0","0","1","경기","가평군","차대차","추돌","진행중 추돌","운전자법규위반","안전운전 의무 불이행","교차로","교차로부근","화물차","소형","화물차","중형","993067","1971149","127.42131112","37.73993679"
"2016","2016-09-04 15:00","40","주간","일","3","6","1","2","0","충남","아산시","차대차","정면충돌","정면충돌","운전자법규위반","중앙선 침범","단일로","기타단일로","승용차","중형","승합차","대형","949466","1869598","126.93336116","36.82323232"
"2016","2016-09-05 00:00","22","야간","월","1","1","0","0","0","광주","광산구","차대사람","횡단중","횡단중","운전자법규위반","안전운전 의무 불이행","단일로","기타단일로","승용차","경형","보행자","보행자","937167","1685346","126.81007977","35.1614109"
"2016","2016-09-05 11:00","50","주간","월","1","1","0","0","0","대구","남구","차대사람","횡단중","횡단중","운전자법규위반","안전운전 의무 불이행","단일로","기타단일로","화물차","중형","보행자","보행자","1098482","1761654","128.59064932","35.84888869"
"2016","2016-09-02 07:00","20","주간","금","1","1","0","0","0","대구","북구","차대사람","횡단중","횡단중","운전자법규위반","안전운전 의무 불이행","교차로","교차로내","승용차","중형","보행자","보행자","1098889","1765324","128.59552567","35.87951369"
"2016","2016-10-10 00:00","20","야간","월","1","1","0","0","0","경북","구미시","차대사람","횡단중","횡단중","운전자법규위반","안전운전 의무 불이행","교차로","교차로부근","승용차","중형","보행자","보행자","1076361","1794850","128.34883031","36.14770548"
"2016","2016-10-11 00:00","45","야간","화","1","1","0","0","0","충북","충주시","차대사람","차도통행중","차도통행중","운전자법규위반","안전운전 의무 불이행","단일로","기타단일로","승용차","중형","보행자","보행자","1025000","1886938","127.77568263","36.97254239"
"2016","2016-10-10 06:00","08","주간","월","1","1","0","0","0","충북","제천시","차대사람","횡단중","횡단중","운전자법규위반","안전운전 의무 불이행","기타/불명","기타/불명","화물차","소형","보행자","보행자","1064074","1906147","128.2215585","37.15185496"
"2016","2016-10-21 23:00","47","야간","금","1","1","0","0","0","대전","서구","차대차","측면직각충돌","측면직각충돌","운전자법규위반","신호위반","교차로","교차로내","승용차","중형","이륜차","소형","990589","1816842","127.39511743","36.34893806"
"2016","2016-10-14 16:00","05","주간","금","1","1","0","0","0","경남","진주시","차대사람","횡단중","횡단중","운전자법규위반","보행자 보호의무 위반","교차로","교차로내","승용차","대형","보행자","보행자","1053036","1688819","128.08257579","35.19329077"
"2016","2016-10-20 21:00","34","야간","목","1","1","0","0","0","서울","중구","차대사람","횡단중","횡단중","운전자법규위반","안전운전 의무 불이행","교차로","교차로부근","승용차","중형","보행자","보행자","956561","1951079","127.00817406","37.55803898"
"2016","2016-10-20 18:00","00","야간","목","1","1","0","0","0","충북","충주시","차대차","측면직각충돌","측면직각충돌","운전자법규위반","안전운전 의무 불이행","교차로","교차로부근","화물차","소형","자전거","자전거","1039660","1887749","127.94566288","36.98736941"
"2016","2016-10-20 15:00","35","주간","목","1","2","0","1","0","전남","신안군","차대차","측면직각충돌","측면직각충돌","운전자법규위반","안전운전 의무 불이행","교차로","교차로내","농기계","농기계","화물차","대형","876511","1644893","126.15018587","34.79110627"
"2016","2016-10-19 21:00","50","야간","수","1","1","0","0","0","경남","남해군","차대사람","횡단중","횡단중","운전자법규위반","안전운전 의무 불이행","단일로","기타단일로","승용차","경형","보행자","보행자","1046813","1652203","128.01215801","34.86343251"
"2016","2016-10-16 04:00","30","야간","일","1","2","1","0","0","경북","성주군","차량단독","공작물충돌","공작물충돌","운전자법규위반","안전운전 의무 불이행","단일로","기타단일로","승용차","소형","","","1072831","1771751","128.3074652","35.93974019"
"2016","2016-10-28 05:00","59","야간","금","1","2","1","0","0","경기","안성시","차대차","기타","기타","운전자법규위반","중앙선 침범","단일로","기타단일로","승용차","소형","승용차","중형","976671","1889280","127.23780026","37.00171746"
"2016","2016-10-28 20:00","35","야간","금","1","1","0","0","0","서울","중랑구","차대사람","횡단중","횡단중","운전자법규위반","보행자 보호의무 위반","교차로","교차로부근","승용차","중형","보행자","보행자","962884","1955045","127.07956161","37.59406226"
"2016","2016-10-24 16:00","25","주간","월","1","2","0","1","0","경기","파주시","차대차","정면충돌","정면충돌","운전자법규위반","중앙선 침범","단일로","기타단일로","원동기장치자전거","원동기장치자전거","화물차","중형","940188","1985492","126.81997695","37.86727559"
"2016","2016-10-07 22:00","15","야간","금","1","1","0","0","0","경기","하남시","차대사람","횡단중","횡단중","운전자법규위반","안전운전 의무 불이행","단일로","기타단일로","승용차","중형","보행자","보행자","972365","1951989","127.18707298","37.56685099"
"2016","2016-10-02 21:00","59","야간","일","1","1","0","0","0","전북","전주시","차대사람","기타","기타","운전자법규위반","안전운전 의무 불이행","단일로","기타단일로","승용차","대형","보행자","보행자","965653","1757371","127.11967126","35.81241348"
"2016","2016-10-02 14:00","47","주간","일","1","1","0","0","0","충북","괴산군","차량단독","전도전복","전도전복","운전자법규위반","안전운전 의무 불이행","교차로","교차로부근","이륜차","대형","","","1044628","1862314","127.99999033","36.75786854"
"2016","2016-10-05 12:00","35","주간","수","1","1","0","0","0","서울","노원구","차대사람","횡단중","횡단중","운전자법규위반","안전운전 의무 불이행","교차로","교차로부근","화물차","중형","보행자","보행자","960635","1964394","127.05358247","37.67823303"
"2016","2016-11-14 05:00","53","야간","월","1","1","0","0","0","서울","동대문구","차대사람","횡단중","횡단중","운전자법규위반","안전운전 의무 불이행","단일로","기타단일로","승용차","경형","보행자","보행자","960648","1953780","127.05430157","37.58256755"
"2016","2016-10-07 13:00","30","주간","금","1","1","0","0","0","경기","광명시","차대차","측면직각충돌","측면직각충돌","운전자법규위반","중앙선 침범","단일로","기타단일로","화물차","소형","이륜차","소형","944744","1933807","126.87568246","37.40173055"
"2016","2016-10-26 11:00","55","주간","수","1","1","0","0","0","전남","광양시","차량단독","전도전복","전도전복","운전자법규위반","안전운전 의무 불이행","교차로","교차로부근","원동기장치자전거","원동기장치자전거","","","1023417","1660913","127.75644133","34.94278352"
"2016","2016-10-27 06:00","10","주간","목","1","1","0","0","0","경기","평택시","차대사람","기타","기타","운전자법규위반","안전운전 의무 불이행","단일로","기타단일로","건설기계","건설기계","보행자","보행자","942647","1884775","126.85575501","36.95964924"
"2016","2016-09-22 11:00","30","주간","목","1","1","0","0","0","전남","영광군","차대차","측면직각충돌","측면직각충돌","운전자법규위반","안전운전 의무 불이행","교차로","교차로내","자전거","자전거","화물차","소형","904581","1694538","126.45125758","35.24171688"
"2016","2016-09-19 05:00","35","야간","월","1","1","0","0","0","대전","대덕구","차대사람","횡단중","횡단중","운전자법규위반","안전운전 의무 불이행","단일로","기타단일로","승용차","경형","보행자","보행자","994737","1816843","127.44134552","36.34897871"
"2016","2016-09-13 09:00","40","주간","화","1","3","0","2","0","경북","경산시","차대차","기타","기타","운전자법규위반","교차로 통행방법 위반","교차로","교차로내","승용차","경형","승용차","경형","1120395","1765421","128.83373828","35.87797915"
"2016","2016-09-14 00:00","46","야간","수","1","1","0","0","0","충북","청주시","차대사람","기타","기타","운전자법규위반","과속","단일로","기타단일로","승용차","중형","보행자","보행자","995430","1849547","127.44887535","36.64381505"
"2016","2016-09-19 12:00","00","주간","월","1","1","0","0","0","경기","광주시","차대차","측면직각충돌","측면직각충돌","운전자법규위반","교차로 통행방법 위반","교차로","교차로내","승합차","중형","이륜차","소형","978409","1933910","127.25604249","37.40405556"
"2016","2016-09-19 17:00","00","주간","월","1","1","0","0","0","경기","부천시","차대차","기타","기타","운전자법규위반","안전운전 의무 불이행","단일로","기타단일로","자전거","자전거","승용차","중형","938316","1947154","126.801942","37.52162204"
"2016","2016-09-23 18:00","37","야간","금","1","3","2","0","0","경북","안동시","차대차","기타","기타","운전자법규위반","직진 및 우회전차의 통행방해","교차로","교차로내","승용차","대형","농기계","농기계","1127288","1825026","128.91972882","36.41432506"
"2016","2016-09-26 11:00","08","주간","월","1","2","1","0","0","전북","군산시","차대사람","횡단중","횡단중","운전자법규위반","안전운전 의무 불이행","교차로","교차로내","승용차","경형","보행자","보행자","929650","1776169","126.71955845","35.97997498"
"2016","2016-09-25 09:00","50","주간","일","1","1","0","0","0","울산","남구","차량단독","전도전복","전도전복","운전자법규위반","안전운전 의무 불이행","단일로","기타단일로","자전거","자전거","","","1162666","1729140","129.29449084","35.54490669"
"2016","2016-09-22 17:00","50","주간","목","1","1","0","0","0","서울","서초구","차대사람","기타","기타","운전자법규위반","안전운전 의무 불이행","단일로","기타단일로","승합차","대형","보행자","보행자","957592","1943543","127.02028201","37.4901627"
"2016","2016-08-29 15:00","30","주간","월","1","1","0","0","0","경기","남양주시","차량단독","전도전복","전도전복","운전자법규위반","안전운전 의무 불이행","단일로","기타단일로","자전거","자전거","","","971870","1972300","127.18068479","37.74990482"
"2016","2016-08-30 19:00","00","야간","화","1","1","0","0","0","전남","여수시","차대차","추돌","진행중 추돌","운전자법규위반","안전운전 의무 불이행","단일로","기타단일로","승합차","대형","자전거","자전거","1011130","1636927","127.62156753","34.72669529"
"2016","2016-08-31 17:00","15","주간","수","1","1","0","0","0","경북","문경시","차량단독","전도전복","전도전복","운전자법규위반","안전운전 의무 불이행","단일로","기타단일로","승용차","경형","","","1044451","1842600","127.99686357","36.58016319"
"2016","2016-09-01 22:00","20","야간","목","1","3","0","2","0","경남","창녕군","차대차","추돌","진행중 추돌","운전자법규위반","안전운전 의무 불이행","단일로","교량위","승용차","중형","승용차","경형","1091858","1721461","128.51263601","35.48477375"
"2016","2016-10-10 18:00","55","야간","월","1","1","0","0","0","인천","남구","차대사람","횡단중","횡단중","운전자법규위반","기타(운전자법규위반)","교차로","교차로부근","화물차","소형","보행자","보행자","924596","1937749","126.64765486","37.43583794"
"2016","2016-10-10 19:00","30","야간","월","1","1","0","0","0","경기","화성시","차대사람","횡단중","횡단중","운전자법규위반","안전운전 의무 불이행","단일로","기타단일로","승용차","중형","보행자","보행자","959006","1911742","127.03803616","37.20358489"
"2016","2016-10-11 11:00","55","주간","화","1","4","1","2","0","인천","강화군","차대차","정면충돌","정면충돌","운전자법규위반","중앙선 침범","단일로","기타단일로","승용차","경형","승용차","경형","913654","1961305","126.52121349","37.64717488"
"2016","2016-10-12 03:00","17","야간","수","1","1","0","0","0","경기","안양시","차대사람","횡단중","횡단중","운전자법규위반","안전운전 의무 불이행","교차로","교차로부근","화물차","소형","보행자","보행자","947403","1936406","126.90553891","37.42531096"
"2016","2016-10-15 12:00","10","주간","토","1","1","0","0","0","충남","천안시","차량단독","전도전복","전도전복","운전자법규위반","안전운전 의무 불이행","단일로","기타단일로","이륜차","소형","","","965610","1873573","127.11419963","36.85978967"
"2016","2016-10-16 13:00","33","주간","일","1","1","0","0","0","대구","달성군","차량단독","전도전복","전도전복","운전자법규위반","안전운전 의무 불이행","단일로","기타단일로","화물차","소형","","","1085327","1741858","128.4426286","35.66910787"
"2016","2016-10-23 20:00","44","야간","일","1","1","0","0","0","경기","의정부시","차대사람","기타","기타","운전자법규위반","안전운전 의무 불이행","단일로","횡단보도부근","승합차","대형","보행자","보행자","959835","1972863","127.04404279","37.75452986"
"2016","2016-10-25 18:00","15","야간","화","1","1","0","0","0","경북","영천시","차대사람","횡단중","횡단중","운전자법규위반","보행자 보호의무 위반","단일로","횡단보도상","화물차","소형","보행자","보행자","1128897","1775305","128.9295008","35.96598357"
"2016","2016-10-03 21:00","28","야간","월","1","1","0","0","0","전북","진안군","차대차","추돌","진행중 추돌","운전자법규위반","안전운전 의무 불이행","단일로","기타단일로","승용차","중형","농기계","농기계","990926","1744405","127.39970425","35.69585683"
"2016","2016-10-06 00:00","10","야간","목","1","1","0","0","0","충북","제천시","차대사람","기타","기타","운전자법규위반","안전운전 의무 불이행","단일로","기타단일로","승용차","중형","보행자","보행자","1063559","1903678","128.21554968","37.12963577"
"2016","2016-10-06 10:00","05","주간","목","1","1","0","0","0","대구","북구","차대차","측면직각충돌","측면직각충돌","운전자법규위반","안전운전 의무 불이행","교차로","교차로내","승용차","중형","자전거","자전거","1099202","1769945","128.59956498","35.92095021"
"2016","2016-10-25 01:00","45","야간","화","1","1","0","0","0","경기","수원시","차대사람","차도통행중","차도통행중","운전자법규위반","안전운전 의무 불이행","단일로","기타단일로","승용차","중형","보행자","보행자","957615","1921417","127.02181064","37.29073065"
"2016","2016-10-24 18:00","20","야간","월","1","1","0","0","0","경기","시흥시","차대사람","횡단중","횡단중","운전자법규위반","신호위반","교차로","교차로내","화물차","소형","보행자","보행자","940996","1939623","126.83287269","37.45391995"
"2016","2016-10-26 05:00","25","야간","수","1","4","2","1","0","대구","북구","차대차","정면충돌","정면충돌","운전자법규위반","중앙선 침범","단일로","기타단일로","승용차","소형","승용차","중형","1094559","1768432","128.54793304","35.90795893"
"2016","2016-10-27 21:00","46","야간","목","1","1","0","0","0","강원","양양군","차대사람","횡단중","횡단중","운전자법규위반","안전운전 의무 불이행","교차로","교차로내","승용차","중형","보행자","보행자","1105885","2004139","128.70650443","38.03111339"
"2016","2016-10-26 10:00","45","주간","수","1","1","0","0","0","경기","고양시","차량단독","공작물충돌","공작물충돌","운전자법규위반","안전운전 의무 불이행","교차로","교차로부근","이륜차","소형","","","944530","1956974","126.87151657","37.6105246"
"2016","2016-10-27 09:00","30","주간","목","1","1","0","0","0","경기","안양시","차대사람","횡단중","횡단중","운전자법규위반","안전운전 의무 불이행","단일로","기타단일로","승합차","소형","보행자","보행자","947893","1934462","126.9112139","37.4078168"
"2016","2016-10-28 02:00","05","야간","금","1","1","0","0","0","부산","진구","차대사람","횡단중","횡단중","운전자법규위반","안전운전 의무 불이행","단일로","기타단일로","승용차","중형","보행자","보행자","1142578","1686773","129.06582684","35.16597386"
"2016","2016-10-27 23:00","35","야간","목","1","1","0","0","0","경남","창원시(통합)","차대차","측면직각충돌","측면직각충돌","운전자법규위반","신호위반","교차로","교차로내","승용차","중형","이륜차","소형","1091399","1693691","128.50447095","35.23445536"
"2016","2016-09-14 21:00","20","야간","수","1","1","0","0","0","경남","하동군","차대사람","횡단중","횡단중","운전자법규위반","안전운전 의무 불이행","단일로","횡단보도부근","승용차","경형","보행자","보행자","1027061","1677267","127.79687909","35.09016159"
"2016","2016-09-20 07:00","45","주간","화","1","1","0","0","0","전남","장성군","차대차","측면직각충돌","측면직각충돌","운전자법규위반","신호위반","교차로","교차로내","화물차","대형","승용차","소형","933875","1701094","126.77266912","35.30318944"
"2016","2016-09-29 04:00","35","야간","목","1","1","0","0","0","경기","의정부시","차대사람","횡단중","횡단중","운전자법규위반","신호위반","교차로","교차로내","승용차","중형","보행자","보행자","959137","1972744","127.03612596","37.75342639"
"2016","2016-09-24 21:00","00","야간","토","1","1","0","0","0","대구","동구","차대사람","횡단중","횡단중","운전자법규위반","신호위반","단일로","횡단보도부근","화물차","소형","보행자","보행자","1107781","1764794","128.69353087","35.87379074"
"2016","2016-08-30 10:00","30","주간","화","1","2","1","0","0","경북","상주시","차대차","추돌","진행중 추돌","운전자법규위반","안전운전 의무 불이행","단일로","기타단일로","승용차","중형","농기계","농기계","1056974","1824476","128.1354995","36.41611634"
"2016","2016-09-20 14:00","55","주간","화","1","1","0","0","0","서울","금천구","차대사람","기타","기타","운전자법규위반","안전운전 의무 불이행","교차로","교차로부근","승용차","중형","보행자","보행자","947157","1940990","126.90243018","37.46661373"
"2016","2016-09-01 21:00","00","야간","목","1","2","0","0","1","서울","동대문구","차대차","추돌","진행중 추돌","운전자법규위반","안전거리 미확보","단일로","기타단일로","자전거","자전거","자전거","자전거","958300","1953007","127.02775308","37.57549691"
"2016","2016-09-05 17:00","35","주간","월","1","2","1","0","0","충북","영동군","차대차","정면충돌","정면충돌","운전자법규위반","중앙선 침범","단일로","기타단일로","화물차","소형","건설기계","건설기계","1031154","1798599","127.84647144","36.18401219"
"2016","2016-09-03 05:00","48","야간","토","1","1","0","0","0","대구","서구","차대사람","횡단중","횡단중","운전자법규위반","안전운전 의무 불이행","단일로","횡단보도상","승용차","중형","보행자","보행자","1097258","1764413","128.57770332","35.87140309"
"2016","2016-09-03 15:00","50","주간","토","1","1","0","0","0","전남","나주시","차량단독","전도전복","전도전복","운전자법규위반","안전운전 의무 불이행","단일로","기타단일로","농기계","농기계","","","942057","1664611","126.86521922","34.97474176"
"2016","2016-10-12 12:00","33","주간","수","1","1","0","0","0","전남","영암군","차대사람","횡단중","횡단중","운전자법규위반","과속","교차로","교차로부근","승용차","대형","보행자","보행자","926698","1647113","126.69850448","34.81597125"
"2016","2016-10-12 00:00","40","야간","수","1","1","0","0","0","강원","원주시","차대사람","횡단중","횡단중","운전자법규위반","안전운전 의무 불이행","단일로","횡단보도부근","승용차","경형","보행자","보행자","1035415","1928442","127.89989082","37.35434358"
"2016","2016-10-14 11:00","45","주간","금","1","4","2","1","0","경기","파주시","차대차","정면충돌","정면충돌","운전자법규위반","중앙선 침범","단일로","기타단일로","승용차","중형","화물차","경형","947022","1978727","126.8981664","37.80672811"
"2016","2016-10-09 02:00","37","야간","일","1","1","0","0","0","부산","중구","차대사람","기타","기타","운전자법규위반","중앙선 침범","단일로","기타단일로","승용차","중형","보행자","보행자","1138834","1679729","129.02241985","35.10323564"
"2016","2016-10-13 18:00","40","야간","목","1","1","0","0","0","충남","천안시","차대사람","횡단중","횡단중","운전자법규위반","안전운전 의무 불이행","단일로","기타단일로","승용차","중형","보행자","보행자","965293","1872756","127.11068083","36.85241327"
"2016","2016-10-20 04:00","00","야간","목","1","1","0","0","0","서울","서대문구","차대사람","차도통행중","차도통행중","운전자법규위반","안전운전 의무 불이행","교차로","교차로내","승용차","소형","보행자","보행자","948036","1953683","126.91147176","37.58106754"
"2016","2016-10-17 07:00","20","주간","월","1","1","0","0","0","강원","횡성군","차대차","측면직각충돌","측면직각충돌","운전자법규위반","안전운전 의무 불이행","교차로","교차로내","특수차","대형","자전거","자전거","1062356","1944664","128.20545103","37.49913456"
"2016","2016-10-18 06:00","02","주간","화","1","1","0","0","0","서울","용산구","차대사람","횡단중","횡단중","운전자법규위반","안전운전 의무 불이행","교차로","교차로내","승용차","중형","보행자","보행자","955952","1948373","127.00144152","37.53362019"
"2016","2016-10-16 19:00","15","야간","일","1","1","0","0","0","대구","동구","차대사람","횡단중","횡단중","운전자법규위반","보행자 보호의무 위반","교차로","교차로내","승용차","중형","보행자","보행자","1108766","1764690","128.70486209","35.87265796"
"2016","2016-10-22 05:00","28","야간","토","1","1","0","0","0","경북","성주군","차대사람","기타","기타","운전자법규위반","안전운전 의무 불이행","단일로","기타단일로","특수차","대형","보행자","보행자","1074295","1768685","128.32340821","35.91198955"
"2016","2016-10-23 00:00","42","야간","일","1","1","0","0","0","서울","성동구","차대사람","횡단중","횡단중","운전자법규위반","과속","단일로","기타단일로","승용차","중형","보행자","보행자","958155","1951900","127.02521173","37.56498241"
"2016","2016-10-27 18:00","03","야간","목","1","1","0","0","0","전북","김제시","차대사람","횡단중","횡단중","운전자법규위반","안전운전 의무 불이행","단일로","기타단일로","승합차","소형","보행자","보행자","946154","1755469","126.90394522","35.79425898"
"2016","2016-10-22 06:00","20","주간","토","1","1","0","0","0","경북","포항시","차대사람","횡단중","횡단중","운전자법규위반","안전운전 의무 불이행","단일로","기타단일로","화물차","소형","보행자","보행자","1168329","1781292","129.36789934","36.01392873"
"2016","2016-10-22 20:00","33","야간","토","1","1","0","0","0","경북","구미시","차대사람","횡단중","횡단중","운전자법규위반","보행자 보호의무 위반","단일로","횡단보도상","승용차","경형","보행자","보행자","1074793","1793546","128.33127803","36.13607248"
"2016","2016-10-23 14:00","00","주간","일","1","1","0","0","0","광주","북구","차대차","기타","기타","운전자법규위반","안전운전 의무 불이행","단일로","기타단일로","승용차","중형","승용차","중형","948733","1685316","126.9370728","35.16179704"
"2016","2016-10-24 18:00","15","야간","월","1","1","0","0","0","경북","상주시","차대차","추돌","진행중 추돌","운전자법규위반","안전운전 의무 불이행","단일로","기타단일로","화물차","소형","농기계","농기계","1063079","1829735","128.2040196","36.46314231"
"2016","2016-10-25 07:00","45","주간","화","1","1","0","0","0","전북","익산시","차대차","측면직각충돌","측면직각충돌","운전자법규위반","직진 및 우회전차의 통행방해","교차로","교차로내","승용차","중형","승용차","대형","950543","1771827","126.95166054","35.94188883"
"2016","2016-10-27 03:00","02","야간","목","1","1","0","0","0","경기","김포시","차량단독","전도전복","전도전복","운전자법규위반","안전거리 미확보","단일로","기타단일로","이륜차","소형","","","922352","1958011","126.62014967","37.61826486"
"2016","2016-10-28 22:00","10","야간","금","1","2","0","1","0","경북","울진군","차대차","추돌","진행중 추돌","운전자법규위반","안전운전 의무 불이행","단일로","기타단일로","승용차","소형","승용차","중형","1169108","1886856","129.39963226","36.96495677"
"2016","2016-09-13 20:00","35","야간","화","1","1","0","0","0","전북","전주시","차대사람","횡단중","횡단중","운전자법규위반","안전운전 의무 불이행","단일로","기타단일로","승합차","대형","보행자","보행자","966035","1756665","127.12406565","35.80585091"
"2016","2016-09-21 05:00","35","야간","수","1","2","1","0","0","경북","안동시","차대사람","횡단중","횡단중","운전자법규위반","보행자 보호의무 위반","교차로","교차로내","승용차","경형","보행자","보행자","1107801","1842116","128.70480815","36.57074696"
"2016","2016-09-29 15:00","27","주간","목","2","2","0","0","0","경기","부천시","차대차","정면충돌","정면충돌","운전자법규위반","안전운전 의무 불이행","교차로","교차로내","승용차","중형","이륜차","중형","939183","1942296","126.81215469","37.47789439"
"2016","2016-09-27 09:00","05","주간","화","1","2","0","1","0","경북","문경시","차대사람","횡단중","횡단중","운전자법규위반","안전운전 의무 불이행","단일로","기타단일로","이륜차","소형","보행자","보행자","1062354","1843318","128.1970261","36.5856335"
"2016","2016-09-25 09:00","15","주간","일","1","1","0","0","0","충북","단양군","차량단독","전도전복","전도전복","운전자법규위반","안전운전 의무 불이행","기타/불명","기타/불명","농기계","농기계","","","1079356","1901452","128.39313944","37.10836571"
"2016","2016-08-31 13:00","40","주간","수","1","1","0","0","0","충남","아산시","차대사람","횡단중","횡단중","운전자법규위반","안전운전 의무 불이행","단일로","기타단일로","승용차","중형","보행자","보행자","953077","1861422","126.97435343","36.74971686"
"2016","2016-09-01 11:00","40","주간","목","1","2","1","0","0","전남","장흥군","차대차","정면충돌","정면충돌","운전자법규위반","중앙선 침범","단일로","기타단일로","건설기계","건설기계","승용차","대형","944342","1627597","126.89270411","34.64110677"
"2016","2016-09-01 10:00","23","주간","목","1","2","1","0","0","경북","의성군","차대차","기타","기타","운전자법규위반","안전운전 의무 불이행","고가도로위","고가도로위","화물차","소형","농기계","농기계","1104535","1826448","128.66619361","36.42988966"
"2016","2016-09-04 16:00","18","주간","일","1","1","0","0","0","전남","고흥군","차대차","정면충돌","정면충돌","운전자법규위반","안전운전 의무 불이행","단일로","기타단일로","농기계","농기계","이륜차","소형","983980","1623092","127.32528367","34.60186766"
"2016","2016-08-30 10:00","15","주간","화","1","1","0","0","0","경남","창원시(통합)","차대차","측면직각충돌","측면직각충돌","운전자법규위반","안전운전 의무 불이행","교차로","교차로부근","이륜차","소형","화물차","중형","1090864","1682289","128.49733537","35.13170589"
"2016","2016-09-06 02:00","00","야간","화","1","1","0","0","0","인천","남동구","차량단독","공작물충돌","공작물충돌","운전자법규위반","안전운전 의무 불이행","단일로","교량위","이륜차","소형","","","932631","1936006","126.73863153","37.42074835"
"2016","2016-09-01 08:00","25","주간","목","1","1","0","0","0","인천","남동구","차대차","정면충돌","정면충돌","운전자법규위반","중앙선 침범","단일로","기타단일로","자전거","자전거","승용차","중형","931182","1939142","126.72196454","37.44890631"
"2016","2016-10-10 07:00","04","주간","월","1","1","0","0","0","전남","신안군","차대차","기타","기타","운전자법규위반","안전운전 의무 불이행","교차로","교차로내","화물차","소형","승용차","경형","884656","1651279","126.23831852","34.84963406"
"2016","2016-10-08 13:00","44","주간","토","1","1","0","0","0","경북","칠곡군","차대사람","기타","기타","운전자법규위반","중앙선 침범","단일로","기타단일로","화물차","소형","보행자","보행자","1083715","1779729","128.42896339","36.01078792"
"2016","2016-10-14 12:00","16","주간","금","1","3","2","0","0","세종","세종","차대차","측면직각충돌","측면직각충돌","운전자법규위반","부당한 회전","단일로","기타단일로","원동기장치자전거","원동기장치자전거","원동기장치자전거","원동기장치자전거","981146","1845570","127.28917834","36.6077869"
"2016","2016-10-09 10:00","30","주간","일","1","1","0","0","0","경남","함양군","차대차","측면직각충돌","측면직각충돌","운전자법규위반","교차로 통행방법 위반","단일로","기타단일로","이륜차","소형","승용차","경형","1025917","1725013","127.78583896","35.52071134"
"2016","2016-10-19 18:00","15","야간","수","1","1","0","0","0","전남","순천시","차대차","기타","기타","운전자법규위반","중앙선 침범","단일로","기타단일로","원동기장치자전거","원동기장치자전거","승용차","경형","987154","1669540","127.35918894","35.0207662"
"2016","2016-10-21 08:00","15","주간","금","1","1","0","0","0","경남","양산시","차대차","추돌","진행중 추돌","운전자법규위반","안전운전 의무 불이행","교차로","교차로부근","화물차","소형","화물차","소형","1140948","1711912","129.05200092","35.39295075"
"2016","2016-10-08 14:00","50","주간","토","1","1","0","0","0","서울","서대문구","차대사람","횡단중","횡단중","운전자법규위반","안전운전 의무 불이행","단일로","기타단일로","승합차","대형","보행자","보행자","949128","1952038","126.92395305","37.56630201"
"2016","2016-10-23 06:00","54","주간","일","1","1","0","0","0","제주","서귀포시","차대차","측면직각충돌","측면직각충돌","운전자법규위반","직진 및 우회전차의 통행방해","교차로","교차로내","화물차","소형","이륜차","소형","893231","1477278","126.35336715","33.28165069"
"2016","2016-10-24 05:00","19","야간","월","1","1","0","0","0","인천","남구","차대차","측면직각충돌","측면직각충돌","운전자법규위반","부당한 회전","교차로","교차로부근","자전거","자전거","승용차","경형","924133","1940390","126.64215001","37.45960272"
"2016","2016-10-24 10:00","40","주간","월","1","1","0","0","0","서울","강서구","차대사람","횡단중","횡단중","운전자법규위반","안전운전 의무 불이행","단일로","기타단일로","승용차","경형","보행자","보행자","944363","1950610","126.870108","37.55315581"
"2016","2016-10-25 18:00","27","야간","화","1","1","0","0","0","제주","서귀포시","차대사람","횡단중","횡단중","운전자법규위반","보행자 보호의무 위반","교차로","교차로내","승용차","경형","보행자","보행자","943955","1490831","126.89822569","33.40955478"
"2016","2016-10-27 18:00","25","야간","목","1","1","0","0","0","제주","서귀포시","차대사람","횡단중","횡단중","운전자법규위반","안전운전 의무 불이행","단일로","기타단일로","승용차","경형","보행자","보행자","927640","1477234","126.72290872","33.28407025"
"2016","2016-10-24 15:00","35","주간","월","1","1","0","0","0","전남","장흥군","차량단독","기타","기타","운전자법규위반","안전운전 의무 불이행","교차로","교차로부근","농기계","농기계","","","957415","1627586","127.03534207","34.64163445"