"발생년","발생년월일시","발생분","주야","요일","사망자수","사상자수","중상자수","경상자수","부상신고자수","발생지시도","발생지시군구","사고유형_대분류","사고유형_중분류","사고유형","법규위반_대분류","법규위반","도로형태_대분류","도로형태","당사자종별_1당_대분류","당사자종별_1당","당사자종별_2당_대분류","당사자종별_2당","발생위치X_UTMK","발생위치Y_UTMK","경도","위도"
"2016","2016-10-24 17:00","30","주간","월","1","1","0","0","0","경남","의령군","차량단독","전도전복","전도전복","운전자법규위반","안전운전 의무 불이행","단일로","기타단일로","이륜차","소형","","","1070263","1705349","128.2732077","35.34127082"
"2016","2016-12-16 23:00","15","야간","금","1","1","0","0","0","서울","광진구","차량단독","전도전복","전도전복","운전자법규위반","안전운전 의무 불이행","단일로","기타단일로","이륜차","소형","","","962765","1952086","127.07836408","37.5673871"
"2016","2016-02-10 19:00","00","야간","수","1","1","0","0","0","경남","창녕군","차대사람","횡단중","횡단중","운전자법규위반","안전운전 의무 불이행","교차로","교차로내","승용차","중형","보행자","보행자","1103682","1715262","128.64217092","35.4277259"
"2016","2016-01-08 08:00","20","주간","금","1","1","0","0","0","강원","고성군","차량단독","전도전복","전도전복","운전자법규위반","안전운전 의무 불이행","교차로","교차로내","승용차","소형","","","1082335","2044177","128.44284638","38.39435734"
"2016","2016-01-12 11:00","25","주간","화","1","1","0","0","0","전북","남원시","차량단독","전도전복","전도전복","운전자법규위반","안전운전 의무 불이행","단일로","기타단일로","원동기장치자전거","원동기장치자전거","","","995478","1711432","127.45020205","35.39858319"
"2016","2016-01-11 22:00","59","야간","월","1","1","0","0","0","경기","김포시","차대사람","차도통행중","차도통행중","운전자법규위반","안전운전 의무 불이행","교차로","교차로부근","승용차","소형","보행자","보행자","926017","1962912","126.66117807","37.66273737"
"2016","2016-01-11 14:00","22","주간","월","1","7","4","2","0","강원","태백시","차대차","정면충돌","정면충돌","운전자법규위반","중앙선 침범","단일로","기타단일로","화물차","소형","승합차","중형","1133540","1904299","129.0033268","37.12785987"
"2016","2016-01-18 07:00","14","주간","월","1","3","2","0","0","경북","성주군","차대차","기타","기타","운전자법규위반","안전운전 의무 불이행","기타/불명","기타/불명","승용차","중형","화물차","소형","1074353","1768664","128.324049","35.91179582"
"2016","2016-01-18 10:00","00","주간","월","1","1","0","0","0","경기","포천시","차량단독","도로이탈","도로이탈 추락","운전자법규위반","안전운전 의무 불이행","단일로","기타단일로","승용차","중형","","","966889","1995695","127.12307234","37.96059552"
"2016","2016-01-18 05:00","50","야간","월","1","1","0","0","0","대전","동구","차량단독","기타","기타","운전자법규위반","안전운전 의무 불이행","단일로","기타단일로","승용차","중형","","","996725","1811196","127.46352488","36.29807726"
"2016","2016-01-14 18:00","00","야간","목","1","1","0","0","0","경기","광주시","차대차","추돌","진행중 추돌","운전자법규위반","안전운전 의무 불이행","단일로","기타단일로","승용차","대형","이륜차","소형","969221","1929022","127.15243182","37.35973691"
"2016","2016-01-15 10:00","21","주간","금","1","1","0","0","0","전남","영암군","차량단독","전도전복","전도전복","운전자법규위반","안전운전 의무 불이행","단일로","기타단일로","이륜차","소형","","","906123","1641338","126.47420766","34.76221239"
"2016","2016-01-21 17:00","22","주간","목","1","1","0","0","0","경기","고양시","차대사람","횡단중","횡단중","운전자법규위반","안전운전 의무 불이행","교차로","교차로내","승합차","경형","보행자","보행자","941847","1961850","126.84073145","37.65430554"
"2016","2016-01-21 06:00","55","주간","목","1","1","0","0","0","경기","안성시","차량단독","도로이탈","도로이탈 기타","운전자법규위반","안전운전 의무 불이행","단일로","기타단일로","화물차","소형","","","997474","1898551","127.47157846","37.08557581"
"2016","2016-01-22 21:00","28","야간","금","1","1","0","0","0","경북","칠곡군","차대차","추돌","진행중 추돌","운전자법규위반","기타(운전자법규위반)","단일로","기타단일로","승용차","중형","승용차","경형","1081378","1772272","128.40226776","35.94376218"
"2016","2016-01-24 07:00","54","주간","일","1","1","0","0","0","경기","양평군","차량단독","공작물충돌","공작물충돌","운전자법규위반","안전운전 의무 불이행","단일로","기타단일로","승용차","대형","","","1014764","1950768","127.6671575","37.55614181"
"2016","2016-01-29 19:00","01","야간","금","1","1","0","0","0","경남","김해시","차대차","추돌","진행중 추돌","운전자법규위반","안전운전 의무 불이행","단일로","기타단일로","승용차","소형","건설기계","건설기계","1119935","1686537","128.81697363","35.16695543"
"2016","2016-01-29 16:00","25","주간","금","1","2","0","1","0","충남","태안군","차대차","정면충돌","정면충돌","운전자법규위반","중앙선 침범","기타/불명","기타/불명","화물차","경형","승합차","대형","902619","1825020","126.41378238","36.41777096"
"2016","2016-01-29 10:00","58","주간","금","1","1","0","0","0","경남","산청군","차대사람","횡단중","횡단중","운전자법규위반","안전운전 의무 불이행","단일로","기타단일로","화물차","소형","보행자","보행자","1046383","1709106","128.01064568","35.37654122"
"2016","2016-01-27 11:00","51","주간","수","1","1","0","0","0","전북","남원시","차량단독","전도전복","전도전복","운전자법규위반","안전운전 의무 불이행","단일로","기타단일로","승용차","중형","","","994332","1714433","127.43756101","35.42563681"
"2016","2016-02-03 00:00","23","야간","수","1","1","0","0","0","경남","창원시(통합)","차대사람","기타","기타","운전자법규위반","안전운전 의무 불이행","단일로","기타단일로","승용차","중형","보행자","보행자","1093069","1696659","128.52315773","35.26106007"
"2016","2016-02-02 21:00","00","야간","화","1","1","0","0","0","경북","경주시","차대차","기타","기타","운전자법규위반","안전운전 의무 불이행","단일로","기타단일로","화물차","소형","화물차","대형","1156954","1778385","129.24115232","35.98963075"
"2016","2016-02-11 22:00","34","야간","목","1","1","0","0","0","서울","종로구","차대사람","횡단중","횡단중","운전자법규위반","안전운전 의무 불이행","단일로","기타단일로","승합차","대형","보행자","보행자","954513","1952433","126.98490297","37.57014399"
"2016","2016-02-12 02:00","57","야간","금","1","1","0","0","0","경기","안양시","차대사람","기타","기타","운전자법규위반","안전운전 의무 불이행","단일로","기타단일로","승용차","중형","보행자","보행자","949287","1933899","126.9270034","37.40281966"
"2016","2016-02-11 21:00","50","야간","목","1","1","0","0","0","충남","논산시","차대사람","횡단중","횡단중","운전자법규위반","안전운전 의무 불이행","교차로","교차로내","승용차","대형","보행자","보행자","964310","1792456","127.10336262","36.12847339"
"2016","2016-02-11 23:00","17","야간","목","1","1","0","0","0","경기","의왕시","차대사람","횡단중","횡단중","운전자법규위반","과속","단일로","기타단일로","화물차","중형","보행자","보행자","954310","1927756","126.98413446","37.3477112"
"2016","2016-01-01 09:00","45","주간","금","1","67","4","62","0","전남","곡성군","차대차","추돌","진행중 추돌","운전자법규위반","안전거리 미확보","단일로","기타단일로","승합차","대형","승합차","대형","973572","1692938","127.22031844","35.2278243"
"2016","2016-12-28 22:00","30","야간","수","1","1","0","0","0","부산","사상구","차대사람","기타","기타","운전자법규위반","안전운전 의무 불이행","단일로","기타단일로","승용차","중형","보행자","보행자","1133609","1683695","128.96661154","35.13960287"
"2016","2016-12-28 15:00","00","주간","수","1","1","0","0","0","경기","성남시","차대사람","횡단중","횡단중","운전자법규위반","안전운전 의무 불이행","단일로","기타단일로","건설기계","건설기계","보행자","보행자","967580","1938087","127.13350366","37.44138961"
"2016","2016-12-28 18:00","35","야간","수","1","1","0","0","0","전북","익산시","차대사람","횡단중","횡단중","운전자법규위반","과속","단일로","횡단보도상","승용차","중형","보행자","보행자","950289","1781741","126.94833515","36.030703"
"2016","2016-12-23 07:00","00","주간","금","1","1","0","0","0","전북","전주시","차대사람","횡단중","횡단중","운전자법규위반","안전운전 의무 불이행","단일로","기타단일로","승용차","중형","보행자","보행자","965184","1761468","127.11443733","35.84912493"
"2016","2016-12-27 22:00","42","야간","화","1","1","0","0","0","경기","평택시","차대사람","횡단중","횡단중","운전자법규위반","안전운전 의무 불이행","교차로","교차로내","승용차","경형","보행자","보행자","945704","1882294","126.89027067","36.93746685"
"2016","2016-12-24 01:00","19","야간","토","1","1","0","0","0","경기","수원시","차대사람","횡단중","횡단중","운전자법규위반","안전운전 의무 불이행","단일로","기타단일로","승합차","소형","보행자","보행자","958537","1918391","127.03238112","37.26349674"
"2016","2016-12-24 07:00","05","주간","토","1","1","0","0","0","제주","제주시","차대사람","횡단중","횡단중","운전자법규위반","안전운전 의무 불이행","단일로","기타단일로","화물차","소형","보행자","보행자","909995","1502762","126.53076523","33.51296576"
"2016","2016-12-28 11:00","55","주간","수","1","1","0","0","0","경남","창원시(통합)","차대사람","기타","기타","운전자법규위반","기타(운전자법규위반)","교차로","교차로내","승용차","소형","보행자","보행자","1109429","1691308","128.70226726","35.21116597"
"2016","2016-12-27 18:00","10","야간","화","1","1","0","0","0","전북","김제시","차대차","기타","기타","운전자법규위반","안전운전 의무 불이행","단일로","기타단일로","승합차","소형","원동기장치자전거","원동기장치자전거","943489","1754774","126.87466435","35.78776293"
"2016","2016-11-28 23:00","45","야간","월","1","1","0","0","0","경북","김천시","차량단독","기타","기타","운전자법규위반","안전운전 의무 불이행","단일로","기타단일로","이륜차","소형","","","1055367","1796956","128.11562345","36.16811814"
"2016","2016-11-28 19:00","24","야간","월","1","1","0","0","0","경기","남양주시","차대사람","횡단중","횡단중","운전자법규위반","신호위반","교차로","교차로부근","승용차","소형","보행자","보행자","971867","1962598","127.18102573","37.66245855"
"2016","2016-12-02 05:00","00","야간","금","1","1","0","0","0","전남","완도군","차대사람","기타","기타","운전자법규위반","안전운전 의무 불이행","단일로","기타단일로","화물차","중형","보행자","보행자","961046","1598527","127.07628847","34.37972725"
"2016","2016-11-28 09:00","00","주간","월","1","1","0","0","0","경남","양산시","차대차","정면충돌","정면충돌","운전자법규위반","안전운전 의무 불이행","단일로","기타단일로","승용차","중형","자전거","자전거","1138231","1703072","129.02059846","35.31365001"
"2016","2016-11-29 05:00","00","야간","화","1","1","0","0","0","경기","성남시","차대차","기타","기타","운전자법규위반","교차로 통행방법 위반","교차로","교차로내","승합차","대형","자전거","자전거","967349","1937179","127.13093253","37.43319715"
"2016","2016-12-02 18:00","35","야간","금","1","1","0","0","0","경북","성주군","차대사람","횡단중","횡단중","운전자법규위반","안전운전 의무 불이행","기타/불명","기타/불명","승용차","중형","보행자","보행자","1075604","1760221","128.3371113","35.83558481"
"2016","2016-12-03 16:00","00","주간","토","1","1","0","0","0","전북","남원시","차량단독","전도전복","전도전복","운전자법규위반","안전운전 의무 불이행","단일로","기타단일로","이륜차","사발이","","","1011583","1721365","127.62766003","35.48806075"
"2016","2016-12-01 16:00","25","주간","목","1","1","0","0","0","경남","함안군","차대사람","기타","기타","운전자법규위반","과속","단일로","기타단일로","승용차","대형","보행자","보행자","1093069","1703274","128.52390852","35.32069803"
"2016","2016-12-02 09:00","02","주간","금","1","1","0","0","0","충남","서산시","차대차","측면직각충돌","측면직각충돌","운전자법규위반","교차로 통행방법 위반","교차로","교차로내","이륜차","소형","건설기계","건설기계","912725","1855707","126.52301589","36.6953494"
"2016","2016-12-04 05:00","50","야간","일","1","1","0","0","0","경기","파주시","차량단독","전도전복","전도전복","운전자법규위반","안전운전 의무 불이행","단일로","기타단일로","승용차","중형","","","928675","1974509","126.69017491","37.76746504"
"2016","2016-12-04 01:00","08","야간","일","1","1","0","0","0","강원","삼척시","차량단독","전도전복","전도전복","운전자법규위반","안전운전 의무 불이행","단일로","기타단일로","승용차","중형","","","1138602","1921551","129.06349762","37.28257724"
"2016","2016-12-03 22:00","02","야간","토","1","1","0","0","0","경남","창녕군","차대사람","기타","기타","운전자법규위반","안전운전 의무 불이행","단일로","기타단일로","승용차","중형","보행자","보행자","1091918","1721175","128.51326499","35.48218983"
"2016","2016-12-30 13:00","10","주간","금","1","1","0","0","0","경남","거제시","차대사람","기타","기타","운전자법규위반","안전운전 의무 불이행","기타/불명","기타/불명","승합차","경형","보행자","보행자","1099311","1656041","128.5869009","34.89426104"
"2016","2016-12-29 16:00","45","주간","목","1","1","0","0","0","경남","양산시","차량단독","전도전복","전도전복","운전자법규위반","안전운전 의무 불이행","단일로","기타단일로","농기계","농기계","","","1147069","1704467","129.11803714","35.32496219"
"2016","2016-12-30 21:00","04","야간","금","1","1","0","0","0","경남","함안군","차대사람","횡단중","횡단중","운전자법규위반","안전운전 의무 불이행","교차로","교차로부근","승용차","중형","보행자","보행자","1084165","1692612","128.42486881","35.2253608"
"2016","2016-12-30 06:00","04","주간","금","1","2","1","0","0","경북","상주시","차대차","측면직각충돌","측면직각충돌","운전자법규위반","신호위반","교차로","교차로내","승용차","중형","승용차","경형","1059093","1824782","128.15915717","36.41874672"
"2016","2016-12-24 00:00","08","야간","토","1","1","0","0","0","서울","종로구","차대사람","기타","기타","운전자법규위반","안전운전 의무 불이행","교차로","교차로부근","승용차","중형","보행자","보행자","954908","1952462","126.98937402","37.57042481"
"2016","2016-12-23 22:00","07","야간","금","1","1","0","0","0","충남","천안시","차대차","정면충돌","정면충돌","운전자법규위반","중앙선 침범","단일로","기타단일로","승용차","중형","승합차","소형","967114","1871271","127.13117145","36.83909192"
"2016","2016-12-28 07:00","20","주간","수","1","1","0","0","0","전북","군산시","차대사람","횡단중","횡단중","운전자법규위반","보행자 보호의무 위반","교차로","교차로내","화물차","소형","보행자","보행자","929536","1776191","126.71838078","35.97994117"
"2016","2016-12-28 05:00","55","야간","수","1","1","0","0","0","경남","김해시","차대차","정면충돌","정면충돌","운전자법규위반","신호위반","교차로","교차로내","원동기장치자전거","원동기장치자전거","승용차","경형","1125557","1693983","128.87982667","35.23339078"
"2016","2016-12-21 11:00","00","주간","수","1","1","0","0","0","경북","군위군","차대차","정면충돌","정면충돌","운전자법규위반","중앙선 침범","단일로","기타단일로","승용차","대형","화물차","대형","1112561","1793601","128.75097893","36.13291985"
"2016","2016-12-25 00:00","10","야간","일","1","2","1","0","0","경북","영천시","차량단독","공작물충돌","공작물충돌","운전자법규위반","안전운전 의무 불이행","단일로","기타단일로","승용차","중형","","","1112570","1788176","128.75030361","36.08401988"
"2016","2016-12-27 23:00","54","야간","화","1","2","1","0","0","경기","평택시","차대차","정면충돌","정면충돌","운전자법규위반","중앙선 침범","단일로","기타단일로","승용차","중형","승용차","중형","964466","1886965","127.10073719","36.98046726"
"2016","2016-12-20 23:00","00","야간","화","1","1","0","0","0","부산","기장군","차량단독","공작물충돌","공작물충돌","운전자법규위반","안전운전 의무 불이행","단일로","기타단일로","이륜차","대형","","","1155658","1692336","129.20909055","35.21017982"
"2016","2016-12-27 22:00","46","야간","화","1","1","0","0","0","경기","시흥시","차대사람","횡단중","횡단중","운전자법규위반","안전운전 의무 불이행","단일로","기타단일로","승용차","중형","보행자","보행자","931754","1928286","126.7294334","37.35110356"
"2016","2016-11-28 12:00","50","주간","월","1","1","0","0","0","충북","음성군","차대차","측면직각충돌","측면직각충돌","운전자법규위반","안전운전 의무 불이행","교차로","교차로부근","이륜차","소형","농기계","농기계","1008255","1888778","127.59277464","36.99744556"
"2016","2016-12-02 18:00","05","야간","금","1","2","1","0","0","강원","원주시","차대사람","횡단중","횡단중","운전자법규위반","보행자 보호의무 위반","단일로","횡단보도상","화물차","소형","보행자","보행자","1040624","1924559","127.95849419","37.31913021"
"2016","2016-12-03 10:00","25","주간","토","1","2","1","0","0","경남","거제시","차대사람","보도통행중","보도통행중","운전자법규위반","안전운전 의무 불이행","단일로","기타단일로","승용차","경형","보행자","보행자","1111755","1653155","128.71700451","34.94288359"
"2016","2016-12-03 01:00","20","야간","토","1","1","0","0","0","경기","안양시","차대사람","횡단중","횡단중","운전자법규위반","과속","교차로","교차로부근","승용차","중형","보행자","보행자","947192","1937372","126.90308514","37.43400578"
"2016","2016-11-30 17:00","09","주간","수","1","2","0","1","0","충북","청주시","차대차","측면직각충돌","측면직각충돌","운전자법규위반","중앙선 침범","단일로","기타단일로","승용차","경형","건설기계","건설기계","1015888","1846088","127.67766731","36.61251071"
"2016","2016-11-29 06:00","25","주간","화","1","1","0","0","0","전남","해남군","차대사람","길가장자리구역통행중","길가장자리구역통행중","운전자법규위반","안전운전 의무 불이행","단일로","기타단일로","화물차","소형","보행자","보행자","905924","1605434","126.47601486","34.43846259"
"2016","2016-12-04 18:00","20","야간","일","1","2","1","0","0","경북","경주시","차대차","추돌","진행중 추돌","운전자법규위반","안전운전 의무 불이행","단일로","기타단일로","화물차","소형","자전거","자전거","1139288","1766743","129.04320299","35.88738831"
"2016","2016-12-04 02:00","42","야간","일","1","3","2","0","0","서울","서대문구","차대차","기타","기타","운전자법규위반","신호위반","교차로","교차로내","원동기장치자전거","원동기장치자전거","승용차","경형","950213","1953749","126.93595575","37.58192527"
"2016","2016-12-18 18:00","10","야간","일","1","1","0","0","0","경남","거창군","차대차","추돌","진행중 추돌","운전자법규위반","안전운전 의무 불이행","단일로","기타단일로","승용차","경형","자전거","자전거","1037904","1747184","127.91908275","35.72022542"
"2016","2016-03-28 15:00","25","주간","월","1","1","0","0","0","충남","청양군","차대차","측면직각충돌","측면직각충돌","운전자법규위반","직진 및 우회전차의 통행방해","교차로","교차로내","이륜차","소형","건설기계","건설기계","949422","1814882","126.93646365","36.32998533"
"2016","2016-04-02 22:00","41","야간","토","1","1","0","0","0","경남","밀양시","차대사람","횡단중","횡단중","운전자법규위반","안전운전 의무 불이행","단일로","기타단일로","승용차","중형","보행자","보행자","1115249","1720512","128.77031123","35.47377996"
"2016","2016-04-29 01:00","00","야간","금","1","1","0","0","0","서울","양천구","차대사람","횡단중","횡단중","운전자법규위반","과속","단일로","기타단일로","승용차","대형","보행자","보행자","943777","1948440","126.86364027","37.53356193"
"2016","2016-04-15 09:00","35","주간","금","1","1","0","0","0","전남","무안군","차대차","기타","기타","운전자법규위반","안전운전 의무 불이행","단일로","기타단일로","화물차","소형","이륜차","소형","909709","1651596","126.51228357","34.85502624"
"2016","2016-06-14 18:00","24","야간","화","1","1","0","0","0","강원","춘천시","차대차","추돌","진행중 추돌","운전자법규위반","안전운전 의무 불이행","단일로","기타단일로","승용차","경형","화물차","소형","1021303","1989727","127.742333","37.90716028"
"2016","2016-12-05 12:00","44","주간","월","1","1","0","0","0","충북","음성군","차대차","측면직각충돌","측면직각충돌","운전자법규위반","교차로 통행방법 위반","교차로","교차로내","승용차","대형","자전거","자전거","1003981","1879726","127.54469318","36.91587419"
"2016","2016-09-27 16:00","30","주간","화","1","1","0","0","0","경북","청송군","차량단독","공작물충돌","공작물충돌","운전자법규위반","안전운전 의무 불이행","단일로","기타단일로","이륜차","소형","","","1139124","1811986","129.04937069","36.29516499"
"2016","2016-01-03 22:00","10","야간","일","1","3","2","0","0","경남","진주시","차대차","추돌","진행중 추돌","운전자법규위반","안전운전 의무 불이행","교차로","교차로부근","승용차","중형","승합차","대형","1053959","1688598","128.09269956","35.19124889"
"2016","2016-11-01 06:00","15","주간","화","1","1","0","0","0","경기","안산시","차대사람","횡단중","횡단중","운전자법규위반","신호위반","교차로","교차로부근","승합차","중형","보행자","보행자","940274","1924513","126.82593028","37.31768391"
"2016","2016-03-10 09:00","50","주간","목","1","1","0","0","0","전북","김제시","차량단독","전도전복","전도전복","운전자법규위반","안전운전 의무 불이행","교차로","교차로부근","승용차","대형","","","945551","1758976","126.89719453","35.82576354"
"2016","2016-06-25 21:00","58","야간","토","1","1","0","0","0","대구","달성군","차대사람","횡단중","횡단중","운전자법규위반","과속","단일로","횡단보도부근","승용차","중형","보행자","보행자","1086102","1738618","128.42380744","35.7756586"
"2016","2016-06-30 23:00","25","야간","목","1","1","0","0","0","경남","고성군","차량단독","공작물충돌","공작물충돌","운전자법규위반","안전운전 의무 불이행","단일로","기타단일로","승용차","중형","","","1078761","1673226","128.3636437","35.05101175"
"2016","2016-11-04 18:00","41","야간","금","1","1","0","0","0","인천","강화군","차대차","측면직각충돌","측면직각충돌","운전자법규위반","안전운전 의무 불이행","단일로","기타단일로","승용차","경형","원동기장치자전거","원동기장치자전거","892506","1976952","126.27922074","37.78594225"
"2016","2016-10-17 03:00","45","야간","월","1","1","0","0","0","제주","제주시","차대사람","횡단중","횡단중","운전자법규위반","안전운전 의무 불이행","단일로","횡단보도상","승용차","중형","보행자","보행자","905833","1500262","126.4861834","33.48999894"
"2016","2016-10-15 09:00","25","주간","토","1","2","1","0","0","전북","익산시","차대차","기타","기타","운전자법규위반","안전운전 의무 불이행","단일로","기타단일로","화물차","대형","특수차","중형","954055","1772819","126.99053993","35.95100393"
"2016","2016-01-03 08:00","15","주간","일","1","4","1","2","0","충남","보령시","차대사람","기타","기타","운전자법규위반","안전운전 의무 불이행","단일로","기타단일로","승용차","대형","보행자","보행자","918021","1833558","126.5846553","36.49617251"
"2016","2016-04-02 03:00","21","야간","토","1","3","2","0","0","전북","정읍시","차량단독","전도전복","전도전복","운전자법규위반","안전운전 의무 불이행","단일로","교량위","승용차","경형","","","948581","1740939","126.9318948","35.66330761"
"2016","2016-03-20 05:00","00","야간","일","1","1","0","0","0","경기","남양주시","차대차","기타","기타","운전자법규위반","안전운전 의무 불이행","단일로","기타단일로","화물차","소형","승용차","중형","978333","1956140","127.25452861","37.60442561"
"2016","2016-04-11 14:00","20","주간","월","1","1","0","0","0","경북","영천시","차량단독","공작물충돌","공작물충돌","운전자법규위반","안전운전 의무 불이행","단일로","기타단일로","승용차","대형","","","1125094","1781154","128.88825944","36.01919734"
"2016","2016-05-11 20:00","00","야간","수","1","2","0","1","0","충남","당진시","차대차","추돌","진행중 추돌","운전자법규위반","안전운전 의무 불이행","단일로","기타단일로","화물차","소형","화물차","대형","927359","1875370","126.68494206","36.87382011"
"2016","2016-12-29 22:00","00","야간","목","1","1","0","0","0","전북","군산시","차대사람","횡단중","횡단중","운전자법규위반","안전운전 의무 불이행","단일로","기타단일로","승용차","경형","보행자","보행자","928988","1775048","126.71240137","35.96973955"
"2016","2016-12-29 13:00","40","주간","목","1","2","1","0","0","대구","북구","차대차","측면직각충돌","측면직각충돌","운전자법규위반","안전운전 의무 불이행","교차로","교차로내","이륜차","소형","자전거","자전거","1097705","1765321","128.58243764","35.87979644"
"2016","2016-12-21 18:00","00","야간","수","1","2","1","0","0","전남","해남군","차대차","정면충돌","정면충돌","운전자법규위반","과속","교차로","교차로부근","승용차","경형","승용차","경형","921411","1611423","126.64401621","34.49376213"
"2016","2016-12-21 18:00","40","야간","수","1","12","0","8","3","경기","군포시","차대사람","기타","기타","운전자법규위반","신호위반","교차로","교차로내","승합차","대형","보행자","보행자","949447","1929187","126.92913318","37.36035728"
"2016","2016-12-22 19:00","14","야간","목","1","1","0","0","0","충북","제천시","차대사람","횡단중","횡단중","운전자법규위반","안전운전 의무 불이행","단일로","기타단일로","승용차","소형","보행자","보행자","1062649","1904569","128.20538012","37.13772823"
"2016","2016-12-02 17:00","42","주간","금","1","1","0","0","0","충남","보령시","차대차","추돌","진행중 추돌","운전자법규위반","안전운전 의무 불이행","단일로","기타단일로","승용차","대형","건설기계","건설기계","915129","1817832","126.55408951","36.35416518"
"2016","2016-12-02 16:00","40","주간","금","1","1","0","0","0","전북","부안군","차대차","정면충돌","정면충돌","운전자법규위반","중앙선 침범","단일로","기타단일로","자전거","자전거","승용차","중형","926658","1744564","126.68936549","35.69460267"
"2016","2016-11-30 13:00","40","주간","수","1","1","0","0","0","울산","북구","차대사람","차도통행중","차도통행중","운전자법규위반","기타(운전자법규위반)","단일로","기타단일로","화물차","대형","보행자","보행자","1169263","1731398","129.36770551","35.56415058"
"2016","2016-11-30 07:00","00","주간","수","1","1","0","0","0","경기","군포시","차대사람","횡단중","횡단중","운전자법규위반","안전운전 의무 불이행","단일로","기타단일로","승용차","중형","보행자","보행자","951029","1927560","126.94710462","37.34577723"
"2016","2016-11-30 06:00","00","주간","수","1","1","0","0","0","대전","중구","차대사람","횡단중","횡단중","운전자법규위반","신호위반","교차로","교차로부근","승용차","중형","보행자","보행자","994864","1812418","127.44279007","36.30908606"
"2016","2016-11-29 21:00","09","야간","화","1","1","0","0","0","경북","포항시","차대사람","횡단중","횡단중","운전자법규위반","안전운전 의무 불이행","단일로","기타단일로","승용차","소형","보행자","보행자","1167502","1782340","129.35894856","36.02351498"
"2016","2016-11-30 17:00","38","주간","수","1","1","0","0","0","전남","목포시","차대사람","횡단중","횡단중","운전자법규위반","안전운전 의무 불이행","교차로","교차로내","승용차","중형","보행자","보행자","899432","1645790","126.40057426","34.80171423"
"2016","2016-12-03 12:00","50","주간","토","1","2","0","1","0","경남","김해시","차대차","측면직각충돌","측면직각충돌","운전자법규위반","중앙선 침범","교차로","교차로부근","승용차","중형","화물차","대형","1114445","1698004","128.75829735","35.27097004"
"2016","2016-11-27 10:00","43","주간","일","1","1","0","0","0","울산","울주군","차량단독","전도전복","전도전복","운전자법규위반","안전운전 의무 불이행","단일로","기타단일로","이륜차","소형","","","1138615","1737113","129.03062527","35.6204264"
"2016","2016-11-28 03:00","10","야간","월","1","1","0","0","0","경북","경주시","차대차","기타","기타","운전자법규위반","안전운전 의무 불이행","단일로","기타단일로","승용차","소형","자전거","자전거","1160601","1756002","129.27707851","35.78732679"
"2016","2016-11-28 17:00","53","주간","월","1","1","0","0","0","경기","파주시","차대사람","차도통행중","차도통행중","운전자법규위반","안전운전 의무 불이행","교차로","교차로내","화물차","소형","보행자","보행자","940551","1985202","126.82412763","37.86468574"
"2016","2016-12-29 16:00","30","주간","목","1","1","0","0","0","경북","청송군","차대차","기타","기타","운전자법규위반","기타(운전자법규위반)","단일로","기타단일로","화물차","소형","원동기장치자전거","원동기장치자전거","1125638","1808889","128.8987266","36.26910401"
"2016","2016-12-29 22:00","15","야간","목","1","1","0","0","0","세종","세종","차량단독","전도전복","전도전복","운전자법규위반","안전운전 의무 불이행","단일로","기타단일로","승용차","경형","","","980073","1829363","127.27759912","36.46165786"
"2016","2016-11-30 22:00","46","야간","수","1","1","0","0","0","경기","과천시","차대사람","기타","기타","운전자법규위반","안전운전 의무 불이행","단일로","기타단일로","승합차","중형","보행자","보행자","955549","1938895","126.997453","37.44817248"
"2016","2016-11-30 20:00","37","야간","수","1","5","4","0","0","충북","충주시","차대차","정면충돌","정면충돌","운전자법규위반","안전운전 의무 불이행","단일로","기타단일로","승합차","대형","건설기계","건설기계","1041840","1899973","127.97083899","37.0974628"
"2016","2016-11-27 20:00","00","야간","일","1","1","0","0","0","광주","서구","차대차","기타","기타","운전자법규위반","신호위반","교차로","교차로내","화물차","중형","이륜차","중형","940638","1684239","126.84826947","35.15164054"
"2016","2016-12-01 12:00","20","주간","목","1","1","0","0","0","충북","영동군","차량단독","전도전복","전도전복","운전자법규위반","안전운전 의무 불이행","단일로","기타단일로","화물차","소형","","","1036110","1792649","127.90131377","36.13019785"
"2016","2016-11-28 17:00","44","주간","월","1","1","0","0","0","서울","양천구","차대차","추돌","진행중 추돌","운전자법규위반","중앙선 침범","교차로","교차로내","자전거","자전거","승용차","중형","944543","1946924","126.87242424","37.51994449"
"2016","2016-12-29 11:00","30","주간","목","1","1","0","0","0","전남","장성군","차대차","측면직각충돌","측면직각충돌","운전자법규위반","안전운전 의무 불이행","교차로","교차로내","승용차","소형","이륜차","소형","933653","1699682","126.77034172","35.29044376"
"2016","2016-12-22 21:00","40","야간","목","1","2","1","0","0","대구","서구","차대사람","횡단중","횡단중","운전자법규위반","과속","단일로","기타단일로","승합차","대형","보행자","보행자","1094309","1763157","128.54482833","35.86059615"