"발생년","발생년월일시","발생분","주야","요일","사망자수","사상자수","중상자수","경상자수","부상신고자수","발생지시도","발생지시군구","사고유형_대분류","사고유형_중분류","사고유형","법규위반_대분류","법규위반","도로형태_대분류","도로형태","당사자종별_1당_대분류","당사자종별_1당","당사자종별_2당_대분류","당사자종별_2당","발생위치X_UTMK","발생위치Y_UTMK","경도","위도"
"2016","2016-03-07 14:00","35","주간","월","4","5","0","1","0","경북","청도군","차대차","추돌","진행중 추돌","운전자법규위반","안전운전 의무 불이행","단일로","기타단일로","화물차","대형","화물차","중형","1115293","1731915","128.77241791","35.5765664"
"2016","2016-04-26 00:00","45","야간","화","1","1","0","0","0","충북","영동군","차대차","추돌","진행중 추돌","운전자법규위반","안전운전 의무 불이행","단일로","기타단일로","화물차","대형","화물차","대형","1042866","1801789","127.9768944","36.21232328"
"2016","2016-04-08 01:00","48","야간","금","1","1","0","0","0","경기","성남시","차량단독","공작물충돌","공작물충돌","운전자법규위반","안전운전 의무 불이행","단일로","기타단일로","승합차","소형","","","966630","1937412","127.122795","37.43527166"
"2016","2016-09-11 19:00","30","야간","일","1","1","0","0","0","서울","강북구","차대사람","기타","기타","운전자법규위반","안전운전 의무 불이행","단일로","기타단일로","승합차","대형","보행자","보행자","958328","1958178","127.02777569","37.62210549"
"2016","2016-12-13 19:00","43","야간","화","1","1","0","0","0","대구","남구","차대사람","횡단중","횡단중","운전자법규위반","안전운전 의무 불이행","교차로","교차로내","승용차","중형","보행자","보행자","1099529","1760707","128.60221425","35.83789766"
"2016","2016-04-22 17:00","40","주간","금","1","1","0","0","0","충남","부여군","차량단독","전도전복","전도전복","운전자법규위반","안전운전 의무 불이행","단일로","기타단일로","이륜차","소형","","","953395","1803163","126.98142806","36.22453724"
"2016","2016-04-23 20:00","45","야간","토","1","1","0","0","0","부산","동래구","차대차","측면직각충돌","측면직각충돌","운전자법규위반","안전운전 의무 불이행","단일로","기타단일로","이륜차","소형","승용차","중형","1145064","1689838","129.09893871","35.19282181"
"2016","2016-08-03 23:00","48","야간","수","1","1","0","0","0","전남","영광군","차대차","측면직각충돌","측면직각충돌","운전자법규위반","안전운전 의무 불이행","단일로","교량위","승용차","소형","이륜차","소형","902075","1708652","126.42203197","35.3687183"
"2016","2016-11-07 16:00","02","주간","월","1","1","0","0","0","서울","강북구","차대차","측면직각충돌","측면직각충돌","운전자법규위반","안전운전 의무 불이행","교차로","교차로내","자전거","자전거","승용차","경형","959553","1959139","127.04163041","37.63071744"
"2016","2016-11-05 21:00","20","야간","토","1","2","0","1","0","경북","포항시","차대차","정면충돌","정면충돌","운전자법규위반","안전운전 의무 불이행","교차로","교차로내","승용차","경형","승용차","중형","1170547","1788868","129.39413511","36.08180981"
"2016","2016-09-26 16:00","50","주간","월","1","1","0","0","0","경남","창녕군","차량단독","전도전복","전도전복","운전자법규위반","안전운전 의무 불이행","단일로","기타단일로","농기계","농기계","","","1088222","1728071","128.47327731","35.54469503"
"2016","2016-09-28 03:00","06","야간","수","1","1","0","0","0","대전","유성구","차대차","추돌","진행중 추돌","운전자법규위반","안전운전 의무 불이행","단일로","기타단일로","화물차","소형","화물차","중형","984503","1818421","127.32725969","36.36309455"
"2016","2016-10-09 10:00","27","주간","일","1","4","0","3","0","경북","포항시","차대차","기타","기타","운전자법규위반","안전운전 의무 불이행","단일로","기타단일로","승용차","중형","승용차","중형","1176460","1778691","129.45750094","35.98905312"
"2016","2016-02-28 03:00","35","야간","일","1","1","0","0","0","경남","함양군","차량단독","전도전복","전도전복","운전자법규위반","안전거리 미확보","단일로","기타단일로","승용차","경형","","","1014596","1743072","127.66130654","35.68377167"
"2016","2016-01-03 15:00","20","주간","일","1","1","0","0","0","충남","금산군","차량단독","전도전복","전도전복","운전자법규위반","안전운전 의무 불이행","단일로","기타단일로","이륜차","사발이","","","1003519","1792496","127.53910866","36.12948431"
"2016","2016-01-07 04:00","18","야간","목","1","1","0","0","0","경기","안산시","차량단독","공작물충돌","공작물충돌","운전자법규위반","안전운전 의무 불이행","단일로","기타단일로","이륜차","중형","","","942784","1925471","126.85418266","37.32647669"
"2016","2016-03-25 10:00","30","주간","금","1","1","0","0","0","충남","공주시","차량단독","전도전복","전도전복","운전자법규위반","안전운전 의무 불이행","기타/불명","기타/불명","이륜차","소형","","","961177","1818973","127.06722906","36.36741211"
"2016","2016-04-09 14:00","07","주간","토","1","2","1","0","0","충남","부여군","차량단독","전도전복","전도전복","운전자법규위반","안전운전 의무 불이행","단일로","기타단일로","승용차","소형","","","954381","1803914","126.9923551","36.23135473"
"2016","2016-05-03 16:00","10","주간","화","1","1","0","0","0","전남","담양군","차대사람","횡단중","횡단중","운전자법규위반","안전운전 의무 불이행","단일로","기타단일로","화물차","소형","보행자","보행자","944429","1698139","126.88894989","35.27718812"
"2016","2016-07-03 05:00","01","야간","일","1","1","0","0","0","서울","성북구","차대사람","횡단중","횡단중","운전자법규위반","안전운전 의무 불이행","단일로","기타단일로","승용차","중형","보행자","보행자","958667","1954096","127.03184772","37.58532889"
"2016","2016-06-25 21:00","05","야간","토","1","1","0","0","0","경북","경산시","차대차","기타","기타","운전자법규위반","안전운전 의무 불이행","단일로","기타단일로","자전거","자전거","승용차","중형","1118808","1759754","128.81531759","35.82709195"
"2016","2016-07-15 20:00","44","야간","금","1","1","0","0","0","경남","고성군","차대사람","횡단중","횡단중","운전자법규위반","안전운전 의무 불이행","단일로","기타단일로","승용차","중형","보행자","보행자","1076223","1664131","128.33498244","34.96920192"
"2016","2016-08-10 15:00","48","주간","수","1","3","2","0","0","경북","상주시","차대차","정면충돌","정면충돌","운전자법규위반","중앙선 침범","단일로","기타단일로","승용차","중형","화물차","소형","1059217","1838650","128.16160227","36.54375376"
"2016","2016-08-22 16:00","40","주간","월","1","1","0","0","0","전북","군산시","차대차","정면충돌","정면충돌","운전자법규위반","중앙선 침범","단일로","기타단일로","이륜차","소형","특수차","중형","942551","1775545","126.86278706","35.9749708"
"2016","2016-08-19 05:00","20","야간","금","1","1","0","0","0","대전","중구","차대사람","횡단중","횡단중","운전자법규위반","보행자 보호의무 위반","교차로","교차로부근","승용차","경형","보행자","보행자","992022","1815433","127.41110218","36.33624829"
"2016","2016-11-01 15:00","45","주간","화","1","1","0","0","0","경기","부천시","차대사람","횡단중","횡단중","운전자법규위반","기타(운전자법규위반)","단일로","기타단일로","승합차","경형","보행자","보행자","936113","1943511","126.77732973","37.48863792"
"2016","2016-12-19 16:00","28","주간","월","1","1","0","0","0","경기","안양시","차대사람","기타","기타","운전자법규위반","보행자 보호의무 위반","교차로","교차로부근","특수차","대형","보행자","보행자","951098","1932347","126.94756735","37.38892825"
"2016","2016-05-20 15:00","25","주간","금","1","4","0","3","0","경기","광주시","차대차","추돌","진행중 추돌","운전자법규위반","안전운전 의무 불이행","단일로","기타단일로","승용차","중형","승용차","중형","987847","1922432","127.36287073","37.30076634"
"2016","2016-04-28 08:00","25","주간","목","1","1","0","0","0","서울","은평구","차대차","기타","기타","운전자법규위반","신호위반","교차로","교차로부근","화물차","소형","자전거","자전거","948376","1960565","126.91483648","37.64311431"
"2016","2016-06-10 01:00","15","야간","금","1","1","0","0","0","광주","남구","차량단독","전도전복","전도전복","운전자법규위반","안전운전 의무 불이행","고가도로위","고가도로위","이륜차","소형","","","945441","1682179","126.8998897","35.13426173"
"2016","2016-09-09 10:00","50","주간","금","1","1","0","0","0","대전","동구","차대차","측면직각충돌","측면직각충돌","운전자법규위반","신호위반","교차로","교차로내","승합차","대형","자전거","자전거","994496","1814508","127.43867616","36.32792634"
"2016","2016-09-06 16:00","10","주간","화","1","1","0","0","0","전북","익산시","차대차","측면직각충돌","측면직각충돌","운전자법규위반","안전운전 의무 불이행","교차로","교차로내","원동기장치자전거","원동기장치자전거","승용차","소형","950562","1770468","126.95195577","35.92963756"
"2016","2016-10-29 03:00","30","야간","토","1","1","0","0","0","경기","수원시","차대사람","횡단중","횡단중","운전자법규위반","안전운전 의무 불이행","단일로","횡단보도상","승용차","중형","보행자","보행자","957591","1917578","127.02175882","37.25612597"
"2016","2016-12-18 17:00","12","주간","일","1","2","1","0","0","전북","정읍시","차량단독","전도전복","전도전복","운전자법규위반","안전운전 의무 불이행","단일로","기타단일로","승용차","중형","","","942680","1733665","126.86721776","35.59740039"
"2016","2016-10-21 13:00","10","주간","금","1","3","0","0","2","경북","김천시","차대차","기타","기타","운전자법규위반","안전운전 의무 불이행","단일로","기타단일로","승용차","중형","화물차","대형","1045106","1800364","128.00173209","36.1993746"
"2016","2016-11-29 23:00","48","야간","화","1","1","0","0","0","경기","화성시","차대사람","차도통행중","차도통행중","운전자법규위반","안전운전 의무 불이행","단일로","기타단일로","승용차","소형","보행자","보행자","955726","1903980","127.00153462","37.13346963"
"2016","2016-12-01 06:00","00","주간","목","1","1","0","0","0","대구","동구","차대차","추돌","진행중 추돌","운전자법규위반","안전운전 의무 불이행","단일로","기타단일로","화물차","대형","화물차","대형","1104231","1769283","128.6552141","35.91464688"
"2016","2016-11-06 09:00","30","주간","일","4","44","22","17","1","대전","대덕구","차대차","기타","기타","운전자법규위반","안전운전 의무 불이행","단일로","기타단일로","승용차","중형","승합차","대형","992831","1823258","127.42004459","36.40679996"
"2016","2016-10-11 12:00","40","주간","화","2","3","0","1","0","경북","구미시","차대차","추돌","진행중 추돌","운전자법규위반","안전운전 의무 불이행","단일로","기타단일로","화물차","대형","화물차","중형","1068529","1802222","128.26242071","36.21474851"
"2016","2016-11-09 10:00","03","주간","수","3","4","0","1","0","경남","하동군","차대차","기타","기타","운전자법규위반","안전운전 의무 불이행","단일로","기타단일로","승용차","중형","화물차","대형","1027829","1666638","127.80494816","34.99429632"
"2016","2016-02-11 10:00","12","주간","목","1","1","0","0","0","서울","강동구","차대차","측면직각충돌","측면직각충돌","운전자법규위반","신호위반","교차로","교차로내","특수차","소형","이륜차","중형","968519","1946491","127.1437591","37.5171717"
"2016","2016-04-28 04:00","20","야간","목","1","3","2","0","0","강원","강릉시","차대차","측면직각충돌","측면직각충돌","운전자법규위반","과속","단일로","기타단일로","화물차","중형","화물차","중형","1118682","1970838","128.84680817","37.72946557"
"2016","2016-04-03 01:00","02","야간","일","1","1","0","0","0","전북","정읍시","차량단독","전도전복","전도전복","운전자법규위반","안전운전 의무 불이행","단일로","교량위","승합차","중형","","","939642","1731963","126.83380898","35.58187448"
"2016","2016-03-12 20:00","25","야간","토","1","2","0","1","0","전남","영암군","차대차","정면충돌","정면충돌","운전자법규위반","중앙선 침범","단일로","기타단일로","이륜차","소형","승용차","대형","926974","1646353","126.70158815","34.80913829"
"2016","2016-04-12 23:00","35","야간","화","1","1","0","0","0","대전","대덕구","차대사람","횡단중","횡단중","운전자법규위반","보행자 보호의무 위반","교차로","교차로부근","승용차","경형","보행자","보행자","992524","1827970","127.41657521","36.44927766"
"2016","2016-06-11 09:00","50","주간","토","1","2","0","1","0","대전","동구","차대차","측면직각충돌","측면직각충돌","운전자법규위반","신호위반","교차로","교차로내","이륜차","소형","건설기계","건설기계","998111","1815149","127.47895179","36.33371912"
"2016","2016-06-10 10:00","10","주간","금","1","1","0","0","0","강원","철원군","차대차","측면직각충돌","측면직각충돌","운전자법규위반","교차로 통행방법 위반","교차로","교차로내","화물차","소형","이륜차","소형","979153","2023144","127.26188031","38.20834936"
"2016","2016-06-10 12:00","30","주간","금","1","1","0","0","0","경기","안양시","차대사람","횡단중","횡단중","운전자법규위반","안전운전 의무 불이행","기타/불명","기타/불명","승용차","중형","보행자","보행자","952038","1933233","126.95812835","37.39696327"
"2016","2016-07-29 02:00","40","야간","금","1","3","1","1","0","서울","강남구","차대차","측면직각충돌","측면직각충돌","운전자법규위반","신호위반","교차로","교차로내","이륜차","중형","화물차","중형","965174","1941892","127.10612543","37.47559857"
"2016","2016-11-04 23:00","30","야간","금","1","1","0","0","0","경기","남양주시","차대사람","횡단중","횡단중","운전자법규위반","신호위반","단일로","기타단일로","승용차","중형","보행자","보행자","973121","1970403","127.19495539","37.73284445"
"2016","2016-09-22 09:00","40","주간","목","1","1","0","0","0","경기","수원시","차대사람","기타","기타","운전자법규위반","안전운전 의무 불이행","단일로","기타단일로","승용차","경형","보행자","보행자","953016","1922106","126.96988288","37.29672003"
"2016","2016-09-03 07:00","30","주간","토","1","1","0","0","0","세종","세종","차대차","기타","기타","운전자법규위반","안전운전 의무 불이행","단일로","기타단일로","화물차","소형","자전거","자전거","988297","1837056","127.36926857","36.5311473"
"2016","2016-03-24 15:00","45","주간","목","1","2","0","1","0","충남","홍성군","차대차","정면충돌","정면충돌","운전자법규위반","중앙선 침범","단일로","기타단일로","이륜차","소형","승용차","중형","926315","1845330","126.67612812","36.60296196"
"2016","2016-06-26 10:00","45","주간","일","1","1","0","0","0","제주","서귀포시","차대차","기타","기타","운전자법규위반","기타(운전자법규위반)","단일로","기타단일로","화물차","대형","건설기계","건설기계","892216","1479822","126.34223011","33.30444904"
"2016","2016-07-12 21:00","30","야간","화","1","1","0","0","0","충남","당진시","차대사람","기타","기타","운전자법규위반","안전운전 의무 불이행","단일로","기타단일로","승용차","경형","보행자","보행자","938260","1879392","126.80691862","36.91085002"
"2016","2016-09-19 14:00","10","주간","월","1","2","0","1","0","충북","괴산군","차량단독","공작물충돌","공작물충돌","운전자법규위반","안전운전 의무 불이행","단일로","기타단일로","승용차","중형","","","1039183","1866977","127.93922873","36.80014385"
"2016","2016-08-01 19:00","49","야간","월","1","1","0","0","0","전북","익산시","차량단독","전도전복","전도전복","운전자법규위반","안전운전 의무 불이행","단일로","기타단일로","이륜차","소형","","","958314","1783170","127.03721942","36.04451611"
"2016","2016-08-08 08:00","55","주간","월","1","1","0","0","0","경남","창원시(통합)","차대차","측면직각충돌","측면직각충돌","운전자법규위반","신호위반","교차로","교차로내","자전거","자전거","승용차","경형","1096830","1688576","128.56354687","35.18783074"
"2016","2016-10-01 13:00","30","주간","토","1","1","0","0","0","경북","청송군","차량단독","전도전복","전도전복","운전자법규위반","안전운전 의무 불이행","단일로","기타단일로","화물차","경형","","","1144624","1814232","129.11101703","36.31459645"
"2016","2016-11-21 00:00","05","야간","월","1","2","1","0","0","대구","달서구","차대차","측면직각충돌","측면직각충돌","운전자법규위반","차로위반(진로변경 위반)","단일로","기타단일로","원동기장치자전거","원동기장치자전거","승용차","중형","1093140","1758238","128.53080098","35.81623194"
"2016","2016-04-01 09:00","55","주간","금","1","1","0","0","0","경남","양산시","차대차","기타","기타","운전자법규위반","안전운전 의무 불이행","단일로","기타단일로","화물차","소형","자전거","자전거","1138947","1704639","129.02875395","35.32313917"
"2016","2016-03-19 06:00","15","주간","토","1","1","0","0","0","경북","구미시","차대차","추돌","진행중 추돌","운전자법규위반","안전거리 미확보","단일로","기타단일로","화물차","중형","화물차","소형","1068726","1803536","128.26472755","36.22657998"
"2016","2016-04-05 03:00","05","야간","화","1","2","0","1","0","경북","문경시","차대차","추돌","진행중 추돌","운전자법규위반","안전운전 의무 불이행","단일로","교량위","화물차","대형","화물차","대형","1057835","1848519","128.1469048","36.63280232"
"2016","2016-10-24 18:00","59","야간","월","1","1","0","0","0","경기","용인시","차대차","추돌","진행중 추돌","운전자법규위반","안전운전 의무 불이행","단일로","기타단일로","화물차","중형","화물차","중형","979086","1916391","127.26418586","37.24615733"
"2016","2016-08-13 23:00","50","야간","토","1","4","2","1","0","경기","여주시","차대차","추돌","진행중 추돌","운전자법규위반","안전운전 의무 불이행","단일로","터널안","승용차","중형","승용차","중형","1021039","1916160","127.73721703","37.24407229"
"2016","2016-08-31 22:00","00","야간","수","1","5","1","2","1","대구","동구","차대차","추돌","진행중 추돌","운전자법규위반","안전운전 의무 불이행","단일로","기타단일로","특수차","대형","화물차","대형","1107055","1766674","128.68615612","35.89082378"
"2016","2016-01-05 05:00","00","야간","화","1","2","1","0","0","경기","고양시","차대차","측면직각충돌","측면직각충돌","운전자법규위반","신호위반","교차로","교차로내","승용차","경형","화물차","대형","933500","1962772","126.74602624","37.66204842"
"2016","2016-01-02 06:00","30","주간","토","1","1","0","0","0","경남","사천시","차대사람","횡단중","횡단중","운전자법규위반","안전운전 의무 불이행","단일로","기타단일로","승용차","소형","보행자","보행자","1051430","1663949","128.06339153","34.96912449"
"2016","2016-01-01 04:00","40","야간","금","1","1","0","0","0","경기","수원시","차대차","추돌","진행중 추돌","운전자법규위반","안전운전 의무 불이행","단일로","기타단일로","승용차","소형","화물차","대형","957686","1914744","127.02299112","37.23058533"
"2016","2016-01-09 17:00","50","주간","토","1","1","0","0","0","강원","강릉시","차대사람","횡단중","횡단중","운전자법규위반","안전운전 의무 불이행","단일로","기타단일로","승용차","중형","보행자","보행자","1116871","1984982","128.82854256","37.8571472"
"2016","2016-01-06 18:00","00","야간","수","1","1","0","0","0","전남","함평군","차대차","측면직각충돌","측면직각충돌","운전자법규위반","안전운전 의무 불이행","단일로","기타단일로","승용차","중형","화물차","소형","912199","1675385","126.53701257","35.06973133"
"2016","2016-12-12 16:00","05","주간","월","1","1","0","0","0","충남","논산시","차량단독","전도전복","전도전복","운전자법규위반","안전운전 의무 불이행","교차로","교차로내","원동기장치자전거","원동기장치자전거","","","956520","1796541","127.01656579","36.16498337"
"2016","2016-12-12 00:00","13","야간","월","1","1","0","0","0","경북","포항시","차대차","추돌","진행중 추돌","운전자법규위반","안전운전 의무 불이행","교차로","교차로부근","승용차","중형","화물차","대형","1170132","1778342","129.38726329","35.98703296"
"2016","2016-12-10 22:00","40","야간","토","1","1","0","0","0","경기","광주시","차대사람","횡단중","횡단중","운전자법규위반","안전운전 의무 불이행","교차로","교차로내","승용차","중형","보행자","보행자","986415","1927756","127.3466152","37.34873653"
"2016","2016-12-10 01:00","09","야간","토","1","1","0","0","0","대구","수성구","차대사람","횡단중","횡단중","운전자법규위반","안전운전 의무 불이행","교차로","교차로부근","승용차","중형","보행자","보행자","1109250","1760972","128.70969018","35.83918257"
"2016","2016-12-10 18:00","25","야간","토","1","1","0","0","0","충남","아산시","차대차","추돌","진행중 추돌","운전자법규위반","안전운전 의무 불이행","단일로","기타단일로","화물차","소형","자전거","자전거","956279","1864617","127.01003885","36.77867109"
"2016","2016-12-10 09:00","58","주간","토","1","1","0","0","0","경남","통영시","차량단독","전도전복","전도전복","운전자법규위반","안전운전 의무 불이행","교차로","교차로내","건설기계","건설기계","","","1083264","1662971","128.41198864","34.95818818"
"2016","2016-12-07 01:00","15","야간","수","1","1","0","0","0","경기","용인시","차량단독","공작물충돌","공작물충돌","운전자법규위반","안전운전 의무 불이행","교차로","교차로내","승용차","소형","","","975644","1919949","127.22525976","37.27814523"
"2016","2016-12-16 13:00","12","주간","금","1","1","0","0","0","충남","아산시","차대사람","기타","기타","운전자법규위반","안전운전 의무 불이행","단일로","기타단일로","화물차","중형","보행자","보행자","945266","1874612","126.88590748","36.86819551"
"2016","2016-12-16 19:00","30","야간","금","1","3","0","2","0","경기","가평군","차대사람","횡단중","횡단중","운전자법규위반","안전운전 의무 불이행","단일로","기타단일로","승용차","대형","보행자","보행자","1002505","1988543","127.52849171","37.89673485"
"2016","2016-12-14 01:00","50","야간","수","1","3","1","1","0","서울","강남구","차대차","측면직각충돌","측면직각충돌","운전자법규위반","신호위반","교차로","교차로내","이륜차","소형","승용차","중형","961758","1944720","127.06734518","37.50095345"
"2016","2016-12-18 21:00","54","야간","일","1","9","1","7","0","인천","남동구","차대차","측면직각충돌","측면직각충돌","운전자법규위반","안전운전 의무 불이행","단일로","기타단일로","화물차","소형","승합차","중형","931636","1940277","126.72699162","37.45916964"
"2016","2016-11-11 05:00","40","야간","금","1","1","0","0","0","부산","북구","차대사람","횡단중","횡단중","운전자법규위반","안전운전 의무 불이행","단일로","횡단보도상","원동기장치자전거","원동기장치자전거","보행자","보행자","1136794","1691499","129.00285789","35.20945294"
"2016","2016-11-09 04:00","05","야간","수","1","3","1","1","0","부산","사상구","차대차","측면직각충돌","측면직각충돌","운전자법규위반","신호위반","교차로","교차로내","승용차","중형","승용차","중형","1134991","1684963","128.98199559","35.15085722"
"2016","2016-11-10 06:00","25","주간","목","1","1","0","0","0","경남","양산시","차대사람","횡단중","횡단중","운전자법규위반","신호위반","단일로","횡단보도상","화물차","소형","보행자","보행자","1149532","1709043","129.14596151","35.36584095"
"2016","2016-11-10 04:00","50","야간","목","1","1","0","0","0","경기","수원시","차대사람","횡단중","횡단중","운전자법규위반","안전운전 의무 불이행","교차로","교차로내","승용차","대형","보행자","보행자","957906","1921281","127.02899528","37.29177172"
"2016","2016-11-07 17:00","10","주간","월","1","1","0","0","0","경남","진주시","차대차","측면직각충돌","측면직각충돌","운전자법규위반","안전운전 의무 불이행","단일로","기타단일로","승용차","중형","승합차","대형","1053476","1688096","128.08736184","35.18674836"
"2016","2016-11-11 20:00","55","야간","금","1","5","2","2","0","부산","수영구","차대차","측면직각충돌","측면직각충돌","운전자법규위반","신호위반","교차로","교차로내","승용차","소형","승용차","중형","1146660","1687328","129.11048045","35.17054006"
"2016","2016-11-12 19:00","35","야간","토","1","1","0","0","0","전남","나주시","차대사람","차도통행중","차도통행중","운전자법규위반","안전운전 의무 불이행","단일로","기타단일로","승용차","중형","보행자","보행자","939708","1673353","126.83885272","35.05342955"
"2016","2016-11-09 10:00","39","주간","수","1","1","0","0","0","경북","포항시","차대사람","횡단중","횡단중","운전자법규위반","중앙선 침범","단일로","횡단보도상","승용차","경형","보행자","보행자","1167831","1783554","129.36285571","36.03439783"
"2016","2016-11-06 18:00","20","야간","일","1","1","0","0","0","전북","고창군","차량단독","공작물충돌","공작물충돌","운전자법규위반","안전운전 의무 불이행","단일로","기타단일로","승용차","중형","","","922825","1707851","126.65050027","35.36331824"
"2016","2016-11-09 19:00","12","야간","수","1","1","0","0","0","충북","청주시","차대사람","횡단중","횡단중","운전자법규위반","안전운전 의무 불이행","교차로","교차로부근","화물차","소형","보행자","보행자","991431","1853756","127.40409147","36.68173129"
"2016","2016-11-18 19:00","10","야간","금","1","1","0","0","0","경북","경주시","차대차","기타","기타","운전자법규위반","안전운전 의무 불이행","단일로","기타단일로","화물차","소형","자전거","자전거","1154850","1779471","129.2180336","35.99975409"
"2016","2016-11-16 06:00","30","주간","수","1","1","0","0","0","경남","김해시","차대사람","횡단중","횡단중","운전자법규위반","안전운전 의무 불이행","단일로","기타단일로","승용차","중형","보행자","보행자","1128585","1695066","128.91326378","35.24276943"
"2016","2016-11-16 19:00","30","야간","수","1","1","0","0","0","충남","아산시","차대차","측면직각충돌","측면직각충돌","운전자법규위반","안전운전 의무 불이행","단일로","기타단일로","승용차","소형","이륜차","중형","954494","1853881","126.99067549","36.68180754"
"2016","2016-11-17 19:00","20","야간","목","1","2","0","1","0","인천","서구","차대차","기타","기타","운전자법규위반","안전운전 의무 불이행","교차로","교차로부근","이륜차","소형","승용차","소형","929780","1955037","126.70459597","37.59205882"
"2016","2016-11-17 18:00","40","야간","목","1","1","0","0","0","경북","영천시","차대사람","횡단중","횡단중","운전자법규위반","안전운전 의무 불이행","교차로","교차로내","승용차","중형","보행자","보행자","1142175","1779492","129.07746052","36.00187485"
"2016","2016-11-13 18:00","15","야간","일","1","1","0","0","0","충남","논산시","차대사람","횡단중","횡단중","운전자법규위반","안전운전 의무 불이행","교차로","교차로부근","승용차","중형","보행자","보행자","968117","1795419","127.14555043","36.15531911"
"2016","2016-11-16 23:00","15","야간","수","1","1","0","0","0","전북","군산시","차대사람","횡단중","횡단중","운전자법규위반","과속","단일로","기타단일로","승용차","대형","보행자","보행자","912507","1770357","126.53015233","35.92597019"
"2016","2016-11-17 06:00","16","주간","목","1","1","0","0","0","경기","의정부시","차대사람","횡단중","횡단중","운전자법규위반","신호위반","교차로","교차로내","승용차","대형","보행자","보행자","957926","1971504","127.02245102","37.7421954"
"2016","2016-11-15 07:00","30","주간","화","1","11","4","6","0","경북","영주시","차대차","추돌","진행중 추돌","운전자법규위반","안전운전 의무 불이행","단일로","기타단일로","승용차","중형","승용차","중형","1105471","1873255","128.68306807","36.85166147"
"2016","2016-11-24 23:00","30","야간","목","1","1","0","0","0","전남","광양시","차량단독","전도전복","전도전복","운전자법규위반","안전운전 의무 불이행","단일로","기타단일로","화물차","소형","","","1018940","1666147","127.70753267","34.99007436"
"2016","2016-11-26 19:00","00","야간","토","1","1","0","0","0","경북","문경시","차량단독","전도전복","전도전복","운전자법규위반","안전운전 의무 불이행","단일로","기타단일로","화물차","소형","","","1049434","1851450","128.05312988","36.65969712"
"2016","2016-11-21 16:00","40","주간","월","1","1","0","0","0","충남","서천군","차량단독","전도전복","전도전복","운전자법규위반","안전운전 의무 불이행","단일로","기타단일로","농기계","농기계","","","924737","1795592","126.66330285","36.15448031"
"2016","2016-11-26 18:00","25","야간","토","1","1","0","0","0","충북","제천시","차대사람","횡단중","횡단중","운전자법규위반","보행자 보호의무 위반","교차로","교차로내","승용차","대형","보행자","보행자","1062118","1900980","128.19883664","37.10445372"
"2016","2016-11-01 10:00","34","주간","화","1","1","0","0","0","경남","창원시(통합)","차대사람","횡단중","횡단중","운전자법규위반","안전운전 의무 불이행","단일로","기타단일로","승용차","경형","보행자","보행자","1107344","1692594","128.67953201","35.22298481"
"2016","2016-10-28 15:00","20","주간","금","1","1","0","0","0","경남","창녕군","차대차","측면직각충돌","측면직각충돌","운전자법규위반","안전운전 의무 불이행","교차로","교차로내","이륜차","소형","승합차","대형","1091684","1720923","128.51065739","35.4799396"
"2016","2016-11-03 05:00","45","야간","목","1","1","0","0","0","제주","서귀포시","차대사람","횡단중","횡단중","운전자법규위반","안전운전 의무 불이행","교차로","교차로부근","승용차","중형","보행자","보행자","926292","1477018","126.70857438","33.28204419"
"2016","2016-10-29 20:00","00","야간","토","1","1","0","0","0","부산","강서구","차대사람","기타","기타","운전자법규위반","안전운전 의무 불이행","교차로","교차로내","승용차","중형","보행자","보행자","1132259","1691901","128.95337086","35.2137412"
"2016","2016-11-04 16:00","25","주간","금","1","1","0","0","0","경북","예천군","차대차","측면직각충돌","측면직각충돌","운전자법규위반","안전운전 의무 불이행","교차로","교차로내","화물차","중형","이륜차","소형","1089475","1856198","128.50166566","36.69957041"
"2016","2016-11-01 11:00","35","주간","화","1","1","0","0","0","대구","북구","차대사람","횡단중","횡단중","운전자법규위반","보행자 보호의무 위반","단일로","기타단일로","승용차","경형","보행자","보행자","1099547","1767042","128.60302879","35.8949338"
"2016","2016-12-10 20:00","10","야간","토","1","1","0","0","0","대구","중구","차대사람","기타","기타","운전자법규위반","안전운전 의무 불이행","단일로","기타단일로","승합차","대형","보행자","보행자","1098732","1764186","128.59364565","35.86927106"
"2016","2016-11-22 23:00","00","야간","화","1","1","0","0","0","경기","고양시","차대사람","횡단중","횡단중","운전자법규위반","보행자 보호의무 위반","단일로","횡단보도상","승용차","중형","보행자","보행자","936315","1961692","126.77803446","37.65251437"
"2016","2016-11-23 09:00","21","주간","수","1","1","0","0","0","경기","군포시","차대사람","횡단중","횡단중","운전자법규위반","보행자 보호의무 위반","단일로","횡단보도상","화물차","소형","보행자","보행자","949765","1929053","126.9327331","37.35916675"
"2016","2016-11-22 18:00","00","야간","화","1","1","0","0","0","부산","기장군","차대사람","기타","기타","운전자법규위반","안전운전 의무 불이행","단일로","기타단일로","승용차","중형","보행자","보행자","1156745","1692376","129.22214138","35.21451534"