"발생년","발생년월일시","발생분","주야","요일","사망자수","사상자수","중상자수","경상자수","부상신고자수","발생지시도","발생지시군구","사고유형_대분류","사고유형_중분류","사고유형","법규위반_대분류","법규위반","도로형태_대분류","도로형태","당사자종별_1당_대분류","당사자종별_1당","당사자종별_2당_대분류","당사자종별_2당","발생위치X_UTMK","발생위치Y_UTMK","경도","위도"
"2016","2016-10-13 10:00","55","주간","목","1","1","0","0","0","충북","청주시","차대사람","횡단중","횡단중","운전자법규위반","보행자 보호의무 위반","단일로","기타단일로","승용차","대형","보행자","보행자","998472","1851175","127.482903","36.65850115"
"2016","2016-10-12 21:00","19","야간","수","1","1","0","0","0","서울","중랑구","차대사람","차도통행중","차도통행중","운전자법규위반","안전운전 의무 불이행","단일로","기타단일로","승용차","소형","보행자","보행자","964747","1956463","127.10059628","37.6069164"
"2016","2016-10-09 16:00","35","주간","일","1","1","0","0","0","경북","안동시","차량단독","전도전복","전도전복","운전자법규위반","안전운전 의무 불이행","단일로","기타단일로","승용차","중형","","","1103819","1842943","128.66042439","36.57864231"
"2016","2016-10-10 05:00","15","야간","월","1","1","0","0","0","광주","광산구","차대차","기타","기타","운전자법규위반","신호위반","교차로","교차로내","승용차","중형","승합차","중형","936584","1683417","126.80382689","35.14398136"
"2016","2016-10-14 06:00","40","주간","금","1","4","0","2","1","서울","강남구","차대차","측면직각충돌","측면직각충돌","운전자법규위반","중앙선 침범","단일로","교량위","승용차","대형","승용차","중형","960850","1946844","127.05695957","37.5200598"
"2016","2016-10-07 19:00","13","야간","금","1","1","0","0","0","서울","서대문구","차대사람","기타","기타","운전자법규위반","안전운전 의무 불이행","단일로","횡단보도부근","승용차","중형","보행자","보행자","951032","1954421","126.94535268","37.58788351"
"2016","2016-10-11 19:00","11","야간","화","1","1","0","0","0","경남","밀양시","차대사람","횡단중","횡단중","운전자법규위반","안전운전 의무 불이행","교차로","교차로내","승용차","중형","보행자","보행자","1104545","1727730","128.65328082","35.54003326"
"2016","2016-10-17 04:00","58","야간","월","1","1","0","0","0","대전","대덕구","차대사람","길가장자리구역통행중","길가장자리구역통행중","운전자법규위반","과속","교차로","교차로부근","승용차","중형","보행자","보행자","992401","1817331","127.41530679","36.35336261"
"2016","2016-10-14 20:00","25","야간","금","1","1","0","0","0","제주","제주시","차대사람","차도통행중","차도통행중","운전자법규위반","안전운전 의무 불이행","단일로","기타단일로","승용차","경형","보행자","보행자","915827","1503695","126.59353034","33.52153568"
"2016","2016-10-14 10:00","15","주간","금","1","1","0","0","0","부산","남구","차대사람","횡단중","횡단중","운전자법규위반","보행자 보호의무 위반","단일로","횡단보도상","화물차","중형","보행자","보행자","1144298","1683373","129.08386093","35.13523267"
"2016","2016-10-14 18:00","35","야간","금","1","1","0","0","0","강원","속초시","차대사람","횡단중","횡단중","운전자법규위반","안전운전 의무 불이행","단일로","기타단일로","승용차","대형","보행자","보행자","1092359","2018916","128.55432014","38.16575268"
"2016","2016-10-19 17:00","34","주간","수","1","5","1","3","0","경기","안양시","차대사람","기타","기타","운전자법규위반","기타(운전자법규위반)","단일로","기타단일로","승용차","대형","보행자","보행자","949549","1932280","126.93007406","37.38824131"
"2016","2016-10-19 06:00","13","주간","수","1","1","0","0","0","충남","예산군","차대차","측면직각충돌","측면직각충돌","운전자법규위반","안전운전 의무 불이행","단일로","기타단일로","화물차","소형","자전거","자전거","935902","1852963","126.78267457","36.67246069"
"2016","2016-10-15 20:00","15","야간","토","1","1","0","0","0","경북","문경시","차대차","기타","기타","운전자법규위반","안전운전 의무 불이행","단일로","기타단일로","승용차","중형","승용차","경형","1054663","1859553","128.11221455","36.73245454"
"2016","2016-10-16 14:00","15","주간","일","1","1","0","0","0","광주","광산구","차대사람","횡단중","횡단중","운전자법규위반","신호위반","단일로","기타단일로","승용차","대형","보행자","보행자","940190","1691237","126.84284346","35.21471197"
"2016","2016-10-18 06:00","00","주간","화","1","1","0","0","0","전남","목포시","차대차","측면직각충돌","측면직각충돌","운전자법규위반","안전운전 의무 불이행","교차로","교차로부근","화물차","소형","자전거","자전거","898123","1644876","126.38637726","34.79334347"
"2016","2016-10-18 16:00","18","주간","화","1","1","0","0","0","경남","김해시","차대차","측면직각충돌","측면직각충돌","운전자법규위반","안전운전 의무 불이행","교차로","교차로내","원동기장치자전거","원동기장치자전거","화물차","소형","1120017","1689841","128.8183548","35.19673046"
"2016","2016-10-18 09:00","15","주간","화","1","1","0","0","0","충북","청주시","차대차","정면충돌","정면충돌","운전자법규위반","차로위반(진로변경 위반)","교차로","교차로부근","자전거","자전거","화물차","소형","993589","1828952","127.42788231","36.45806318"
"2016","2016-10-20 09:00","35","주간","목","1","1","0","0","0","전남","담양군","차량단독","공작물충돌","공작물충돌","운전자법규위반","안전운전 의무 불이행","단일로","기타단일로","승용차","중형","","","960015","1705974","127.05994327","35.34857826"
"2016","2016-10-20 20:00","26","야간","목","1","1","0","0","0","강원","양구군","차량단독","전도전복","전도전복","운전자법규위반","안전운전 의무 불이행","단일로","기타단일로","화물차","소형","","","1040195","2024084","127.95916568","38.21616467"
"2016","2016-09-28 19:00","45","야간","수","1","1","0","0","0","경북","구미시","차대사람","횡단중","횡단중","운전자법규위반","보행자 보호의무 위반","단일로","횡단보도상","승용차","중형","보행자","보행자","1075335","1792613","128.33737706","36.12756088"
"2016","2016-09-04 16:00","35","주간","일","1","1","0","0","0","경북","성주군","차량단독","도로이탈","도로이탈 추락","운전자법규위반","안전운전 의무 불이행","단일로","기타단일로","이륜차","사발이","","","1061624","1759202","128.18225265","35.82737644"
"2016","2016-08-31 22:00","45","야간","수","1","1","0","0","0","서울","서초구","차대차","기타","기타","운전자법규위반","안전운전 의무 불이행","단일로","기타단일로","이륜차","소형","불명","불명","956891","1942667","127.0124039","37.48223453"
"2016","2016-08-31 20:00","20","야간","수","1","1","0","0","0","전북","김제시","차대사람","횡단중","횡단중","운전자법규위반","안전운전 의무 불이행","단일로","기타단일로","원동기장치자전거","원동기장치자전거","보행자","보행자","944522","1756949","126.88594378","35.80743104"
"2016","2016-09-06 05:00","43","야간","화","1","1","0","0","0","경북","상주시","차대차","측면직각충돌","측면직각충돌","운전자법규위반","신호위반","교차로","교차로내","승용차","중형","자전거","자전거","1060365","1825356","128.17338959","36.42384198"
"2016","2016-09-03 17:00","00","주간","토","1","1","0","0","0","경기","오산시","차대차","기타","기타","운전자법규위반","안전운전 의무 불이행","단일로","횡단보도상","건설기계","건설기계","자전거","자전거","963430","1906770","127.08813264","37.1589516"
"2016","2016-09-03 15:00","45","주간","토","1","3","2","0","0","충남","공주시","차량단독","공작물충돌","공작물충돌","운전자법규위반","안전운전 의무 불이행","교차로","교차로내","화물차","소형","","","958897","1814931","127.04202742","36.33087819"
"2016","2016-10-11 15:00","20","주간","화","2","2","0","0","0","충북","음성군","차대차","기타","기타","운전자법규위반","중앙선 침범","단일로","기타단일로","화물차","대형","화물차","소형","1004688","1889513","127.55269115","37.00409572"
"2016","2016-10-19 03:00","27","야간","수","1","1","0","0","0","충북","청주시","차대사람","횡단중","횡단중","운전자법규위반","과속","단일로","기타단일로","승용차","경형","보행자","보행자","998642","1845918","127.48481445","36.61110963"
"2016","2016-10-15 11:00","50","주간","토","1","1","0","0","0","강원","홍천군","차대사람","횡단중","횡단중","운전자법규위반","보행자 보호의무 위반","단일로","횡단보도상","이륜차","사발이","보행자","보행자","1033595","1965504","127.88103565","37.68846719"
"2016","2016-10-19 19:00","08","야간","수","1","1","0","0","0","충남","부여군","차량단독","기타","기타","운전자법규위반","안전운전 의무 불이행","단일로","기타단일로","이륜차","소형","","","943237","1793480","126.86910638","36.13670061"
"2016","2016-10-16 01:00","10","야간","일","1","1","0","0","0","경남","창원시(통합)","차대사람","횡단중","횡단중","운전자법규위반","안전운전 의무 불이행","단일로","횡단보도상","승용차","소형","보행자","보행자","1100711","1696265","128.60710861","35.25676851"
"2016","2016-10-27 21:00","50","야간","목","1","1","0","0","0","경기","광주시","차대사람","횡단중","횡단중","운전자법규위반","안전운전 의무 불이행","교차로","교차로내","화물차","소형","보행자","보행자","974585","1934056","127.2128304","37.40527452"
"2016","2016-10-28 19:00","40","야간","금","1","2","1","0","0","부산","강서구","차대차","추돌","진행중 추돌","운전자법규위반","안전운전 의무 불이행","교차로","교차로부근","화물차","대형","화물차","대형","1121681","1677288","128.83466228","35.08367278"
"2016","2016-10-23 06:00","35","주간","일","1","1","0","0","0","전북","장수군","차대차","측면직각충돌","측면직각충돌","운전자법규위반","앞지르기 금지위반","교차로","교차로내","승용차","경형","이륜차","사발이","1008901","1747798","127.59842117","35.72645093"
"2016","2016-10-27 09:00","26","주간","목","1","1","0","0","0","경남","함안군","차량단독","전도전복","전도전복","운전자법규위반","안전운전 의무 불이행","단일로","기타단일로","농기계","농기계","","","1083885","1697198","128.42226042","35.26673121"
"2016","2016-10-23 19:00","45","야간","일","1","4","1","2","0","전남","고흥군","차량단독","전도전복","전도전복","운전자법규위반","안전운전 의무 불이행","단일로","기타단일로","승용차","중형","","","977358","1639296","127.25262965","34.74786796"
"2016","2016-10-07 04:00","50","야간","금","1","1","0","0","0","대전","동구","차대사람","횡단중","횡단중","운전자법규위반","안전운전 의무 불이행","단일로","횡단보도상","승용차","소형","보행자","보행자","996680","1810304","127.46302749","36.29003528"
"2016","2016-09-30 16:00","09","주간","금","1","1","0","0","0","경기","용인시","차대사람","횡단중","횡단중","운전자법규위반","보행자 보호의무 위반","교차로","교차로부근","승합차","경형","보행자","보행자","965030","1919240","127.1055674","37.27141604"
"2016","2016-10-01 15:00","20","주간","토","1","1","0","0","0","충북","청주시","차대차","기타","기타","운전자법규위반","안전운전 의무 불이행","교차로","교차로부근","승합차","대형","자전거","자전거","1003230","1858722","127.53617277","36.72653231"
"2016","2016-10-01 18:00","40","야간","토","1","1","0","0","0","충남","청양군","차대차","추돌","진행중 추돌","운전자법규위반","과속","교차로","교차로부근","화물차","소형","농기계","농기계","942953","1814771","126.86439844","36.32862312"
"2016","2016-10-04 22:00","38","야간","화","1","1","0","0","0","강원","홍천군","차대사람","횡단중","횡단중","운전자법규위반","안전운전 의무 불이행","단일로","기타단일로","승용차","대형","보행자","보행자","1035635","1966010","127.90419764","37.69295081"
"2016","2016-09-29 21:00","40","야간","목","1","1","0","0","0","경북","경산시","차대사람","차도통행중","차도통행중","운전자법규위반","안전운전 의무 불이행","단일로","기타단일로","화물차","대형","보행자","보행자","1120235","1769907","128.83264394","35.91843406"
"2016","2016-09-28 19:00","40","야간","수","1","1","0","0","0","충남","아산시","차대사람","횡단중","횡단중","운전자법규위반","안전운전 의무 불이행","교차로","교차로부근","승용차","대형","보행자","보행자","958274","1874192","127.03186977","36.86507394"
"2016","2016-09-25 14:00","27","주간","일","1","1","0","0","0","경기","가평군","차대사람","기타","기타","운전자법규위반","안전운전 의무 불이행","교차로","교차로부근","승용차","중형","보행자","보행자","988158","1977451","127.36549171","37.79668781"
"2016","2016-09-22 19:00","37","야간","목","1","1","0","0","0","충북","보은군","차대사람","차도통행중","차도통행중","운전자법규위반","안전운전 의무 불이행","단일로","기타단일로","승용차","중형","보행자","보행자","1027079","1828068","127.80211179","36.44978006"
"2016","2016-09-28 09:00","12","주간","수","1","2","1","0","0","전북","익산시","차대차","정면충돌","정면충돌","운전자법규위반","신호위반","교차로","교차로내","이륜차","소형","화물차","소형","950895","1772234","126.95569757","35.9452521"
"2016","2016-09-24 14:00","30","주간","토","1","1","0","0","0","강원","정선군","차량단독","기타","기타","운전자법규위반","안전운전 의무 불이행","단일로","기타단일로","자전거","자전거","","","1108744","1914993","128.72580695","37.22744629"
"2016","2016-09-01 08:00","42","주간","목","1","1","0","0","0","전남","나주시","차대사람","횡단중","횡단중","운전자법규위반","신호위반","단일로","횡단보도상","승용차","중형","보행자","보행자","928970","1666803","126.72167133","34.99367216"
"2016","2016-08-31 00:00","35","야간","수","1","1","0","0","0","경기","안양시","차대사람","횡단중","횡단중","운전자법규위반","안전운전 의무 불이행","교차로","교차로내","화물차","소형","보행자","보행자","953690","1933800","126.97675629","37.40215795"
"2016","2016-08-30 13:00","10","주간","화","1","1","0","0","0","경기","부천시","차대사람","횡단중","횡단중","운전자법규위반","안전운전 의무 불이행","교차로","교차로내","승용차","중형","보행자","보행자","936258","1942605","126.77904828","37.48048219"
"2016","2016-10-13 06:00","00","주간","목","2","2","0","0","0","경남","창녕군","차대차","추돌","진행중 추돌","운전자법규위반","안전운전 의무 불이행","단일로","기타단일로","화물차","중형","농기계","농기계","1089014","1729158","128.48213313","35.55442382"
"2016","2016-10-09 06:00","00","주간","일","1","1","0","0","0","부산","진구","차대사람","횡단중","횡단중","운전자법규위반","안전운전 의무 불이행","단일로","횡단보도상","승용차","소형","보행자","보행자","1141644","1686383","129.05518041","35.16294098"
"2016","2016-10-07 13:00","40","주간","금","1","1","0","0","0","경기","하남시","차대차","기타","기타","운전자법규위반","중앙선 침범","교차로","교차로부근","화물차","소형","원동기장치자전거","원동기장치자전거","975740","1945909","127.2254906","37.51214401"
"2016","2016-10-07 21:00","52","야간","금","1","4","2","1","0","충남","천안시","차대차","정면충돌","정면충돌","운전자법규위반","중앙선 침범","기타/불명","기타/불명","승용차","중형","승용차","중형","975087","1878876","127.22034064","36.90789108"
"2016","2016-10-08 00:00","02","야간","토","1","1","0","0","0","서울","중구","차대사람","횡단중","횡단중","운전자법규위반","안전운전 의무 불이행","단일로","기타단일로","승합차","대형","보행자","보행자","957489","1951903","127.01858862","37.56571092"
"2016","2016-10-08 13:00","49","주간","토","1","1","0","0","0","충북","옥천군","차대사람","기타","기타","운전자법규위반","안전운전 의무 불이행","단일로","기타단일로","승합차","대형","보행자","보행자","1013401","1810305","127.64923733","36.28995689"
"2016","2016-10-12 14:00","00","주간","수","1","1","0","0","0","대구","수성구","차대사람","횡단중","횡단중","운전자법규위반","안전운전 의무 불이행","교차로","교차로내","특수차","대형","보행자","보행자","1102659","1758786","128.63657537","35.82027476"
"2016","2016-10-13 08:00","00","주간","목","2","4","0","2","0","경기","이천시","차대차","기타","기타","운전자법규위반","신호위반","교차로","교차로내","승용차","중형","화물차","대형","991111","1918488","127.39974742","37.26525213"
"2016","2016-10-10 09:00","45","주간","월","1","1","0","0","0","전남","강진군","차대차","기타","기타","운전자법규위반","안전거리 미확보","단일로","기타단일로","화물차","소형","원동기장치자전거","원동기장치자전거","933352","1627280","126.77318892","34.63776486"
"2016","2016-10-14 00:00","48","야간","금","1","1","0","0","0","강원","홍천군","차량단독","공작물충돌","공작물충돌","운전자법규위반","안전운전 의무 불이행","단일로","기타단일로","승용차","경형","","","1043195","1973355","127.99038223","37.75882614"
"2016","2016-10-07 18:00","45","야간","금","1","2","0","1","0","전북","익산시","차대차","추돌","진행중 추돌","운전자법규위반","안전운전 의무 불이행","교차로","교차로내","승용차","중형","화물차","소형","950918","1777860","126.95387557","35.98974704"
"2016","2016-12-14 22:00","00","야간","수","1","1","0","0","0","경기","용인시","차량단독","전도전복","전도전복","운전자법규위반","안전운전 의무 불이행","단일로","기타단일로","승용차","대형","","","964741","1922536","127.10215141","37.30111454"
"2016","2016-12-20 00:00","50","야간","화","1","1","0","0","0","전남","여수시","차대사람","횡단중","횡단중","운전자법규위반","안전운전 의무 불이행","단일로","기타단일로","승용차","소형","보행자","보행자","1021302","1638452","127.73270923","34.74028584"
"2016","2016-12-14 16:00","00","주간","수","1","1","0","0","0","충북","제천시","차대사람","횡단중","횡단중","운전자법규위반","과속","기타/불명","기타/불명","승합차","경형","보행자","보행자","1062804","1903883","128.20706764","37.13153454"
"2016","2016-10-06 06:00","25","주간","목","2","3","1","0","0","전남","무안군","차대차","정면충돌","정면충돌","운전자법규위반","중앙선 침범","단일로","기타단일로","승용차","소형","승용차","중형","899423","1671575","126.39737087","35.03418816"
"2016","2016-10-04 01:00","55","야간","화","1","3","1","1","0","경기","용인시","차대차","측면직각충돌","측면직각충돌","운전자법규위반","신호위반","교차로","교차로내","이륜차","소형","승합차","중형","966458","1925226","127.12140339","37.32542508"
"2016","2016-11-11 18:00","22","야간","금","1","2","0","1","0","전북","완주군","차대차","추돌","진행중 추돌","운전자법규위반","안전운전 의무 불이행","교차로","교차로부근","화물차","소형","화물차","대형","966773","1774004","127.13151044","35.96220342"
"2016","2016-11-09 05:00","00","야간","수","1","1","0","0","0","경북","문경시","차량단독","전도전복","전도전복","운전자법규위반","안전운전 의무 불이행","단일로","기타단일로","원동기장치자전거","원동기장치자전거","","","1061757","1844796","128.19047164","36.59899561"
"2016","2016-11-10 16:00","20","주간","목","1","2","1","0","0","전남","해남군","차량단독","공작물충돌","공작물충돌","운전자법규위반","안전운전 의무 불이행","단일로","기타단일로","승합차","경형","","","894635","1634245","126.3495862","34.69713963"
"2016","2016-11-13 09:00","58","주간","일","1","1","0","0","0","강원","원주시","차대차","측면직각충돌","측면직각충돌","운전자법규위반","직진 및 우회전차의 통행방해","교차로","교차로내","승합차","경형","이륜차","소형","1041175","1927243","127.96473869","37.3432918"
"2016","2016-11-13 06:00","10","주간","일","1","2","1","0","0","대구","서구","차대차","정면충돌","정면충돌","운전자법규위반","신호위반","교차로","교차로내","이륜차","소형","승합차","중형","1095224","1765240","128.55491982","35.87911988"
"2016","2016-11-12 23:00","00","야간","토","1","1","0","0","0","경북","경산시","차대사람","횡단중","횡단중","운전자법규위반","안전운전 의무 불이행","단일로","기타단일로","승용차","경형","보행자","보행자","1117395","1765057","128.80045837","35.8750625"
"2016","2016-11-19 17:00","00","주간","토","1","1","0","0","0","서울","송파구","차대사람","기타","기타","운전자법규위반","안전운전 의무 불이행","단일로","기타단일로","건설기계","건설기계","보행자","보행자","962971","1945239","127.0810421","37.50568087"
"2016","2016-11-13 20:00","32","야간","일","1","1","0","0","0","전북","완주군","차대차","측면직각충돌","측면직각충돌","운전자법규위반","교차로 통행방법 위반","교차로","교차로내","이륜차","사발이","승용차","중형","966203","1770880","127.12532222","35.93401839"
"2016","2016-11-17 12:00","34","주간","목","1","1","0","0","0","강원","홍천군","차대차","정면충돌","정면충돌","운전자법규위반","안전운전 의무 불이행","단일로","기타단일로","이륜차","소형","승용차","중형","1041356","1977846","127.96976126","37.79938825"
"2016","2016-11-14 05:00","00","야간","월","1","2","0","1","0","경기","가평군","차대차","기타","기타","운전자법규위반","안전운전 의무 불이행","단일로","기타단일로","화물차","대형","승용차","대형","992997","1971091","127.42051719","37.73941349"
"2016","2016-11-19 00:00","57","야간","토","1","1","0","0","0","서울","중구","차대사람","기타","기타","운전자법규위반","안전운전 의무 불이행","단일로","기타단일로","승용차","중형","보행자","보행자","955389","1951456","126.99488194","37.56138094"
"2016","2016-11-18 20:00","25","야간","금","1","1","0","0","0","전북","전주시","차량단독","공작물충돌","공작물충돌","운전자법규위반","안전운전 의무 불이행","단일로","기타단일로","승용차","대형","","","968740","1764484","127.15369858","35.87643704"
"2016","2016-11-18 17:00","05","주간","금","1","1","0","0","0","충북","단양군","차대사람","기타","기타","운전자법규위반","중앙선 침범","단일로","기타단일로","승용차","중형","보행자","보행자","1073333","1900940","128.32530811","37.1042421"
"2016","2016-11-27 00:00","35","야간","일","1","1","0","0","0","경기","오산시","차대사람","길가장자리구역통행중","길가장자리구역통행중","운전자법규위반","안전운전 의무 불이행","단일로","기타단일로","승용차","경형","보행자","보행자","961721","1903824","127.06903632","37.13232805"
"2016","2016-11-24 16:00","25","주간","목","1","2","1","0","0","대구","중구","차대차","측면직각충돌","측면직각충돌","운전자법규위반","안전거리 미확보","교차로","교차로부근","승용차","경형","승합차","대형","1098660","1763273","128.59273524","35.86104807"
"2016","2016-11-25 15:00","53","주간","금","1","1","0","0","0","서울","도봉구","차대차","기타","기타","운전자법규위반","안전운전 의무 불이행","교차로","교차로내","건설기계","건설기계","자전거","자전거","959194","1959924","127.03749133","37.63788135"
"2016","2016-11-24 00:00","01","야간","목","1","1","0","0","0","전북","익산시","차량단독","전도전복","전도전복","운전자법규위반","안전운전 의무 불이행","단일로","기타단일로","승용차","중형","","","955980","1792208","127.01080459","36.12589527"
"2016","2016-11-25 14:00","45","주간","금","1","1","0","0","0","경북","상주시","차대차","측면직각충돌","측면직각충돌","운전자법규위반","안전운전 의무 불이행","교차로","교차로내","자전거","자전거","화물차","소형","1058741","1825568","128.15529053","36.42585389"
"2016","2016-11-05 10:00","12","주간","토","1","1","0","0","0","충남","논산시","차대차","측면직각충돌","측면직각충돌","운전자법규위반","안전운전 의무 불이행","단일로","교량위","건설기계","건설기계","원동기장치자전거","원동기장치자전거","965193","1801635","127.11276866","36.21125859"
"2016","2016-11-04 05:00","55","야간","금","1","1","0","0","0","경기","평택시","차대사람","횡단중","횡단중","운전자법규위반","안전운전 의무 불이행","교차로","교차로내","승용차","경형","보행자","보행자","961822","1895858","127.07057882","37.06052642"
"2016","2016-11-01 14:00","17","주간","화","1","3","2","0","0","경남","창원시(통합)","차대차","측면직각충돌","측면직각충돌","운전자법규위반","중앙선 침범","단일로","기타단일로","승합차","대형","화물차","소형","1097632","1682452","128.57162994","35.13254141"
"2016","2016-10-29 12:00","30","주간","토","1","1","0","0","0","제주","제주시","차대차","정면충돌","정면충돌","운전자법규위반","과속","교차로","교차로내","승용차","중형","원동기장치자전거","원동기장치자전거","938135","1504873","126.8337093","33.53400469"
"2016","2016-10-29 16:00","35","주간","토","1","2","1","0","0","경기","화성시","차대차","기타","기타","운전자법규위반","안전운전 의무 불이행","단일로","기타단일로","승용차","중형","이륜차","소형","926532","1916054","126.67168695","37.24045739"
"2016","2016-10-30 01:00","04","야간","일","1","1","0","0","0","서울","서초구","차대사람","차도통행중","차도통행중","운전자법규위반","안전운전 의무 불이행","단일로","기타단일로","승용차","대형","보행자","보행자","959230","1942058","127.03889273","37.47685159"
"2016","2016-11-03 03:00","20","야간","목","1","1","0","0","0","제주","서귀포시","차대차","추돌","진행중 추돌","운전자법규위반","안전운전 의무 불이행","단일로","기타단일로","승용차","경형","승용차","대형","914617","1474990","126.58342232","33.26340867"
"2016","2016-10-31 21:00","50","야간","월","1","1","0","0","0","경기","화성시","차대사람","횡단중","횡단중","운전자법규위반","안전운전 의무 불이행","단일로","기타단일로","승합차","중형","보행자","보행자","949299","1906903","126.92898031","37.1594905"
"2016","2016-12-09 18:00","00","야간","금","1","2","1","0","0","경기","용인시","차대차","측면직각충돌","측면직각충돌","운전자법규위반","신호위반","교차로","교차로내","승용차","소형","화물차","소형","985451","1909087","127.33609606","37.18043975"
"2016","2016-12-11 01:00","30","야간","일","1","3","2","0","0","경기","남양주시","차량단독","전도전복","전도전복","운전자법규위반","안전운전 의무 불이행","단일로","기타단일로","승용차","중형","","","972876","1969571","127.19220601","37.72533825"
"2016","2016-12-04 15:00","43","주간","일","1","1","0","0","0","충남","아산시","차대사람","횡단중","횡단중","운전자법규위반","안전운전 의무 불이행","단일로","기타단일로","건설기계","건설기계","보행자","보행자","952038","1869098","126.9622314","36.8188591"
"2016","2016-12-19 06:00","40","주간","월","1","1","0","0","0","제주","제주시","차대사람","횡단중","횡단중","운전자법규위반","안전운전 의무 불이행","단일로","기타단일로","승용차","중형","보행자","보행자","908488","1502037","126.51458867","33.50634437"
"2016","2016-12-20 06:00","50","주간","화","1","1","0","0","0","서울","중구","차대사람","횡단중","횡단중","운전자법규위반","안전운전 의무 불이행","단일로","기타단일로","화물차","소형","보행자","보행자","953535","1951656","126.97387773","37.56309191"
"2016","2016-12-12 23:00","03","야간","월","1","1","0","0","0","충북","청주시","차대사람","기타","기타","운전자법규위반","안전운전 의무 불이행","단일로","기타단일로","승용차","경형","보행자","보행자","998204","1848719","127.48006336","36.63614089"
"2016","2016-12-13 06:00","35","주간","화","1","1","0","0","0","충북","충주시","차대사람","횡단중","횡단중","운전자법규위반","신호위반","교차로","교차로부근","화물차","소형","보행자","보행자","1037077","1887190","127.91661073","36.98243588"
"2016","2016-12-16 03:00","41","야간","금","1","1","0","0","0","경기","과천시","차대차","추돌","진행중 추돌","운전자법규위반","안전운전 의무 불이행","교차로","교차로부근","승용차","중형","자전거","자전거","954042","1934819","126.98066989","37.41136018"
"2016","2016-12-16 16:00","00","주간","금","1","1","0","0","0","경남","창원시(통합)","차대사람","횡단중","횡단중","운전자법규위반","안전운전 의무 불이행","교차로","교차로부근","승용차","중형","보행자","보행자","1092020","1695313","128.51147634","35.24902196"
"2016","2016-12-19 06:00","36","주간","월","1","1","0","0","0","경기","양평군","차대사람","횡단중","횡단중","운전자법규위반","보행자 보호의무 위반","단일로","횡단보도상","승용차","중형","보행자","보행자","999510","1943420","127.49445713","37.49002785"
"2016","2016-12-18 21:00","18","야간","일","2","3","0","1","0","강원","삼척시","차대차","측면직각충돌","측면직각충돌","운전자법규위반","신호위반","교차로","교차로내","승용차","경형","승용차","경형","1147415","1940038","129.0499342","37.24926284"
"2016","2016-01-03 02:00","45","야간","일","1","1","0","0","0","충남","서산시","차량단독","전도전복","전도전복","운전자법규위반","안전운전 의무 불이행","단일로","기타단일로","화물차","중형","","","906853","1863925","126.45629022","36.76886353"
"2016","2016-01-08 14:00","00","주간","금","1","1","0","0","0","전북","완주군","차대차","측면직각충돌","측면직각충돌","운전자법규위반","안전거리 미확보","단일로","기타단일로","원동기장치자전거","원동기장치자전거","화물차","소형","974162","1762030","127.21384284","35.85446984"
"2016","2016-01-06 13:00","15","주간","수","2","2","0","0","0","전남","장성군","차대차","측면직각충돌","측면직각충돌","운전자법규위반","안전운전 의무 불이행","교차로","교차로내","화물차","소형","원동기장치자전거","원동기장치자전거","935546","1701639","126.79100486","35.30821245"
"2016","2016-01-14 16:00","50","주간","목","1","4","2","1","0","강원","홍천군","차대차","정면충돌","정면충돌","운전자법규위반","중앙선 침범","단일로","기타단일로","승용차","경형","화물차","소형","1031495","1954547","127.85674528","37.58978325"
"2016","2016-01-14 20:00","30","야간","목","1","1","0","0","0","경북","경산시","차대사람","횡단중","횡단중","운전자법규위반","보행자 보호의무 위반","단일로","기타단일로","승용차","대형","보행자","보행자","1113741","1773695","128.76122511","35.95335579"
"2016","2016-01-13 19:00","09","야간","수","1","1","0","0","0","경북","성주군","차량단독","공작물충돌","공작물충돌","운전자법규위반","안전운전 의무 불이행","단일로","기타단일로","화물차","소형","","","1058529","1765146","128.14842547","35.88115469"
"2016","2016-01-22 10:00","20","주간","금","1","2","1","0","0","강원","삼척시","차대차","추돌","진행중 추돌","운전자법규위반","안전운전 의무 불이행","단일로","기타단일로","건설기계","건설기계","이륜차","사발이","1154406","1927829","129.24300862","37.33665208"
"2016","2016-01-19 18:00","48","야간","화","1","1","0","0","0","경기","고양시","차대사람","횡단중","횡단중","운전자법규위반","안전운전 의무 불이행","단일로","기타단일로","승합차","대형","보행자","보행자","935485","1963305","126.74941085","37.67541767"
"2016","2016-01-23 04:00","20","야간","토","1","10","5","3","1","인천","남동구","차대차","추돌","진행중 추돌","운전자법규위반","안전운전 의무 불이행","교차로","교차로부근","승용차","대형","화물차","소형","929470","1940846","126.70244779","37.46413522"
"2016","2016-02-02 16:00","40","주간","화","1","1","0","0","0","경북","경주시","차대차","추돌","진행중 추돌","운전자법규위반","안전운전 의무 불이행","단일로","기타단일로","원동기장치자전거","원동기장치자전거","화물차","소형","1146774","1760949","129.12504639","35.83407568"
"2016","2016-02-06 05:00","16","야간","토","1","1","0","0","0","서울","관악구","차대차","추돌","진행중 추돌","운전자법규위반","중앙선 침범","교차로","교차로부근","이륜차","소형","화물차","소형","948815","1943556","126.92312444","37.48984992"