"발생년","발생년월일시","발생분","주야","요일","사망자수","사상자수","중상자수","경상자수","부상신고자수","발생지시도","발생지시군구","사고유형_대분류","사고유형_중분류","사고유형","법규위반_대분류","법규위반","도로형태_대분류","도로형태","당사자종별_1당_대분류","당사자종별_1당","당사자종별_2당_대분류","당사자종별_2당","발생위치X_UTMK","발생위치Y_UTMK","경도","위도"
"2016","2016-02-06 01:00","02","야간","토","1","1","0","0","0","세종","세종","차대사람","기타","기타","운전자법규위반","안전운전 의무 불이행","단일로","기타단일로","승용차","중형","보행자","보행자","982443","1844331","127.30370936","36.59664211"
"2016","2016-02-05 22:00","40","야간","금","1","1","0","0","0","경기","시흥시","차대차","측면직각충돌","측면직각충돌","운전자법규위반","신호위반","교차로","교차로내","승용차","소형","승합차","대형","929592","1926266","126.70521624","37.3327357"
"2016","2016-02-07 01:00","12","야간","일","1","1","0","0","0","전남","순천시","차대사람","횡단중","횡단중","운전자법규위반","안전운전 의무 불이행","단일로","기타단일로","승합차","소형","보행자","보행자","1003354","1663813","127.53674173","34.9691994"
"2016","2016-02-05 00:00","00","야간","금","1","2","0","1","0","경기","용인시","차대사람","횡단중","횡단중","운전자법규위반","안전운전 의무 불이행","교차로","교차로부근","승용차","중형","보행자","보행자","964820","1926427","127.1028583","37.33618994"
"2016","2016-02-05 11:00","40","주간","금","1","1","0","0","0","전남","함평군","차대차","추돌","진행중 추돌","운전자법규위반","안전운전 의무 불이행","교차로","교차로부근","자전거","자전거","화물차","소형","912694","1671126","126.5428891","35.03137472"
"2016","2016-02-06 11:00","15","주간","토","1","1","0","0","0","경북","김천시","차대차","기타","기타","운전자법규위반","안전운전 의무 불이행","단일로","기타단일로","화물차","중형","자전거","자전거","1055465","1792188","128.11637664","36.12512806"
"2016","2016-02-05 10:00","35","주간","금","1","1","0","0","0","경기","화성시","차대사람","횡단중","횡단중","운전자법규위반","안전운전 의무 불이행","단일로","기타단일로","승용차","소형","보행자","보행자","947673","1903988","126.91087221","37.13312584"
"2016","2016-02-03 18:00","20","야간","수","1","1","0","0","0","경북","군위군","차대사람","차도통행중","차도통행중","운전자법규위반","안전운전 의무 불이행","단일로","기타단일로","승용차","중형","보행자","보행자","1104906","1788483","128.6652376","36.08764495"
"2016","2016-02-03 15:00","50","주간","수","1","1","0","0","0","경북","고령군","차대차","정면충돌","정면충돌","운전자법규위반","신호위반","교차로","교차로내","원동기장치자전거","원동기장치자전거","건설기계","건설기계","1086321","1758999","128.45562732","35.8236835"
"2016","2016-02-04 14:00","30","주간","목","1","1","0","0","0","서울","관악구","차대사람","보도통행중","보도통행중","운전자법규위반","안전운전 의무 불이행","교차로","교차로부근","화물차","소형","보행자","보행자","952761","1941772","126.96574963","37.47396561"
"2016","2016-03-22 23:00","05","야간","화","1","4","0","0","3","전남","장흥군","차대차","정면충돌","정면충돌","운전자법규위반","중앙선 침범","단일로","기타단일로","승용차","중형","승용차","소형","954817","1641353","127.00625842","34.76566772"
"2016","2016-05-30 21:00","45","야간","월","1","2","1","0","0","경기","시흥시","차대사람","기타","기타","운전자법규위반","안전운전 의무 불이행","단일로","기타단일로","화물차","대형","보행자","보행자","941314","1932873","126.83700459","37.39310124"
"2016","2016-05-19 03:00","00","야간","목","1","1","0","0","0","강원","강릉시","차량단독","공작물충돌","공작물충돌","운전자법규위반","과속","단일로","기타단일로","승용차","대형","","","1115670","1982372","128.81447581","37.83378235"
"2016","2016-11-23 23:00","55","야간","수","2","4","1","1","0","충남","천안시","차대차","추돌","진행중 추돌","운전자법규위반","안전운전 의무 불이행","단일로","기타단일로","화물차","대형","화물차","중형","976450","1860739","127.23620262","36.74442834"
"2016","2016-11-25 00:00","35","야간","금","1","2","0","1","0","충북","청주시","차대차","기타","기타","운전자법규위반","안전운전 의무 불이행","단일로","기타단일로","화물차","중형","화물차","중형","993870","1835944","127.431532","36.52117446"
"2016","2016-12-13 23:00","40","야간","화","1","2","1","0","0","충남","공주시","차대차","정면충돌","정면충돌","운전자법규위반","안전운전 의무 불이행","단일로","기타단일로","승용차","중형","특수차","대형","962317","1825810","127.07960482","36.4290937"
"2016","2016-08-06 13:00","48","주간","토","1","9","1","7","0","경기","남양주시","차대차","기타","기타","운전자법규위반","안전운전 의무 불이행","단일로","기타단일로","승용차","중형","화물차","중형","984369","1959157","127.32284724","37.63174159"
"2016","2016-08-01 10:00","20","주간","월","1","1","0","0","0","경북","성주군","차량단독","공작물충돌","공작물충돌","운전자법규위반","안전운전 의무 불이행","단일로","기타단일로","승용차","경형","","","1068136","1769051","128.25518521","35.91573781"
"2016","2016-04-26 23:00","20","야간","화","2","2","0","0","0","충북","음성군","차대차","추돌","진행중 추돌","운전자법규위반","안전운전 의무 불이행","단일로","기타단일로","승용차","중형","화물차","대형","998413","1891018","127.47892458","37.00440393"
"2016","2016-04-07 19:00","35","야간","목","1","1","0","0","0","경기","수원시","차대사람","차도통행중","차도통행중","운전자법규위반","안전운전 의무 불이행","단일로","기타단일로","승용차","대형","보행자","보행자","960157","1922395","127.0504363","37.29965843"
"2016","2016-11-02 07:00","50","주간","수","1","1","0","0","0","경기","화성시","차대사람","기타","기타","운전자법규위반","안전운전 의무 불이행","단일로","기타단일로","화물차","중형","보행자","보행자","945702","1918201","126.88764877","37.26112398"
"2016","2016-10-06 01:00","58","야간","목","1","2","0","0","1","경기","안양시","차대차","추돌","진행중 추돌","운전자법규위반","안전운전 의무 불이행","단일로","기타단일로","화물차","대형","화물차","대형","949803","1930968","126.93786951","37.3772332"
"2016","2016-01-06 08:00","20","주간","수","1","3","0","2","0","서울","영등포구","차대차","측면직각충돌","측면직각충돌","운전자법규위반","안전운전 의무 불이행","단일로","기타단일로","승용차","중형","승용차","소형","946576","1949361","126.89525204","37.54202946"
"2016","2016-01-05 18:00","15","야간","화","1","1","0","0","0","전남","영암군","차대차","추돌","진행중 추돌","운전자법규위반","안전운전 의무 불이행","단일로","기타단일로","승용차","중형","원동기장치자전거","원동기장치자전거","902582","1639336","126.43575264","34.74382977"
"2016","2016-01-13 06:00","30","주간","수","1","1","0","0","0","전남","장성군","차대사람","횡단중","횡단중","운전자법규위반","안전거리 미확보","기타/불명","기타/불명","화물차","대형","보행자","보행자","923030","1694657","126.65399584","35.24437696"
"2016","2016-01-10 14:00","00","주간","일","1","1","0","0","0","충남","부여군","차량단독","전도전복","전도전복","운전자법규위반","안전운전 의무 불이행","단일로","기타단일로","이륜차","소형","","","950364","1803321","126.94769361","36.22581073"
"2016","2016-01-10 19:00","25","야간","일","1","1","0","0","0","서울","서초구","차대사람","기타","기타","운전자법규위반","안전운전 의무 불이행","단일로","기타단일로","승용차","중형","보행자","보행자","961053","1939880","127.05962539","37.45729896"
"2016","2016-01-15 13:00","00","주간","금","1","1","0","0","0","부산","금정구","차대차","측면직각충돌","측면직각충돌","운전자법규위반","교차로 통행방법 위반","교차로","교차로내","이륜차","소형","승합차","대형","1144440","1695413","129.08749622","35.24385839"
"2016","2016-01-16 06:00","40","주간","토","1","1","0","0","0","경북","안동시","차대사람","횡단중","횡단중","운전자법규위반","안전운전 의무 불이행","교차로","교차로부근","승용차","중형","보행자","보행자","1109228","1841509","128.72066727","36.56511382"
"2016","2016-01-15 19:00","14","야간","금","1","1","0","0","0","경북","구미시","차대차","추돌","진행중 추돌","운전자법규위반","안전운전 의무 불이행","단일로","기타단일로","화물차","중형","화물차","대형","1070416","1805059","128.28366795","36.24018779"
"2016","2016-01-25 22:00","50","야간","월","1","1","0","0","0","서울","서대문구","차대사람","기타","기타","운전자법규위반","신호위반","단일로","기타단일로","원동기장치자전거","원동기장치자전거","보행자","보행자","950107","1951211","126.93509451","37.55890171"
"2016","2016-01-25 15:00","25","주간","월","1","2","0","1","0","경기","고양시","차대차","측면직각충돌","측면직각충돌","운전자법규위반","신호위반","교차로","교차로내","승용차","경형","승용차","경형","937258","1962940","126.78861671","37.6638272"
"2016","2016-01-23 02:00","30","야간","토","1","1","0","0","0","충남","아산시","차량단독","전도전복","전도전복","운전자법규위반","안전운전 의무 불이행","교차로","교차로부근","승용차","소형","","","943844","1874168","126.86998697","36.86410975"
"2016","2016-01-22 06:00","15","주간","금","1","1","0","0","0","충남","태안군","차대차","기타","기타","운전자법규위반","신호위반","교차로","교차로내","화물차","대형","승용차","중형","889847","1863099","126.26589474","36.759595"
"2016","2016-01-23 00:00","30","야간","토","1","1","0","0","0","서울","영등포구","차대사람","횡단중","횡단중","운전자법규위반","안전운전 의무 불이행","단일로","횡단보도상","승용차","중형","보행자","보행자","947124","1947616","126.90146253","37.52638665"
"2016","2016-02-03 06:00","10","주간","수","1","1","0","0","0","경기","안양시","차대사람","횡단중","횡단중","운전자법규위반","안전운전 의무 불이행","교차로","교차로내","화물차","소형","보행자","보행자","951794","1929933","126.95558684","37.36720626"
"2016","2016-02-03 18:00","50","야간","수","1","1","0","0","0","경남","고성군","차대사람","횡단중","횡단중","운전자법규위반","안전운전 의무 불이행","단일로","기타단일로","화물차","소형","보행자","보행자","1079890","1663980","128.37513393","34.96755762"
"2016","2016-02-04 19:00","25","야간","목","1","1","0","0","0","인천","강화군","차대사람","차도통행중","차도통행중","운전자법규위반","안전운전 의무 불이행","단일로","기타단일로","승용차","경형","보행자","보행자","906314","1975272","126.43622467","37.77232296"
"2016","2016-02-04 10:00","05","주간","목","1","1","0","0","0","경기","수원시","차대사람","기타","기타","운전자법규위반","안전운전 의무 불이행","단일로","기타단일로","화물차","소형","보행자","보행자","957819","1921683","127.024097","37.29313756"
"2016","2016-02-11 08:00","25","주간","목","1","2","0","1","0","서울","성북구","차대차","측면직각충돌","측면직각충돌","운전자법규위반","신호위반","교차로","교차로내","원동기장치자전거","원동기장치자전거","승용차","중형","957563","1955995","127.01901877","37.60252453"
"2016","2016-02-12 06:00","30","주간","금","1","1","0","0","0","충남","천안시","차대사람","횡단중","횡단중","운전자법규위반","안전운전 의무 불이행","교차로","교차로부근","승용차","중형","보행자","보행자","969040","1868298","127.15289295","36.81235677"
"2016","2016-02-12 14:00","08","주간","금","1","1","0","0","0","제주","서귀포시","차대차","기타","기타","운전자법규위반","직진 및 우회전차의 통행방해","교차로","교차로내","승합차","대형","이륜차","사발이","935437","1488733","126.8056793","33.38826511"
"2016","2016-02-12 01:00","25","야간","금","1","1","0","0","0","경기","부천시","차대차","정면충돌","정면충돌","운전자법규위반","안전운전 의무 불이행","교차로","교차로내","승용차","경형","승용차","중형","933992","1945431","126.75316713","37.50579351"
"2016","2016-02-11 16:00","45","주간","목","1","1","0","0","0","울산","중구","차대차","측면직각충돌","측면직각충돌","운전자법규위반","안전운전 의무 불이행","단일로","기타단일로","특수차","대형","이륜차","소형","1165572","1731177","129.32695126","35.56278292"
"2016","2016-02-09 19:00","40","야간","화","1","1","0","0","0","경기","안산시","차대차","측면직각충돌","측면직각충돌","운전자법규위반","안전운전 의무 불이행","교차로","교차로부근","이륜차","소형","승용차","중형","941779","1922938","126.84303827","37.3035834"
"2016","2016-04-12 05:00","20","야간","화","1","5","2","1","1","경기","시흥시","차대사람","기타","기타","운전자법규위반","과속","단일로","기타단일로","화물차","소형","보행자","보행자","944348","1930125","126.87148552","37.36851988"
"2016","2016-04-29 13:00","11","주간","금","1","2","1","0","0","충북","영동군","차대사람","기타","기타","운전자법규위반","안전운전 의무 불이행","기타/불명","기타/불명","승용차","중형","보행자","보행자","1034528","1802450","127.89015342","36.21676753"
"2016","2016-07-28 05:00","00","야간","목","1","3","1","1","0","대구","북구","차대차","추돌","진행중 추돌","운전자법규위반","안전운전 의무 불이행","단일로","기타단일로","화물차","대형","화물차","대형","1100424","1769303","128.61303013","35.91522568"
"2016","2016-12-18 01:00","00","야간","일","1","5","4","0","0","경북","구미시","차대차","추돌","진행중 추돌","운전자법규위반","안전운전 의무 불이행","단일로","기타단일로","승용차","중형","승용차","대형","1091328","1794497","128.51514116","36.14322875"
"2016","2016-12-02 07:00","14","주간","금","1","2","1","0","0","인천","연수구","차대차","추돌","진행중 추돌","운전자법규위반","안전운전 의무 불이행","고가도로위","고가도로위","승합차","대형","승용차","중형","920819","1934400","126.60532458","37.40533889"
"2016","2016-12-03 14:00","24","주간","토","1","1","0","0","0","경기","용인시","차대사람","기타","기타","운전자법규위반","안전운전 의무 불이행","기타/불명","기타/불명","화물차","대형","보행자","보행자","965019","1915310","127.10562803","37.23599128"
"2016","2016-08-16 20:00","55","야간","화","1","10","2","7","0","경기","광주시","차대차","추돌","진행중 추돌","운전자법규위반","안전운전 의무 불이행","단일로","기타단일로","승용차","중형","승용차","소형","983650","1931769","127.31530777","37.38486441"
"2016","2016-09-02 05:00","40","야간","금","1","2","0","1","0","경남","김해시","차대차","추돌","진행중 추돌","운전자법규위반","안전운전 의무 불이행","단일로","기타단일로","화물차","소형","화물차","대형","1122363","1687711","128.84380254","35.17724593"
"2016","2016-07-29 04:00","50","야간","금","1","1","0","0","0","충남","논산시","차대차","추돌","진행중 추돌","운전자법규위반","안전운전 의무 불이행","단일로","기타단일로","화물차","중형","화물차","대형","975185","1796060","127.22410559","36.16130491"
"2016","2016-09-26 02:00","25","야간","월","1","2","1","0","0","충북","청주시","차대차","추돌","진행중 추돌","운전자법규위반","안전운전 의무 불이행","단일로","기타단일로","승용차","중형","화물차","중형","998101","1861800","127.45301473","36.72999203"
"2016","2016-09-12 23:00","37","야간","월","1","1","0","0","0","인천","서구","차대사람","보도통행중","보도통행중","운전자법규위반","안전운전 의무 불이행","단일로","기타단일로","승용차","중형","보행자","보행자","927058","1943186","126.67506064","37.48520004"
"2016","2016-07-10 04:00","20","야간","일","1","4","1","2","0","전북","부안군","차대차","추돌","진행중 추돌","운전자법규위반","안전운전 의무 불이행","단일로","기타단일로","승용차","중형","승용차","중형","931408","1743409","126.74196056","35.68453172"
"2016","2016-06-28 10:00","55","주간","화","1","1","0","0","0","경북","상주시","차대차","추돌","진행중 추돌","운전자법규위반","안전운전 의무 불이행","단일로","기타단일로","화물차","중형","승용차","중형","1063286","1827921","128.20618148","36.44677623"
"2016","2016-06-06 11:00","33","주간","월","1","7","1","5","0","대구","북구","차대차","추돌","진행중 추돌","운전자법규위반","안전운전 의무 불이행","단일로","기타단일로","승용차","중형","승합차","대형","1093423","1771569","128.53571406","35.93634689"
"2016","2016-01-03 17:00","55","주간","일","1","1","0","0","0","충남","금산군","차대차","추돌","진행중 추돌","운전자법규위반","안전운전 의무 불이행","단일로","기타단일로","이륜차","소형","농기계","농기계","987879","1793702","127.36527395","36.14028791"
"2016","2016-01-04 15:00","05","주간","월","1","1","0","0","0","광주","서구","차대차","측면직각충돌","측면직각충돌","운전자법규위반","안전거리 미확보","단일로","기타단일로","이륜차","소형","화물차","소형","941238","1680151","126.85546466","35.11699766"
"2016","2016-01-03 20:00","21","야간","일","1","2","1","0","0","강원","평창군","차대차","정면충돌","정면충돌","운전자법규위반","중앙선 침범","단일로","기타단일로","화물차","소형","승합차","소형","1105346","1962937","128.69436004","37.65989827"
"2016","2016-01-01 04:00","00","야간","금","1","1","0","0","0","경남","창원시(통합)","차량단독","공작물충돌","공작물충돌","운전자법규위반","안전운전 의무 불이행","단일로","기타단일로","승용차","경형","","","1109023","1703558","128.69943418","35.32164473"
"2016","2016-01-10 05:00","15","야간","일","1","3","2","0","0","전북","익산시","차량단독","공작물충돌","공작물충돌","운전자법규위반","안전운전 의무 불이행","단일로","기타단일로","승용차","소형","","","955118","1773940","127.00226318","35.96115995"
"2016","2016-01-09 16:00","47","주간","토","1","3","1","1","0","전남","해남군","차대차","정면충돌","정면충돌","운전자법규위반","중앙선 침범","단일로","기타단일로","화물차","소형","승합차","대형","902969","1618987","126.44231307","34.56039164"
"2016","2016-01-08 13:00","40","주간","금","1","1","0","0","0","경남","하동군","차대차","기타","기타","운전자법규위반","안전운전 의무 불이행","교차로","교차로부근","원동기장치자전거","원동기장치자전거","화물차","소형","1033784","1689076","127.87111714","35.1964408"
"2016","2016-01-07 07:00","50","주간","목","1","1","0","0","0","경남","김해시","차대사람","길가장자리구역통행중","길가장자리구역통행중","운전자법규위반","안전운전 의무 불이행","단일로","기타단일로","승용차","중형","보행자","보행자","1121287","1699141","128.83367401","35.28041393"
"2016","2016-01-07 04:00","45","야간","목","1","1","0","0","0","대구","수성구","차대차","추돌","진행중 추돌","운전자법규위반","안전운전 의무 불이행","단일로","기타단일로","이륜차","소형","승용차","중형","1100374","1760157","128.61560335","35.83233406"
"2016","2016-01-14 09:00","50","주간","목","1","1","0","0","0","부산","해운대구","차대차","추돌","진행중 추돌","운전자법규위반","안전운전 의무 불이행","단일로","기타단일로","화물차","중형","화물차","경형","1149775","1693338","129.14583097","35.22444865"
"2016","2016-01-12 04:00","19","야간","화","1","1","0","0","0","경기","성남시","차대사람","횡단중","횡단중","운전자법규위반","신호위반","교차로","교차로부근","승용차","소형","보행자","보행자","968788","1938012","127.1471626","37.44075514"
"2016","2016-01-12 02:00","20","야간","화","1","1","0","0","0","서울","구로구","차대사람","기타","기타","운전자법규위반","안전운전 의무 불이행","지하도로내","지하도로내","승용차","중형","보행자","보행자","945739","1945394","126.88607095","37.50622555"
"2016","2016-01-12 09:00","02","주간","화","1","2","1","0","0","충남","예산군","차대차","정면충돌","정면충돌","운전자법규위반","중앙선 침범","단일로","기타단일로","화물차","소형","화물차","소형","937068","1854100","126.79562903","36.68278776"
"2016","2016-01-16 16:00","10","주간","토","1","1","0","0","0","강원","원주시","차량단독","전도전복","전도전복","운전자법규위반","안전운전 의무 불이행","단일로","기타단일로","이륜차","소형","","","1028989","1919344","127.82697704","37.27255902"
"2016","2016-01-16 16:00","25","주간","토","1","1","0","0","0","경기","광명시","차대차","기타","기타","운전자법규위반","안전거리 미확보","단일로","기타단일로","승용차","경형","이륜차","소형","945386","1941023","126.8824016","37.46680819"
"2016","2016-10-24 19:00","00","야간","월","1","3","1","1","0","충북","충주시","차대차","정면충돌","정면충돌","운전자법규위반","안전운전 의무 불이행","단일로","기타단일로","화물차","소형","화물차","소형","1021863","1893771","127.7458536","37.04223599"
"2016","2016-11-16 11:00","15","주간","수","1","1","0","0","0","인천","연수구","차대사람","기타","기타","운전자법규위반","안전운전 의무 불이행","단일로","기타단일로","화물차","대형","보행자","보행자","922681","1934806","126.62631878","37.40915539"
"2016","2016-03-14 19:00","19","야간","월","1","3","0","2","0","경북","상주시","차대차","추돌","진행중 추돌","운전자법규위반","안전운전 의무 불이행","단일로","기타단일로","화물차","대형","승용차","중형","1065152","1819083","128.22625997","36.36698018"
"2016","2016-03-29 09:00","44","주간","화","4","19","11","4","0","전북","임실군","차대차","추돌","진행중 추돌","운전자법규위반","안전운전 의무 불이행","단일로","기타단일로","화물차","대형","승합차","경형","984211","1732843","127.32570953","35.59152405"
"2016","2016-12-01 11:00","00","주간","목","1","3","0","2","0","경기","고양시","차대차","추돌","진행중 추돌","운전자법규위반","안전운전 의무 불이행","단일로","기타단일로","화물차","소형","화물차","소형","945554","1964012","126.88259325","37.67401878"
"2016","2016-12-02 08:00","15","주간","금","1","4","2","1","0","인천","남구","차대차","추돌","진행중 추돌","운전자법규위반","안전운전 의무 불이행","단일로","기타단일로","화물차","중형","승용차","중형","924078","1938364","126.64173683","37.44133841"
"2016","2016-12-23 04:00","15","야간","금","1","1","0","0","0","서울","강동구","차대사람","기타","기타","운전자법규위반","안전운전 의무 불이행","단일로","기타단일로","화물차","중형","보행자","보행자","971876","1949454","127.18163305","37.54398711"
"2016","2016-11-21 14:00","49","주간","월","1","1","0","0","0","경남","김해시","차량단독","공작물충돌","공작물충돌","운전자법규위반","안전운전 의무 불이행","단일로","기타단일로","화물차","소형","","","1127934","1693352","128.90584397","35.22740213"
"2016","2016-12-24 06:00","13","주간","토","1","1","0","0","0","경기","안산시","차대차","추돌","진행중 추돌","운전자법규위반","안전운전 의무 불이행","단일로","기타단일로","승용차","중형","화물차","대형","945209","1924686","126.88161099","37.31954739"
"2016","2016-01-04 19:00","20","야간","월","1","1","0","0","0","충북","청주시","차대사람","횡단중","횡단중","운전자법규위반","안전운전 의무 불이행","단일로","기타단일로","승용차","소형","보행자","보행자","989436","1847019","127.38185529","36.62097756"
"2016","2016-01-01 03:00","30","야간","금","1","1","0","0","0","경북","안동시","차량단독","공작물충돌","공작물충돌","운전자법규위반","안전운전 의무 불이행","교차로","교차로부근","이륜차","소형","","","1109248","1841683","128.72091541","36.5666798"
"2016","2016-01-09 18:00","55","야간","토","1","1","0","0","0","서울","서초구","차대사람","기타","기타","운전자법규위반","보행자 보호의무 위반","교차로","교차로부근","승합차","중형","보행자","보행자","956186","1942705","127.00442782","37.48254387"
"2016","2016-01-08 01:00","10","야간","금","1","1","0","0","0","경기","평택시","차대사람","횡단중","횡단중","운전자법규위반","안전운전 의무 불이행","단일로","기타단일로","승용차","경형","보행자","보행자","952740","1889962","126.96879958","37.00696618"
"2016","2016-01-06 17:00","44","주간","수","1","1","0","0","0","충북","청주시","차대차","기타","기타","운전자법규위반","안전운전 의무 불이행","단일로","기타단일로","원동기장치자전거","원동기장치자전거","화물차","소형","994806","1840529","127.4419556","36.56251433"
"2016","2016-01-12 14:00","23","주간","화","1","1","0","0","0","강원","홍천군","차대차","측면직각충돌","측면직각충돌","운전자법규위반","안전운전 의무 불이행","교차로","교차로내","화물차","소형","이륜차","소형","1032588","1964744","127.86958045","37.68165351"
"2016","2016-01-16 01:00","40","야간","토","1","1","0","0","0","전북","익산시","차대사람","횡단중","횡단중","운전자법규위반","안전운전 의무 불이행","단일로","기타단일로","승용차","중형","보행자","보행자","953555","1773719","126.98494322","35.95909435"
"2016","2016-01-14 10:00","30","주간","목","1","1","0","0","0","경남","창원시(통합)","차대사람","횡단중","횡단중","운전자법규위반","신호위반","단일로","횡단보도상","승용차","중형","보행자","보행자","1096650","1691475","128.56191029","35.21398427"
"2016","2016-01-15 11:00","42","주간","금","1","1","0","0","0","충북","청주시","차대사람","횡단중","횡단중","운전자법규위반","안전운전 의무 불이행","교차로","교차로부근","승용차","경형","보행자","보행자","997210","1848584","127.46879173","36.63514051"
"2016","2016-01-21 23:00","20","야간","목","1","1","0","0","0","부산","강서구","차대사람","차도통행중","차도통행중","운전자법규위반","안전운전 의무 불이행","단일로","기타단일로","승용차","중형","보행자","보행자","1131245","1692200","128.94203409","35.21658974"
"2016","2016-01-18 16:00","55","주간","월","1","1","0","0","0","경남","하동군","차대차","추돌","진행중 추돌","운전자법규위반","안전운전 의무 불이행","기타/불명","기타/불명","승용차","중형","농기계","농기계","1017986","1679388","127.6973664","35.10949004"
"2016","2016-01-18 16:00","45","주간","월","1","1","0","0","0","대구","북구","차대차","측면직각충돌","측면직각충돌","운전자법규위반","신호위반","단일로","횡단보도상","승합차","중형","자전거","자전거","1095744","1771059","128.561296","35.93154712"
"2016","2016-01-18 15:00","17","주간","월","1","1","0","0","0","전북","김제시","차량단독","전도전복","전도전복","운전자법규위반","안전운전 의무 불이행","단일로","기타단일로","원동기장치자전거","원동기장치자전거","","","954315","1747354","126.9945099","35.72177428"
"2016","2016-02-04 08:00","48","주간","목","1","5","4","0","0","경기","용인시","차대차","측면직각충돌","측면직각충돌","운전자법규위반","중앙선 침범","단일로","기타단일로","승용차","소형","승용차","경형","989060","1905904","127.37680027","37.15179696"
"2016","2016-02-04 23:00","54","야간","목","1","1","0","0","0","경기","용인시","차대차","정면충돌","정면충돌","운전자법규위반","안전운전 의무 불이행","단일로","기타단일로","화물차","소형","화물차","대형","974034","1911124","127.2074065","37.1985536"
"2016","2016-01-08 04:00","00","야간","금","1","2","0","1","0","경북","안동시","차대차","추돌","진행중 추돌","운전자법규위반","안전운전 의무 불이행","단일로","기타단일로","승용차","소형","화물차","중형","1099731","1835187","128.61373588","36.50917031"
"2016","2016-09-06 01:00","30","야간","화","1","1","0","0","0","경북","김천시","차대차","추돌","진행중 추돌","운전자법규위반","안전운전 의무 불이행","단일로","기타단일로","화물차","중형","특수차","대형","1069319","1790240","128.27015189","36.10667585"
"2016","2016-07-21 03:00","07","야간","목","2","2","0","0","0","대전","대덕구","차대사람","기타","기타","운전자법규위반","안전운전 의무 불이행","단일로","기타단일로","화물차","소형","보행자","보행자","992824","1823283","127.41996629","36.40702529"
"2016","2016-10-13 21:00","50","야간","목","1","1","0","0","0","전남","순천시","차대차","추돌","진행중 추돌","운전자법규위반","안전운전 의무 불이행","단일로","기타단일로","승용차","경형","화물차","중형","997751","1667687","127.47535263","35.0041361"
"2016","2016-07-08 03:00","20","야간","금","1","1","0","0","0","인천","남동구","차대사람","차도통행중","차도통행중","운전자법규위반","과속","단일로","기타단일로","승용차","소형","보행자","보행자","932664","1937552","126.7389549","37.43468901"
"2016","2016-10-19 15:00","40","주간","수","1","3","0","2","0","경기","안산시","차대차","추돌","진행중 추돌","운전자법규위반","안전운전 의무 불이행","단일로","기타단일로","화물차","대형","화물차","대형","946532","1923207","126.89664858","37.30629358"
"2016","2016-02-19 15:00","15","주간","금","1","1","0","0","0","경남","김해시","차대차","추돌","진행중 추돌","운전자법규위반","안전운전 의무 불이행","단일로","기타단일로","화물차","대형","화물차","소형","1125390","1686956","128.87692213","35.1700666"
"2016","2016-03-31 13:00","02","주간","목","1","1","0","0","0","충남","논산시","차대차","추돌","진행중 추돌","운전자법규위반","안전거리 미확보","단일로","기타단일로","화물차","대형","화물차","중형","968554","1793679","127.15047817","36.13964633"
"2016","2016-02-25 23:00","25","야간","목","1","2","1","0","0","경기","이천시","차대차","추돌","진행중 추돌","운전자법규위반","안전거리 미확보","단일로","기타단일로","화물차","중형","화물차","중형","994139","1915068","127.43392494","37.23444809"
"2016","2016-04-18 11:00","25","주간","월","1","2","1","0","0","충남","당진시","차대차","추돌","진행중 추돌","운전자법규위반","안전운전 의무 불이행","단일로","기타단일로","화물차","소형","화물차","중형","935896","1882140","126.78014985","36.93546226"
"2016","2016-10-13 22:00","10","야간","목","10","19","8","1","0","울산","울주군","차량단독","기타","기타","운전자법규위반","안전운전 의무 불이행","단일로","기타단일로","승합차","대형","","","1147813","1731792","129.13118289","35.57113587"
"2016","2016-10-30 22:00","30","야간","일","1","5","0","0","4","경기","평택시","차대차","기타","기타","운전자법규위반","안전운전 의무 불이행","단일로","기타단일로","화물차","소형","승용차","중형","943948","1887499","126.87016601","36.98428156"
"2016","2016-09-06 17:00","00","주간","화","1","6","3","2","0","전남","함평군","차량단독","공작물충돌","공작물충돌","운전자법규위반","안전운전 의무 불이행","단일로","기타단일로","승합차","소형","","","916766","1675017","126.58713384","35.06680071"
"2016","2016-08-09 10:00","45","주간","화","1","13","7","5","0","충북","충주시","차대차","추돌","진행중 추돌","운전자법규위반","과속","단일로","기타단일로","화물차","중형","승용차","중형","1021445","1893826","127.74833791","37.0419658"
"2016","2016-09-14 02:00","37","야간","수","1","2","0","1","0","인천","부평구","차대사람","기타","기타","운전자법규위반","안전운전 의무 불이행","단일로","기타단일로","승용차","중형","보행자","보행자","930843","1947455","126.72770723","37.5238901"
"2016","2016-07-13 01:00","15","야간","수","1","2","1","0","0","경북","구미시","차대차","추돌","진행중 추돌","운전자법규위반","안전운전 의무 불이행","기타/불명","기타/불명","화물차","대형","화물차","대형","1077563","1789127","128.36143374","36.09454425"